Peptide,-10lgP,Mass,Length,ppm,m/z,RT,1/k0 Range,Area Sample 15,Fraction,Precursor Id,Source File,#Feature,#Feature Sample 15,Accession,PTM,AScore,Found By
DETSLSRDPFPDFFSPV,120.79,1954.8948,17,1.0,978.4557,42.73,1.1412-1.1694,1.6012E4,24,30569,230302  30SPD Sample 6_S1-A6_1_7728.d,1,1,tr|F1RX36|F1RX36_PIG,,,PEAKS DB
EEAPSLRPVAPPISAGGYQPRPA,119.84,2359.2283,23,0.5,787.4171,31.61,0.9243-0.9528,8.0725E4,24,22052,230302  30SPD Sample 6_S1-A6_1_7728.d,8,8,tr|F1RX37|F1RX37_PIG,,,PEAKS DB
EVQDKGEFLAEGGGV,113.38,1533.7311,15,-6.5,767.8678,22.56,1.0314-1.0598,3.0795E6,24,14179,230302  30SPD Sample 6_S1-A6_1_7728.d,17,17,tr|F1RX36|F1RX36_PIG,,,PEAKS DB
APPISAGGYQPRPA,106.25,1380.7150,14,-0.4,691.3645,17.26,0.9357-0.9642,4.4498E5,24,8796,230302  30SPD Sample 6_S1-A6_1_7728.d,16,16,tr|F1RX37|F1RX37_PIG,,,PEAKS DB
TAQDALTSVKESEVAQQA,103.26,1874.9221,18,-0.4,938.4680,19.93,1.1288-1.1570,6.6585E4,24,11384,230302  30SPD Sample 6_S1-A6_1_7728.d,4,4,P27917|APOC3_PIG,,,PEAKS DB
SLRPVAPPISAGGYQPRPA,102.47,1933.0533,19,-2.7,645.3566,30.84,0.8038-0.8326,1.6316E3,24,21392,230302  30SPD Sample 6_S1-A6_1_7728.d,2,2,tr|F1RX37|F1RX37_PIG,,,PEAKS DB
TAQDALTSVKESEV,100.10,1476.7307,14,0.1,739.3727,19.97,1.0041-1.0325,8.4901E3,24,11459,230302  30SPD Sample 6_S1-A6_1_7728.d,3,3,P27917|APOC3_PIG,,,PEAKS DB
DNEEQEYIKTV,99.64,1366.6252,11,0.2,684.3201,20.46,0.9483-0.9768,1.5477E4,24,11810,230302  30SPD Sample 6_S1-A6_1_7728.d,4,4,P19619|ANXA1_PIG,,,PEAKS DB
TDQAQKAEGAGDA,99.04,1260.5582,13,0.2,631.2865,5.18,0.8636-0.8922,1.8628E3,24,489,230302  30SPD Sample 6_S1-A6_1_7728.d,1,1,P80272|HMGN2_PIG,,,PEAKS DB
REEAPSLRPVAPPISAGGYQPRPA,97.89,2515.3293,24,0.4,629.8398,33.01,0.9517-0.9802,4.2051E4,24,22968,230302  30SPD Sample 6_S1-A6_1_7728.d,14,14,tr|F1RX37|F1RX37_PIG,,,PEAKS DB
TKLEDHLEGIINIFHQY,97.29,2069.0581,17,5.4,690.6970,42.63,0.8544-0.8831,4.5012E2,24,30404,230302  30SPD Sample 6_S1-A6_1_7728.d,1,1,P80310|S10AC_PIG,,,PEAKS DB
VQDKGEFLAEGGGV,96.61,1404.6885,14,-0.2,703.3514,22.85,0.9676-0.9961,4.2306E5,24,13456,230302  30SPD Sample 6_S1-A6_1_7728.d,3,3,tr|F1RX36|F1RX36_PIG,,,PEAKS DB
EVQDKGEFLAEGGGVR,96.55,1689.8322,16,-0.2,564.2845,18.05,0.8590-0.8876,4.2013E5,24,9434,230302  30SPD Sample 6_S1-A6_1_7728.d,25,25,tr|F1RX36|F1RX36_PIG,,,PEAKS DB
AEVQDKGEFLAEGGGVR,95.75,1760.8693,17,0.8,587.9642,18.53,0.8693-0.8980,3.773E5,24,9822,230302  30SPD Sample 6_S1-A6_1_7728.d,23,23,tr|F1RX36|F1RX36_PIG,,,PEAKS DB
TQARETPPEWKALLETRQV,94.70,2252.1912,19,-0.7,564.0547,42.31,0.8509-0.8796,4.5733E4,24,29804,230302  30SPD Sample 6_S1-A6_1_7728.d,4,4,tr|F1RX36|F1RX36_PIG,,,PEAKS DB
EDTSLLDKM(+15.99)QDYVKQAT,93.28,1999.9408,17,-1.1,667.6535,20.37,0.8291-0.8578,3.8901E4,24,12288,230302  30SPD Sample 6_S1-A6_1_7728.d,4,4,P27917|APOC3_PIG,Oxidation (M),M9:Oxidation (M):1000.00,PEAKS DB
AQDALTSVKESEVAQQA,92.96,1773.8744,17,-0.4,887.9442,18.63,1.0960-1.1243,5.3333E3,24,10423,230302  30SPD Sample 6_S1-A6_1_7728.d,2,2,P27917|APOC3_PIG,,,PEAKS DB
EDTSLLDKM(+15.99)QDY,92.48,1472.6340,12,-1.7,737.3231,19.27,0.9768-1.0052,1.7992E3,24,11038,230302  30SPD Sample 6_S1-A6_1_7728.d,1,1,P27917|APOC3_PIG,Oxidation (M),M9:Oxidation (M):1000.00,PEAKS DB
FTDFWDYTPKPEPS,91.10,1728.7671,14,-0.6,865.3903,37.50,1.0609-1.0892,9.8835E3,24,26669,230302  30SPD Sample 6_S1-A6_1_7728.d,1,1,P27917|APOC3_PIG,,,PEAKS DB
DKGEFLAEGGGV,89.89,1177.5615,12,-4.8,589.7852,22.71,0.8945-0.9231,0,24,14430,230302  30SPD Sample 6_S1-A6_1_7728.d,0,0,tr|F1RX36|F1RX36_PIG,,,PEAKS DB
M(+15.99)EDEADSEEGLDLK,89.62,1595.6508,14,-0.6,798.8322,17.21,1.0166-1.0450,2.1099E3,24,9210,230302  30SPD Sample 6_S1-A6_1_7728.d,1,1,tr|F1RX36|F1RX36_PIG,Oxidation (M),M1:Oxidation (M):1000.00,PEAKS DB
EEAPSLRPVAPPISA,89.59,1532.8198,15,-1.5,767.4160,26.25,1.0427-1.0711,6.057E4,24,17371,230302  30SPD Sample 6_S1-A6_1_7728.d,3,3,tr|F1RX37|F1RX37_PIG,,,PEAKS DB
DEVGGEALGRLLV,88.97,1326.7142,13,0.8,664.3649,39.52,0.9311-0.9597,8.2711E2,24,27801,230302  30SPD Sample 6_S1-A6_1_7728.d,1,1,P02067|HBB_PIG,,,PEAKS DB
RREEAPSLRPVAPPISAGGYQPRPA,87.73,2671.4307,25,2.8,668.8668,33.72,0.9208-0.9494,2.0002E4,24,24168,230302  30SPD Sample 6_S1-A6_1_7728.d,11,11,tr|F1RX37|F1RX37_PIG,,,PEAKS DB
SYKM(+15.99)EDEADSEEGLDLKGGHVIKRVYT,87.49,3084.4709,27,-9.2,772.1179,42.29,0.9950-1.0234,1.8903E3,24,29818,230302  30SPD Sample 6_S1-A6_1_7728.d,3,3,tr|F1RX36|F1RX36_PIG,Oxidation (M),M4:Oxidation (M):1000.00,PEAKS DB
DDFQNKWQEEM(+15.99)ETY,87.41,1877.7413,14,-0.7,939.8773,23.46,1.1005-1.1288,8.6252E2,24,15065,230302  30SPD Sample 6_S1-A6_1_7728.d,1,1,P18648|APOA1_PIG,Oxidation (M),M11:Oxidation (M):1000.00,PEAKS DB
DETSLSRDPFPDF,87.18,1524.6732,13,-0.9,763.3432,38.27,0.9916-1.0200,1.0917E4,24,26991,230302  30SPD Sample 6_S1-A6_1_7728.d,2,2,tr|F1RX36|F1RX36_PIG,,,PEAKS DB
KM(+15.99)EDEADSEEGLDL,87.06,1595.6508,14,1.0,798.8334,21.33,1.0007-1.0291,1.5206E3,24,13013,230302  30SPD Sample 6_S1-A6_1_7728.d,1,1,tr|F1RX36|F1RX36_PIG,Oxidation (M),M2:Oxidation (M):1000.00,PEAKS DB
AEVQDKGEFLAEGGGV,86.55,1604.7682,16,0.9,803.3921,22.79,1.0552-1.0836,1.0518E5,24,14362,230302  30SPD Sample 6_S1-A6_1_7728.d,11,11,tr|F1RX36|F1RX36_PIG,,,PEAKS DB
GNYDAAQRGPGGAWAA,85.79,1560.7069,16,-4.5,781.3572,18.14,0.9768-1.0052,7.9745E2,24,10101,230302  30SPD Sample 6_S1-A6_1_7728.d,1,1,P0DSO0|SAA2_PIG,,,PEAKS DB
SYKM(+15.99)EDEADSEEGLDLKGGHVIKRVYTRT,85.66,3341.6196,29,-4.1,669.3285,42.42,0.9300-0.9585,4.4758E2,24,30022,230302  30SPD Sample 6_S1-A6_1_7728.d,1,1,tr|F1RX36|F1RX36_PIG,Oxidation (M),M4:Oxidation (M):1000.00,PEAKS DB
DDFQNKWQEEM(+15.99)ET,85.65,1714.6781,13,-2.3,858.3444,18.71,1.0337-1.0620,3.6949E2,24,10620,230302  30SPD Sample 6_S1-A6_1_7728.d,1,1,P18648|APOA1_PIG,Oxidation (M),M11:Oxidation (M):1000.00,PEAKS DB
RPVAPPISAGGYQPRPA,84.63,1732.9373,17,-1.5,578.6522,17.96,0.8487-0.8773,2.7633E2,24,10004,230302  30SPD Sample 6_S1-A6_1_7728.d,1,1,tr|F1RX37|F1RX37_PIG,,,PEAKS DB
DSSGPGDTTPSNPDWGTF,84.25,1836.7438,18,0.3,919.3794,30.95,1.0949-1.1232,1.5839E3,24,21569,230302  30SPD Sample 6_S1-A6_1_7728.d,1,1,tr|F1RX36|F1RX36_PIG,,,PEAKS DB
M(+15.99)EDEADSEEGLDLKGGHVIKRVYTRTRP,84.17,3216.5833,28,-3.1,644.3220,42.45,0.9014-0.9300,2.7645E3,24,30012,230302  30SPD Sample 6_S1-A6_1_7728.d,3,3,tr|F1RX36|F1RX36_PIG,Oxidation (M),M1:Oxidation (M):1000.00,PEAKS DB
GHRPYDKRREEAPSLRPVAPPISAGGYQPRPA,83.93,3524.8501,32,-4.7,588.4796,42.49,0.9174-0.9460,7.605E3,24,30108,230302  30SPD Sample 6_S1-A6_1_7728.d,2,2,tr|F1RX37|F1RX37_PIG,,,PEAKS DB
TLSNAEDYLDDEDSD,83.55,1700.6537,15,-0.4,851.3337,23.96,1.0564-1.0847,4.4361E2,24,15553,230302  30SPD Sample 6_S1-A6_1_7728.d,1,1,Q8MJ49|OSTF1_PIG,,,PEAKS DB
EAPSLRPVAPPISAGGYQPRPA,83.49,2230.1858,22,-0.8,744.4020,24.61,0.8911-0.9197,5.0943E3,24,16048,230302  30SPD Sample 6_S1-A6_1_7728.d,3,3,tr|F1RX37|F1RX37_PIG,,,PEAKS DB
ETIEQEKQAGES,83.20,1347.6154,12,-1.8,674.8137,7.11,0.9619-0.9904,5.9009E3,24,1948,230302  30SPD Sample 6_S1-A6_1_7728.d,1,1,Q95274|TYB4_PIG,,,PEAKS DB
DGPEYSSSSKISSHS,82.45,1566.6798,15,-0.2,523.2338,8.96,0.7935-0.8222,6.7986E3,24,3365,230302  30SPD Sample 6_S1-A6_1_7728.d,2,2,tr|F1RX36|F1RX36_PIG,,,PEAKS DB
DEDPGTPKPV,81.89,1053.4978,10,-0.7,527.7558,11.46,0.8176-0.8464,1.514E4,24,4870,230302  30SPD Sample 6_S1-A6_1_7728.d,2,2,P51524|PF11_PIG:P80054|PR39_PIG,,,PEAKS DB
DALTSVKESEVAQQA,81.65,1574.7787,15,1.9,788.3981,18.96,1.0586-1.0870,3.2229E3,24,10731,230302  30SPD Sample 6_S1-A6_1_7728.d,1,1,P27917|APOC3_PIG,,,PEAKS DB
GFFHPDGPEYSSSSK,80.56,1640.7107,15,0.0,547.9108,18.30,0.7473-0.7762,4.0765E3,24,10244,230302  30SPD Sample 6_S1-A6_1_7728.d,3,3,tr|F1RX36|F1RX36_PIG,,,PEAKS DB
DNEEQEYIKT,80.37,1267.5568,10,1.8,634.7868,14.99,0.9025-0.9311,1.6863E3,24,7344,230302  30SPD Sample 6_S1-A6_1_7728.d,1,1,P19619|ANXA1_PIG,,,PEAKS DB
DLAGFFHPDGPEY,80.15,1463.6357,13,0.0,732.8251,39.31,0.9688-0.9973,8.7742E3,24,27589,230302  30SPD Sample 6_S1-A6_1_7728.d,1,1,tr|F1RX36|F1RX36_PIG,,,PEAKS DB
YDKRREEAPSLRPVAPPISAGGYQPRPA,79.73,3077.6157,28,1.4,616.5313,42.35,0.9345-0.9631,3.3599E2,24,29875,230302  30SPD Sample 6_S1-A6_1_7728.d,1,1,tr|F1RX37|F1RX37_PIG,,,PEAKS DB
AIDYDEDEDGRP,79.52,1393.5634,12,-0.6,697.7885,13.53,0.9505-0.9790,1.0631E4,24,6370,230302  30SPD Sample 6_S1-A6_1_7728.d,2,2,tr|F1RX37|F1RX37_PIG,,,PEAKS DB
DGPEYSSSSKIS,79.41,1255.5568,12,2.6,628.7873,10.87,0.8854-0.9140,1.0185E3,24,4671,230302  30SPD Sample 6_S1-A6_1_7728.d,1,1,tr|F1RX36|F1RX36_PIG,,,PEAKS DB
AIDYDEDEDGRPKVHVDA,79.38,2042.9181,18,-0.1,681.9799,29.71,0.9025-0.9311,1.6743E5,24,20497,230302  30SPD Sample 6_S1-A6_1_7728.d,16,16,tr|F1RX37|F1RX37_PIG,,,PEAKS DB
DKGEFLAEGGGVR,78.35,1333.6626,13,1.4,667.8395,28.19,0.9437-0.9722,6.4353E4,24,19006,230302  30SPD Sample 6_S1-A6_1_7728.d,9,9,tr|F1RX36|F1RX36_PIG,,,PEAKS DB
EDEADSEEGLDLK,78.33,1448.6154,13,-0.3,725.3148,17.29,0.9790-1.0075,1.601E3,24,9230,230302  30SPD Sample 6_S1-A6_1_7728.d,1,1,tr|F1RX36|F1RX36_PIG,,,PEAKS DB
DIAVDGEPLGRVSF,78.01,1473.7463,14,-2.3,737.8788,36.59,0.9790-1.0075,3.2951E3,24,26147,230302  30SPD Sample 6_S1-A6_1_7728.d,1,1,P62936|PPIA_PIG,,,PEAKS DB
IDYDEDEDGRP,77.79,1322.5262,11,-0.7,662.2700,13.28,0.9334-0.9619,9.6516E3,24,6265,230302  30SPD Sample 6_S1-A6_1_7728.d,2,2,tr|F1RX37|F1RX37_PIG,,,PEAKS DB
RTAQDALTSVKESEVAQQA,77.26,2031.0232,19,0.9,678.0156,18.08,0.8464-0.8750,7.484E3,24,9970,230302  30SPD Sample 6_S1-A6_1_7728.d,4,4,P27917|APOC3_PIG,,,PEAKS DB
TTADDFQPFFNEKTF,76.66,1806.8101,15,1.3,904.4135,39.83,1.0926-1.1209,5.6936E3,24,27878,230302  30SPD Sample 6_S1-A6_1_7728.d,1,1,Q19AZ8|THRB_PIG,,,PEAKS DB
DYDEDEDGRPKVHVDA,76.61,1858.7969,16,-1.0,620.6056,29.89,0.8601-0.8888,1.1459E4,24,20682,230302  30SPD Sample 6_S1-A6_1_7728.d,5,5,tr|F1RX37|F1RX37_PIG,,,PEAKS DB
LPPRIPPGFPP,76.45,1186.6862,11,-1.5,594.3495,34.89,0.8613-0.8899,1.5541E4,24,25876,230302  30SPD Sample 6_S1-A6_1_7728.d,1,1,P80054|PR39_PIG,,,PEAKS DB
M(+15.99)EDEADSEEGLDLKGGHVIKRVYT,75.66,2706.2805,24,-1.8,677.5762,40.93,0.9231-0.9517,1.3354E4,24,28686,230302  30SPD Sample 6_S1-A6_1_7728.d,3,3,tr|F1RX36|F1RX36_PIG,Oxidation (M),M1:Oxidation (M):1000.00,PEAKS DB
PLPSKETIEQEKQAGES,75.41,1869.9319,17,-1.0,624.3173,12.86,0.7958-0.8245,1.4823E4,24,5947,230302  30SPD Sample 6_S1-A6_1_7728.d,4,4,Q95274|TYB4_PIG,,,PEAKS DB
GM(+15.99)GQKDSYVGDEAQS,74.87,1586.6519,15,-0.1,794.3331,8.84,1.0030-1.0314,8.9141E2,24,3240,230302  30SPD Sample 6_S1-A6_1_7728.d,1,1,Q6QAQ1|ACTB_PIG,Oxidation (M),M2:Oxidation (M):1000.00,PEAKS DB
AIDYDEDEDGRPKVHVDAR,74.64,2199.0190,19,-0.5,550.7618,32.25,0.8326-0.8613,3.7552E4,24,21938,230302  30SPD Sample 6_S1-A6_1_7728.d,8,8,tr|F1RX37|F1RX37_PIG,,,PEAKS DB
FPPPNFPGPRFPPPNFPGP,74.44,2075.0417,19,-0.9,1038.5272,41.56,1.2122-1.2403,3.0709E5,24,29341,230302  30SPD Sample 6_S1-A6_1_7728.d,8,8,P51524|PF11_PIG,,,PEAKS DB
EGSDAEIGLAPWQV,74.40,1470.6990,14,1.2,736.3577,39.53,0.9813-1.0098,5.284E2,24,27795,230302  30SPD Sample 6_S1-A6_1_7728.d,1,1,Q19AZ8|THRB_PIG,,,PEAKS DB
DYENQQKQLDQV,74.35,1506.6951,12,0.1,754.3549,15.67,0.9904-1.0189,7.1127E2,24,7988,230302  30SPD Sample 6_S1-A6_1_7728.d,1,1,tr|F1RX36|F1RX36_PIG,,,PEAKS DB
GNYDAAQRGPGGAWAAKVISDA,74.32,2174.0503,22,-1.5,725.6896,34.06,0.8934-0.9220,1.6472E2,24,24547,230302  30SPD Sample 6_S1-A6_1_7728.d,1,1,P0DSO0|SAA2_PIG,,,PEAKS DB
QDALTSVKESEVAQQA,74.00,1702.8373,16,0.6,852.4264,18.40,1.0836-1.1118,1.4501E3,24,10274,230302  30SPD Sample 6_S1-A6_1_7728.d,1,1,P27917|APOC3_PIG,,,PEAKS DB
NLKPVVAEFYGQKDNPQTHYYAV,73.44,2680.3284,23,-1.0,671.0887,42.26,0.9128-0.9414,1.0171E4,24,29675,230302  30SPD Sample 6_S1-A6_1_7728.d,3,3,P09571|TRFE_PIG,,,PEAKS DB
GRTTGIVM(+15.99)DSGDGV,73.27,1379.6351,14,2.5,690.8265,14.85,0.9380-0.9665,4.3122E2,24,7313,230302  30SPD Sample 6_S1-A6_1_7728.d,1,1,Q6QAQ1|ACTB_PIG,Oxidation (M),M8:Oxidation (M):1000.00,PEAKS DB
TPPEWKALLETRQV,73.10,1666.9042,14,-4.0,834.4561,36.93,1.0904-1.1186,1.0016E4,24,26360,230302  30SPD Sample 6_S1-A6_1_7728.d,7,7,tr|F1RX36|F1RX36_PIG,,,PEAKS DB
ANQDEQVSFKEFVVL,72.73,1751.8729,15,-0.6,876.9432,41.69,1.0994-1.1277,1.3561E2,24,29204,230302  30SPD Sample 6_S1-A6_1_7728.d,1,1,P80310|S10AC_PIG,,,PEAKS DB
IM(+15.99)GGSLDAKGSFPWQAK,72.51,1807.8927,17,-1.0,904.9528,33.16,1.1525-1.1807,1.318E5,24,23321,230302  30SPD Sample 6_S1-A6_1_7728.d,11,11,Q8SPS7|HPT_PIG,Oxidation (M),M2:Oxidation (M):1000.00,PEAKS DB
LPPRIPPGFPPR,72.43,1342.7874,12,0.1,448.6031,33.65,0.7831-0.8119,1.0636E4,24,23783,230302  30SPD Sample 6_S1-A6_1_7728.d,4,4,P80054|PR39_PIG,,,PEAKS DB
RVTSILDWIQTTIADN,72.13,1844.9633,16,-2.5,923.4866,42.81,1.1378-1.1660,0,24,30783,230302  30SPD Sample 6_S1-A6_1_7728.d,0,0,Q8SPS7|HPT_PIG,,,PEAKS DB
TQARETPPEWKALLETRQVK,71.84,2380.2861,20,-2.3,596.0775,42.37,0.8441-0.8727,5.265E3,24,29890,230302  30SPD Sample 6_S1-A6_1_7728.d,4,4,tr|F1RX36|F1RX36_PIG,,,PEAKS DB
QDKGEFLAEGGGV,70.76,1305.6200,13,3.2,653.8193,21.19,0.9380-0.9665,4.8352E3,24,13042,230302  30SPD Sample 6_S1-A6_1_7728.d,1,1,tr|F1RX36|F1RX36_PIG,,,PEAKS DB
NYDAAQRGPGGA,70.47,1175.5319,12,-0.2,588.7731,8.23,0.8452-0.8739,2.4188E2,24,2782,230302  30SPD Sample 6_S1-A6_1_7728.d,1,1,P0DSO0|SAA2_PIG,,,PEAKS DB
YKM(+15.99)EDEADSEEGLD,70.37,1645.6301,14,-2.4,823.8204,11.76,1.0280-1.0564,7.5253E2,24,5228,230302  30SPD Sample 6_S1-A6_1_7728.d,1,1,tr|F1RX36|F1RX36_PIG,Oxidation (M),M3:Oxidation (M):1000.00,PEAKS DB
GDDAPRAVFPSIVGRPRHQGV,69.94,2230.1719,21,1.8,558.5513,42.36,0.8153-0.8441,0,24,29940,230302  30SPD Sample 6_S1-A6_1_7728.d,0,0,Q6QAQ1|ACTB_PIG,,,PEAKS DB
EGGAVESKSY,69.84,1025.4666,10,0.1,513.7406,8.08,0.8027-0.8314,1.4455E4,24,2462,230302  30SPD Sample 6_S1-A6_1_7728.d,1,1,tr|F1RX36|F1RX36_PIG,,,PEAKS DB
ADEDPGTPKPV,69.46,1124.5349,11,0.0,563.2747,10.98,0.8383-0.8670,1.1802E3,24,4709,230302  30SPD Sample 6_S1-A6_1_7728.d,1,1,P51524|PF11_PIG:P80054|PR39_PIG,,,PEAKS DB
EEHPVLLTEAPLNPK,69.35,1685.8988,15,2.4,843.9587,32.79,1.1073-1.1356,8.3965E2,24,23302,230302  30SPD Sample 6_S1-A6_1_7728.d,1,1,Q6QAQ1|ACTB_PIG,,,PEAKS DB
FDGKTHPGGP,69.05,1011.4774,10,0.0,506.7460,7.11,0.8188-0.8475,2.7251E3,24,1889,230302  30SPD Sample 6_S1-A6_1_7728.d,2,2,tr|F1RX36|F1RX36_PIG,,,PEAKS DB
ELDQPPKADEDPGTPKPV,68.96,1931.9475,18,0.0,644.9898,15.04,0.7739-0.8027,7.4617E4,24,7409,230302  30SPD Sample 6_S1-A6_1_7728.d,36,36,P51524|PF11_PIG:P80054|PR39_PIG,,,PEAKS DB
APPISAGGYQPRP,68.81,1309.6779,13,-2.2,655.8448,17.55,0.9265-0.9551,1.2193E4,24,9372,230302  30SPD Sample 6_S1-A6_1_7728.d,2,2,tr|F1RX37|F1RX37_PIG,,,PEAKS DB
EDEADSEEGLDLKGGHV,68.43,1798.7856,17,-0.5,600.6022,18.01,0.8865-0.9151,3.2897E2,24,9997,230302  30SPD Sample 6_S1-A6_1_7728.d,1,1,tr|F1RX36|F1RX36_PIG,,,PEAKS DB
VQDKGEFLAEGGGVR,68.35,1560.7896,15,0.3,521.2706,16.51,0.8130-0.8418,7.2152E4,24,8618,230302  30SPD Sample 6_S1-A6_1_7728.d,13,13,tr|F1RX36|F1RX36_PIG,,,PEAKS DB
PGPRFPPPNFPGPR,68.08,1531.8047,14,-1.2,511.6082,32.33,0.8153-0.8441,1.6614E4,24,23638,230302  30SPD Sample 6_S1-A6_1_7728.d,4,4,P51524|PF11_PIG,,,PEAKS DB
GDTTPSNPDWGTFKEV,67.43,1749.7845,16,-0.9,875.8987,31.31,1.0620-1.0904,1.2703E4,24,21904,230302  30SPD Sample 6_S1-A6_1_7728.d,3,3,tr|F1RX36|F1RX36_PIG,,,PEAKS DB
DAAQRGPGGAWAA,67.25,1226.5792,13,0.7,614.2973,16.52,0.8991-0.9277,1.969E4,24,8556,230302  30SPD Sample 6_S1-A6_1_7728.d,3,3,P0DSO0|SAA2_PIG,,,PEAKS DB
TAQDALTSVKESEVAQ,66.79,1675.8264,16,-1.7,838.9191,18.16,1.0677-1.0960,2.3163E2,24,10137,230302  30SPD Sample 6_S1-A6_1_7728.d,1,1,P27917|APOC3_PIG,,,PEAKS DB
DYDEDEDGRP,66.73,1209.4421,10,-0.4,605.7281,9.11,0.8670-0.8957,1.6456E4,24,3348,230302  30SPD Sample 6_S1-A6_1_7728.d,2,2,tr|F1RX37|F1RX37_PIG,,,PEAKS DB
YDEDEDGRP,66.71,1094.4152,9,1.5,548.2157,8.48,0.8165-0.8452,1.2944E4,24,2954,230302  30SPD Sample 6_S1-A6_1_7728.d,4,4,tr|F1RX37|F1RX37_PIG,,,PEAKS DB
EEAPSLRPVAPPISAGGYQPRP,66.49,2288.1912,22,-0.6,763.7372,31.72,0.9220-0.9505,6.2333E2,24,22250,230302  30SPD Sample 6_S1-A6_1_7728.d,1,1,tr|F1RX37|F1RX37_PIG,,,PEAKS DB
GSDLAGFFHPDGPEYS,66.29,1694.7212,16,1.9,848.3694,36.12,1.0359-1.0643,2.4432E3,24,25813,230302  30SPD Sample 6_S1-A6_1_7728.d,1,1,tr|F1RX36|F1RX36_PIG,,,PEAKS DB
DGPEYSSSSKISS,66.26,1342.5889,13,-3.5,672.2994,11.73,0.9140-0.9425,1.0309E4,24,5111,230302  30SPD Sample 6_S1-A6_1_7728.d,2,2,tr|F1RX36|F1RX36_PIG,,,PEAKS DB
GSDLAGFFHPDGPEYSSSS,66.16,1955.8173,19,1.1,978.9170,31.23,1.1570-1.1852,5.2314E3,24,21837,230302  30SPD Sample 6_S1-A6_1_7728.d,2,2,tr|F1RX36|F1RX36_PIG,,,PEAKS DB
TAQDALTSVKESEVAQQ,65.88,1803.8850,17,-0.2,902.9496,17.96,1.0983-1.1265,5.1682E2,24,9948,230302  30SPD Sample 6_S1-A6_1_7728.d,1,1,P27917|APOC3_PIG,,,PEAKS DB
EDTSLLDKM(+15.99)QDYVKQA,65.21,1898.8931,16,0.0,633.9716,19.53,0.8084-0.8372,4.5594E3,24,11144,230302  30SPD Sample 6_S1-A6_1_7728.d,2,2,P27917|APOC3_PIG,Oxidation (M),M9:Oxidation (M):1000.00,PEAKS DB
DSYVGDEAQSK,65.19,1197.5149,11,0.5,599.7650,8.74,0.8739-0.9025,1.3639E3,24,3190,230302  30SPD Sample 6_S1-A6_1_7728.d,1,1,Q6QAQ1|ACTB_PIG,,,PEAKS DB
M(+15.99)GGSLDAKGSFPWQAK,65.17,1694.8086,16,-2.8,848.4092,32.32,1.1232-1.1514,4.6996E3,24,22747,230302  30SPD Sample 6_S1-A6_1_7728.d,2,2,Q8SPS7|HPT_PIG,Oxidation (M),M1:Oxidation (M):1000.00,PEAKS DB
SDLAGFFHPDGPEY,65.09,1550.6677,14,-1.7,776.3398,37.67,1.0109-1.0393,5.6444E3,24,26676,230302  30SPD Sample 6_S1-A6_1_7728.d,1,1,tr|F1RX36|F1RX36_PIG,,,PEAKS DB
GSDLAGFFHPDGPEYSSSSKISS,64.82,2371.0603,23,-1.4,791.3596,35.01,0.9265-0.9551,8.2308E2,24,25183,230302  30SPD Sample 6_S1-A6_1_7728.d,1,1,tr|F1RX36|F1RX36_PIG,,,PEAKS DB
EDEADSEEGLD,64.57,1207.4364,11,-0.1,604.7254,11.91,0.8750-0.9037,6.3718E3,24,5338,230302  30SPD Sample 6_S1-A6_1_7728.d,1,1,tr|F1RX36|F1RX36_PIG,,,PEAKS DB
NEEQEYIKTV,64.19,1251.5983,10,2.1,626.8077,17.97,0.9025-0.9311,1.9011E3,24,9894,230302  30SPD Sample 6_S1-A6_1_7728.d,1,1,P19619|ANXA1_PIG,,,PEAKS DB
TQARETPPEWKALLET,64.00,1868.9631,16,2.6,623.9966,36.55,0.8096-0.8383,1.0501E4,24,26087,230302  30SPD Sample 6_S1-A6_1_7728.d,4,4,tr|F1RX36|F1RX36_PIG,,,PEAKS DB
EDTSLLDKMQDYVKQAT,63.89,1983.9459,17,1.7,662.3237,39.30,0.8452-0.8739,1.6691E3,24,27671,230302  30SPD Sample 6_S1-A6_1_7728.d,2,2,P27917|APOC3_PIG,,,PEAKS DB
TDFWDYTPKPEPS,63.76,1581.6987,13,2.1,791.8583,33.38,1.0371-1.0654,3.0316E3,24,23817,230302  30SPD Sample 6_S1-A6_1_7728.d,3,3,P27917|APOC3_PIG,,,PEAKS DB
DFWDYTPKPEPS,63.76,1480.6510,12,-1.8,741.3314,33.52,1.0030-1.0314,7.193E3,24,23928,230302  30SPD Sample 6_S1-A6_1_7728.d,4,4,P27917|APOC3_PIG,,,PEAKS DB
VGGQAGAHGAEALE,63.55,1265.6000,14,-2.1,633.8059,11.58,0.9037-0.9323,9.7538E2,24,5122,230302  30SPD Sample 6_S1-A6_1_7728.d,1,1,P01965|HBA_PIG,,,PEAKS DB
HRDETSLSRDPFPDFFSPV,63.26,2248.0549,19,3.2,750.3613,42.60,0.8922-0.9208,2.5689E4,24,30349,230302  30SPD Sample 6_S1-A6_1_7728.d,3,3,tr|F1RX36|F1RX36_PIG,,,PEAKS DB
VHLSAEEKEAVLGLWGK,63.24,1865.0046,17,4.0,933.5134,42.45,1.1998-1.2279,1.57E3,24,30052,230302  30SPD Sample 6_S1-A6_1_7728.d,2,2,P02067|HBB_PIG,,,PEAKS DB
EVSGSVSPGTKSEV,63.10,1361.6674,14,-0.4,681.8407,11.60,0.9174-0.9460,2.2926E3,24,5116,230302  30SPD Sample 6_S1-A6_1_7728.d,1,1,tr|F1RX36|F1RX36_PIG,,,PEAKS DB
TDVLITAHDNIHKE,62.99,1604.8158,14,-0.9,803.4144,30.85,1.0937-1.1220,5.8058E4,24,21331,230302  30SPD Sample 6_S1-A6_1_7728.d,8,8,P80310|S10AC_PIG,,,PEAKS DB
DEDEDGRPKVHVDA,62.96,1580.7067,14,-2.1,527.9084,10.28,0.7589-0.7877,1.1899E4,24,4242,230302  30SPD Sample 6_S1-A6_1_7728.d,7,7,tr|F1RX37|F1RX37_PIG,,,PEAKS DB
GGPGSDLAGFFHPDGPEY,62.87,1818.7849,18,1.3,910.4009,39.21,1.0881-1.1164,4.9137E2,24,27598,230302  30SPD Sample 6_S1-A6_1_7728.d,1,1,tr|F1RX36|F1RX36_PIG,,,PEAKS DB
TINREGGAVESKSY,62.73,1509.7423,14,-1.5,504.2540,9.35,0.7300-0.7589,5.7505E3,24,3607,230302  30SPD Sample 6_S1-A6_1_7728.d,3,3,tr|F1RX36|F1RX36_PIG,,,PEAKS DB
DGPEYSSSSK,62.67,1055.4407,10,-1.4,528.7269,5.95,0.7669-0.7958,7.3231E3,24,995,230302  30SPD Sample 6_S1-A6_1_7728.d,1,1,tr|F1RX36|F1RX36_PIG,,,PEAKS DB
SGGSTVNVSPPLET,62.61,1343.6569,14,-1.1,672.8350,23.02,0.9174-0.9460,2.5129E3,24,14622,230302  30SPD Sample 6_S1-A6_1_7728.d,1,1,Q19AZ8|THRB_PIG,,,PEAKS DB
FPPPNFPGPRFPPP,62.43,1562.8033,14,-0.7,782.4084,37.90,1.0280-1.0564,7.7579E4,24,26989,230302  30SPD Sample 6_S1-A6_1_7728.d,1,1,P51524|PF11_PIG,,,PEAKS DB
VGM(+15.99)GQKDSYVGDEA,62.32,1470.6296,14,3.1,736.3244,10.92,0.9654-0.9939,4.9422E2,24,4707,230302  30SPD Sample 6_S1-A6_1_7728.d,1,1,Q6QAQ1|ACTB_PIG,Oxidation (M),M3:Oxidation (M):1000.00,PEAKS DB
FPPPPPFRPPPF,62.06,1391.7389,12,-1.0,696.8760,40.96,0.9311-0.9597,7.423E3,24,28515,230302  30SPD Sample 6_S1-A6_1_7728.d,1,1,P51524|PF11_PIG,,,PEAKS DB
M(+15.99)EDEADSEEGLD,61.57,1354.4718,12,0.6,678.2436,12.27,0.9185-0.9471,7.6347E3,24,5582,230302  30SPD Sample 6_S1-A6_1_7728.d,1,1,tr|F1RX36|F1RX36_PIG,Oxidation (M),M1:Oxidation (M):1000.00,PEAKS DB
M(+15.99)EDEADSEEGLDLKGGHVI,61.56,2058.9050,19,0.6,687.3094,31.22,0.9654-0.9939,2.5971E3,24,21678,230302  30SPD Sample 6_S1-A6_1_7728.d,2,2,tr|F1RX36|F1RX36_PIG,Oxidation (M),M1:Oxidation (M):1000.00,PEAKS DB
TIEQEKQAGES,61.46,1218.5728,11,-3.9,610.2913,5.83,0.8636-0.8922,2.0129E3,24,927,230302  30SPD Sample 6_S1-A6_1_7728.d,1,1,Q95274|TYB4_PIG,,,PEAKS DB
SYKM(+15.99)EDEADSEEGLD,61.39,1732.6621,15,-0.6,867.3378,12.32,1.0405-1.0688,9.5357E3,24,5408,230302  30SPD Sample 6_S1-A6_1_7728.d,1,1,tr|F1RX36|F1RX36_PIG,Oxidation (M),M4:Oxidation (M):1000.00,PEAKS DB
LPPRLGPPGPLQPT,61.20,1438.8296,14,-0.3,720.4219,26.11,0.9859-1.0143,5.1349E3,24,17110,230302  30SPD Sample 6_S1-A6_1_7728.d,2,2,P79263|ITIH4_PIG,,,PEAKS DB
GM(+15.99)GQKDSYVGDEAQSK,61.17,1714.7468,16,-2.1,572.5884,7.14,0.7635-0.7923,4.7383E2,24,1995,230302  30SPD Sample 6_S1-A6_1_7728.d,1,1,Q6QAQ1|ACTB_PIG,Oxidation (M),M2:Oxidation (M):1000.00,PEAKS DB
LLELDQPPKADEDPGTPKPV,61.04,2158.1157,20,-0.6,720.3788,23.79,0.8773-0.9060,8.9615E3,24,15345,230302  30SPD Sample 6_S1-A6_1_7728.d,2,2,P51524|PF11_PIG:P80054|PR39_PIG,,,PEAKS DB
DQAQKAEGAGDA,61.03,1159.5105,12,3.1,580.7643,4.87,0.8268-0.8555,3.4124E2,24,340,230302  30SPD Sample 6_S1-A6_1_7728.d,1,1,P80272|HMGN2_PIG,,,PEAKS DB
EAGLAPYNLKPVVAEF,60.91,1716.9086,16,1.8,859.4631,40.35,1.0971-1.1254,3.9739E3,24,28213,230302  30SPD Sample 6_S1-A6_1_7728.d,1,1,P09571|TRFE_PIG,,,PEAKS DB
FPPPNFPGPPFPPPIFPGP,60.87,2015.0344,19,1.0,1008.5255,42.82,1.1705-1.1987,1.6427E3,24,30756,230302  30SPD Sample 6_S1-A6_1_7728.d,1,1,P51524|PF11_PIG,,,PEAKS DB
EFDGKTHPGGP,60.74,1140.5199,11,-0.1,571.2672,23.95,0.8647-0.8934,4.6247E4,24,17422,230302  30SPD Sample 6_S1-A6_1_7728.d,18,18,tr|F1RX36|F1RX36_PIG,,,PEAKS DB
GSDLAGFFHPDGPEY,60.22,1607.6892,15,-1.8,804.8504,37.55,1.0371-1.0654,3.7052E3,24,26755,230302  30SPD Sample 6_S1-A6_1_7728.d,1,1,tr|F1RX36|F1RX36_PIG,,,PEAKS DB
DETSLSRDPFP,60.07,1262.5779,11,-0.3,632.2960,30.27,0.9117-0.9403,4.6833E4,24,21165,230302  30SPD Sample 6_S1-A6_1_7728.d,5,5,tr|F1RX36|F1RX36_PIG,,,PEAKS DB
M(+15.99)EDEADSEEGLDLKGGHV,59.80,1945.8210,18,15.4,649.6243,28.45,0.9243-0.9528,5.2153E2,24,19259,230302  30SPD Sample 6_S1-A6_1_7728.d,1,1,tr|F1RX36|F1RX36_PIG,Oxidation (M),M1:Oxidation (M):1000.00,PEAKS DB
DKRREEAPSLRPVAPPISAGGYQPRPA,59.76,2914.5525,27,1.7,583.9188,33.77,0.9197-0.9483,1.6918E3,24,24213,230302  30SPD Sample 6_S1-A6_1_7728.d,1,1,tr|F1RX37|F1RX37_PIG,,,PEAKS DB
IDYDEDEDGRPK,59.68,1450.6211,12,0.2,484.5477,9.26,0.7623-0.7911,4.5421E2,24,3592,230302  30SPD Sample 6_S1-A6_1_7728.d,1,1,tr|F1RX37|F1RX37_PIG,,,PEAKS DB
KGEFLAEGGGV,59.56,1062.5345,11,-0.7,532.2742,28.12,0.8418-0.8705,1.0677E5,24,17161,230302  30SPD Sample 6_S1-A6_1_7728.d,3,3,tr|F1RX36|F1RX36_PIG,,,PEAKS DB
NYDAAQRGPGGAWAA,59.40,1503.6854,15,-4.2,752.8468,18.23,0.9722-1.0007,5.3178E2,24,10161,230302  30SPD Sample 6_S1-A6_1_7728.d,1,1,P0DSO0|SAA2_PIG,,,PEAKS DB
SGPGDTTPSNPDWGTF,59.25,1634.6848,16,-3.0,818.3472,30.23,1.0257-1.0541,4.7158E2,24,20940,230302  30SPD Sample 6_S1-A6_1_7728.d,1,1,tr|F1RX36|F1RX36_PIG,,,PEAKS DB
TITKTINREGGAVES,59.17,1574.8264,15,0.6,788.4210,10.96,1.0337-1.0620,3.3354E3,24,4746,230302  30SPD Sample 6_S1-A6_1_7728.d,2,2,tr|F1RX36|F1RX36_PIG,,,PEAKS DB
EEAPSLRPV,58.79,996.5240,9,-6.9,499.2658,17.32,0.8211-0.8498,0,24,9438,230302  30SPD Sample 6_S1-A6_1_7728.d,0,0,tr|F1RX37|F1RX37_PIG,,,PEAKS DB
TGTWDSGHPDPG,58.77,1225.5000,12,3.3,613.7593,12.48,0.8659-0.8945,4.4998E2,24,5748,230302  30SPD Sample 6_S1-A6_1_7728.d,1,1,tr|F1RX36|F1RX36_PIG,,,PEAKS DB
EEAPSLRPVAPPIS,58.76,1461.7827,14,0.8,731.8992,25.07,0.9790-1.0075,1.8523E3,24,16399,230302  30SPD Sample 6_S1-A6_1_7728.d,1,1,tr|F1RX37|F1RX37_PIG,,,PEAKS DB
DTTPSNPDWGT,58.63,1189.4888,11,0.8,595.7521,18.11,0.8291-0.8578,1.388E3,24,10053,230302  30SPD Sample 6_S1-A6_1_7728.d,1,1,tr|F1RX36|F1RX36_PIG,,,PEAKS DB
KM(+15.99)EDEADSEEGLD,58.55,1482.5668,13,-2.3,742.2889,9.88,0.9699-0.9984,2.1619E3,24,3978,230302  30SPD Sample 6_S1-A6_1_7728.d,1,1,tr|F1RX36|F1RX36_PIG,Oxidation (M),M2:Oxidation (M):1000.00,PEAKS DB
HRPYDKRREEAPSLRPVAPPISAGGYQPRPA,58.48,3467.8286,31,-0.7,694.5725,42.50,0.9562-0.9847,3.8151E2,24,30154,230302  30SPD Sample 6_S1-A6_1_7728.d,1,1,tr|F1RX37|F1RX37_PIG,,,PEAKS DB
HRDETSLSRDP,58.39,1311.6167,11,1.7,438.2136,6.93,0.7230-0.7519,0,24,1825,230302  30SPD Sample 6_S1-A6_1_7728.d,0,0,tr|F1RX36|F1RX36_PIG,,,PEAKS DB
TETQEKNPLPSKETIEQEKQAGES,58.12,2700.3088,24,1.8,676.0857,13.19,0.9094-0.9380,1.1547E4,24,6142,230302  30SPD Sample 6_S1-A6_1_7728.d,4,4,Q95274|TYB4_PIG,,,PEAKS DB
NREGGAVESKSY,58.10,1295.6106,12,1.8,432.8783,6.67,0.6767-0.7057,4.9308E3,24,1574,230302  30SPD Sample 6_S1-A6_1_7728.d,2,2,tr|F1RX36|F1RX36_PIG,,,PEAKS DB
M(+15.99)EDEADSEEGLDLKGGH,58.05,1846.7527,17,-3.1,616.5896,13.97,0.8854-0.9140,1.1029E2,24,6757,230302  30SPD Sample 6_S1-A6_1_7728.d,1,1,tr|F1RX36|F1RX36_PIG,Oxidation (M),M1:Oxidation (M):1000.00,PEAKS DB
HLEGIINIFHQY,57.84,1482.7620,12,-0.3,742.3881,42.60,1.0200-1.0484,0,24,30380,230302  30SPD Sample 6_S1-A6_1_7728.d,0,0,P80310|S10AC_PIG,,,PEAKS DB
RVDPVNFKLLSH,57.61,1423.7936,12,0.7,475.6055,34.66,0.7796-0.8084,8.1443E2,24,24896,230302  30SPD Sample 6_S1-A6_1_7728.d,1,1,P01965|HBA_PIG,,,PEAKS DB
RREEAPSLRPVAPPISAGGYQPRPAKV,57.59,2898.5940,27,2.4,580.7275,42.41,0.9288-0.9574,3.9975E2,24,29995,230302  30SPD Sample 6_S1-A6_1_7728.d,1,1,tr|F1RX37|F1RX37_PIG,,,PEAKS DB
SISSSTSAPSDNQ,57.39,1279.5527,13,-0.8,640.7831,8.50,0.9025-0.9311,3.85E3,24,2975,230302  30SPD Sample 6_S1-A6_1_7728.d,1,1,P18650|APOE_PIG,,,PEAKS DB
EDEADSEEGLDLKGGHVI,57.37,1911.8698,18,-3.6,638.2949,31.19,0.9277-0.9562,6.102E2,24,21811,230302  30SPD Sample 6_S1-A6_1_7728.d,1,1,tr|F1RX36|F1RX36_PIG,,,PEAKS DB
YDEDEDGRPK,57.16,1222.5101,10,-0.7,612.2619,5.22,0.8819-0.9105,1.7063E2,24,564,230302  30SPD Sample 6_S1-A6_1_7728.d,1,1,tr|F1RX37|F1RX37_PIG,,,PEAKS DB
APPISAGGYQP,57.05,1056.5239,11,-0.1,529.2692,19.96,0.8165-0.8452,2.4401E4,24,11834,230302  30SPD Sample 6_S1-A6_1_7728.d,1,1,tr|F1RX37|F1RX37_PIG,,,PEAKS DB
TPPEWKALLET,56.95,1283.6761,11,-0.8,642.8448,37.50,0.9140-0.9425,9.9534E3,24,26640,230302  30SPD Sample 6_S1-A6_1_7728.d,2,2,tr|F1RX36|F1RX36_PIG,,,PEAKS DB
SGSVSPGTKSEVHTSK,56.63,1586.7900,16,-1.6,529.9365,5.32,0.8061-0.8349,1.048E3,24,609,230302  30SPD Sample 6_S1-A6_1_7728.d,1,1,tr|F1RX36|F1RX36_PIG,,,PEAKS DB
TADDFQPFFNEKTF,56.50,1705.7623,14,0.1,853.8885,39.53,1.0700-1.0983,4.0948E2,24,27816,230302  30SPD Sample 6_S1-A6_1_7728.d,1,1,Q19AZ8|THRB_PIG,,,PEAKS DB
VLSAADKANVK,56.39,1114.6345,11,-1.0,558.3240,8.57,0.8796-0.9083,1.9342E3,24,3062,230302  30SPD Sample 6_S1-A6_1_7728.d,2,2,P01965|HBA_PIG,,,PEAKS DB
LPPRIPPGFPPRFPP,56.38,1683.9612,15,0.6,562.3280,42.46,0.7911-0.8199,2.5077E2,24,30244,230302  30SPD Sample 6_S1-A6_1_7728.d,1,1,P80054|PR39_PIG,,,PEAKS DB
SKETIEQEKQAGES,56.30,1562.7423,14,7.2,521.9251,5.93,0.7126-0.7415,3.9445E2,24,1022,230302  30SPD Sample 6_S1-A6_1_7728.d,1,1,Q95274|TYB4_PIG,,,PEAKS DB
SILAAIDEASKKLNAQ,56.14,1670.9203,16,-0.5,836.4670,39.64,1.1356-1.1638,7.4877E2,24,27908,230302  30SPD Sample 6_S1-A6_1_7728.d,4,4,P18648|APOA1_PIG,,,PEAKS DB
VPPGIPPVH,56.03,911.5228,9,0.0,456.7687,19.40,0.7854-0.8142,8.5382E3,24,11308,230302  30SPD Sample 6_S1-A6_1_7728.d,6,6,P29700|FETUA_PIG,,,PEAKS DB
DEADSEEGLDLK,55.89,1319.5728,12,4.1,660.7963,17.52,0.9220-0.9505,6.3302E2,24,9594,230302  30SPD Sample 6_S1-A6_1_7728.d,1,1,tr|F1RX36|F1RX36_PIG,,,PEAKS DB
DRLNEQSSEA,55.79,1147.5105,10,-1.3,574.7618,7.12,0.8441-0.8727,1.8021E4,24,1764,230302  30SPD Sample 6_S1-A6_1_7728.d,1,1,P51524|PF11_PIG:P80054|PR39_PIG,,,PEAKS DB
TRTAQDALTSVKESEVAQQA,55.59,2132.0708,20,-5.5,711.6937,28.00,0.8796-0.9083,3.3769E3,24,18892,230302  30SPD Sample 6_S1-A6_1_7728.d,3,3,P27917|APOC3_PIG,,,PEAKS DB
M(+15.99)EDEADSEEGLDLKGGHVIK,55.46,2187.0000,20,-2.1,547.7561,17.28,0.8291-0.8578,8.6647E2,24,9397,230302  30SPD Sample 6_S1-A6_1_7728.d,2,2,tr|F1RX36|F1RX36_PIG,Oxidation (M),M1:Oxidation (M):1000.00,PEAKS DB
DEDPGTPK,55.42,857.3766,8,10.1,429.6999,5.19,0.7358-0.7646,0,24,551,230302  30SPD Sample 6_S1-A6_1_7728.d,0,0,P51524|PF11_PIG:P80054|PR39_PIG,,,PEAKS DB
SGSVSPGTKSEVHTS,55.20,1458.6951,15,1.1,730.3556,6.44,0.9711-0.9995,9.8248E3,24,1417,230302  30SPD Sample 6_S1-A6_1_7728.d,2,2,tr|F1RX36|F1RX36_PIG,,,PEAKS DB
SGSGSLRPDSSGP,55.18,1202.5527,13,-1.4,602.2828,9.86,0.8590-0.8876,1.4689E3,24,3965,230302  30SPD Sample 6_S1-A6_1_7728.d,1,1,tr|F1RX36|F1RX36_PIG,,,PEAKS DB
SAKPAPPKPEPKPK,55.09,1470.8557,14,-5.2,368.7193,5.48,0.7265-0.7554,0,24,737,230302  30SPD Sample 6_S1-A6_1_7728.d,0,0,P80272|HMGN2_PIG,,,PEAKS DB
GEFLAEGGGV,55.04,934.4396,10,-0.6,935.4463,28.86,1.1829-1.2111,0,24,19661,230302  30SPD Sample 6_S1-A6_1_7728.d,0,0,tr|F1RX36|F1RX36_PIG,,,PEAKS DB
SLSRDPFPDFFSPV,55.01,1609.7776,14,-0.4,805.8958,42.69,1.0416-1.0700,4.9442E3,24,30530,230302  30SPD Sample 6_S1-A6_1_7728.d,1,1,tr|F1RX36|F1RX36_PIG,,,PEAKS DB
FPPPNVPGPRFPPPNFPGP,54.89,2027.0416,19,-1.7,1014.5264,38.76,1.1751-1.2032,5.5278E4,24,27563,230302  30SPD Sample 6_S1-A6_1_7728.d,6,6,P51524|PF11_PIG,,,PEAKS DB
STTALVSSPKEGAL,54.89,1359.7245,14,-0.7,680.8690,21.00,0.9756-1.0041,9.3112E3,24,12341,230302  30SPD Sample 6_S1-A6_1_7728.d,2,2,P50390|TTHY_PIG,,,PEAKS DB
PPISAGGYQPRPA,54.61,1309.6779,13,0.0,655.8462,15.57,0.9197-0.9483,1.5288E4,24,7837,230302  30SPD Sample 6_S1-A6_1_7728.d,4,4,tr|F1RX37|F1RX37_PIG,,,PEAKS DB
HM(+15.99)LPGKGSLDEFFHRHRDET,54.60,2424.1392,20,0.4,607.0423,42.52,0.8475-0.8762,8.1684E2,24,30184,230302  30SPD Sample 6_S1-A6_1_7728.d,1,1,tr|F1RX36|F1RX36_PIG,Oxidation (M),M2:Oxidation (M):1000.00,PEAKS DB
DYTPKPEPSSS,54.56,1206.5404,11,0.1,604.2775,9.73,0.8659-0.8945,8.5392E2,24,3919,230302  30SPD Sample 6_S1-A6_1_7728.d,1,1,P27917|APOC3_PIG,,,PEAKS DB
FPPPNFPGPRFPPPNFP,54.38,1920.9674,17,-4.0,961.4872,42.11,1.1593-1.1874,1.2346E4,24,29616,230302  30SPD Sample 6_S1-A6_1_7728.d,2,2,P51524|PF11_PIG,,,PEAKS DB
GGPGSDLAGFFHPDGPEYS,54.27,1905.8169,19,-4.4,953.9115,37.94,1.1096-1.1378,3.1801E2,24,26947,230302  30SPD Sample 6_S1-A6_1_7728.d,1,1,tr|F1RX36|F1RX36_PIG,,,PEAKS DB
DIAVDGEPLGRV,54.21,1239.6459,12,1.2,620.8309,26.76,0.9002-0.9288,8.6789E3,24,17587,230302  30SPD Sample 6_S1-A6_1_7728.d,2,2,P62936|PPIA_PIG,,,PEAKS DB
LELDQPPKADEDPGTPKPV,54.21,2045.0316,19,0.5,682.6848,29.12,0.8050-0.8337,5.3652E3,24,19729,230302  30SPD Sample 6_S1-A6_1_7728.d,3,3,P51524|PF11_PIG:P80054|PR39_PIG,,,PEAKS DB
VDRLNEQSSEANLY,54.18,1636.7693,14,-1.4,819.3908,18.21,1.0200-1.0484,5.2129E2,24,10179,230302  30SPD Sample 6_S1-A6_1_7728.d,1,1,P51524|PF11_PIG:P80054|PR39_PIG,,,PEAKS DB
APPISAGGYQPRPAKV,54.08,1607.8783,16,-3.6,536.9648,16.60,0.8257-0.8544,5.9829E2,24,8815,230302  30SPD Sample 6_S1-A6_1_7728.d,1,1,tr|F1RX37|F1RX37_PIG,,,PEAKS DB
VLSAADKANVKAAWGK,53.96,1627.9045,16,1.0,543.6426,31.40,0.8578-0.8865,7.9992E3,24,21775,230302  30SPD Sample 6_S1-A6_1_7728.d,6,6,P01965|HBA_PIG,,,PEAKS DB
M(+15.99)EDEADSEEGLDL,53.89,1467.5559,13,-0.8,734.7847,25.42,0.9745-1.0030,2.2674E3,24,16648,230302  30SPD Sample 6_S1-A6_1_7728.d,1,1,tr|F1RX36|F1RX36_PIG,Oxidation (M),M1:Oxidation (M):1000.00,PEAKS DB
EDEADSEEGLDL,53.78,1320.5205,12,0.3,661.2677,25.71,0.9311-0.9597,1.6254E3,24,16900,230302  30SPD Sample 6_S1-A6_1_7728.d,1,1,tr|F1RX36|F1RX36_PIG,,,PEAKS DB
DEDPGTPKP,53.72,954.4294,9,-0.7,478.2216,9.04,0.7762-0.8050,8.5846E3,24,3316,230302  30SPD Sample 6_S1-A6_1_7728.d,1,1,P51524|PF11_PIG:P80054|PR39_PIG,,,PEAKS DB
AQDALTSVKESEV,53.69,1375.6831,13,-7.7,688.8435,18.42,0.9688-0.9973,4.4679E2,24,10399,230302  30SPD Sample 6_S1-A6_1_7728.d,1,1,P27917|APOC3_PIG,,,PEAKS DB
DYDEDEDGRPK,53.69,1337.5371,11,1.3,446.8536,6.38,0.7265-0.7554,5.995E3,24,1334,230302  30SPD Sample 6_S1-A6_1_7728.d,2,2,tr|F1RX37|F1RX37_PIG,,,PEAKS DB
EVSGSVSPGTKSEVHTS,53.58,1686.8060,17,-1.7,563.2750,8.76,0.7727-0.8015,4.0311E4,24,3133,230302  30SPD Sample 6_S1-A6_1_7728.d,6,6,tr|F1RX36|F1RX36_PIG,,,PEAKS DB
TLDQIKDPLDI,53.35,1269.6816,11,1.4,635.8490,36.98,0.9094-0.9380,1.5294E3,24,26303,230302  30SPD Sample 6_S1-A6_1_7728.d,1,1,P51524|PF11_PIG,,,PEAKS DB
DSLDDYVNTQGAF,53.22,1443.6154,13,3.9,722.8177,31.69,0.9779-1.0064,1.9447E2,24,22306,230302  30SPD Sample 6_S1-A6_1_7728.d,1,1,P06867|PLMN_PIG,,,PEAKS DB
AIDYDEDEDGRPK,53.20,1521.6582,13,2.1,508.2278,10.12,0.7831-0.8119,6.1023E2,24,4195,230302  30SPD Sample 6_S1-A6_1_7728.d,1,1,tr|F1RX37|F1RX37_PIG,,,PEAKS DB
HRDETSLSRDPFPDFFSPVL,53.11,2361.1389,20,-2.9,788.0513,42.66,0.9185-0.9471,0,24,30490,230302  30SPD Sample 6_S1-A6_1_7728.d,0,0,tr|F1RX36|F1RX36_PIG,,,PEAKS DB
TTADDFQPFFNEKT,52.74,1659.7416,14,-0.4,830.8777,33.95,1.0439-1.0722,2.517E2,24,24492,230302  30SPD Sample 6_S1-A6_1_7728.d,1,1,Q19AZ8|THRB_PIG,,,PEAKS DB
IDEASKKLNAQ,52.64,1215.6459,11,2.3,608.8316,7.34,0.9140-0.9425,3.1219E2,24,2153,230302  30SPD Sample 6_S1-A6_1_7728.d,1,1,P18648|APOA1_PIG,,,PEAKS DB
VGM(+15.99)GQKDSYVGDEAQS,52.63,1685.7202,16,3.1,843.8700,9.98,1.0280-1.0564,5.0579E2,24,4074,230302  30SPD Sample 6_S1-A6_1_7728.d,1,1,Q6QAQ1|ACTB_PIG,Oxidation (M),M3:Oxidation (M):1000.00,PEAKS DB
ALTSVKESEVAQQA,52.50,1459.7518,14,-3.4,730.8807,14.82,0.9939-1.0223,1.021E2,24,7319,230302  30SPD Sample 6_S1-A6_1_7728.d,1,1,P27917|APOC3_PIG,,,PEAKS DB
FPPPNFPGPR,52.43,1124.5767,10,-1.5,563.2947,24.99,0.8705-0.8991,3.4468E5,24,16429,230302  30SPD Sample 6_S1-A6_1_7728.d,3,3,P51524|PF11_PIG,,,PEAKS DB
GSSGSGSLRPDSSGP,52.23,1346.6062,15,-5.3,674.3068,9.86,0.9231-0.9517,1.0689E3,24,4009,230302  30SPD Sample 6_S1-A6_1_7728.d,1,1,tr|F1RX36|F1RX36_PIG,,,PEAKS DB
PPGIPPVH,52.22,812.4545,8,1.8,407.2352,26.34,0.7392-0.7681,1.7953E3,24,17661,230302  30SPD Sample 6_S1-A6_1_7728.d,2,2,P29700|FETUA_PIG,,,PEAKS DB
DYDEDEDGRPKVH,52.11,1573.6644,13,-2.8,525.5606,7.67,0.7739-0.8027,1.1054E3,24,2385,230302  30SPD Sample 6_S1-A6_1_7728.d,1,1,tr|F1RX37|F1RX37_PIG,,,PEAKS DB
DLAGFFHPDGPEYS,52.03,1550.6677,14,-1.7,776.3398,37.67,1.0121-1.0405,5.6444E3,24,26753,230302  30SPD Sample 6_S1-A6_1_7728.d,1,1,tr|F1RX36|F1RX36_PIG,,,PEAKS DB
DTSLLDKM(+15.99)QDY,51.96,1343.5914,11,3.3,672.8052,19.83,0.9323-0.9608,9.7602E2,24,11645,230302  30SPD Sample 6_S1-A6_1_7728.d,1,1,P27917|APOC3_PIG,Oxidation (M),M8:Oxidation (M):1000.00,PEAKS DB
DAAQRGPGGAW,51.94,1084.5050,11,-0.6,543.2595,15.67,0.7923-0.8211,2.5717E2,24,8032,230302  30SPD Sample 6_S1-A6_1_7728.d,1,1,P0DSO0|SAA2_PIG,,,PEAKS DB
DEDEDGRPKV,51.93,1158.5153,10,-1.0,580.2643,7.71,0.8487-0.8773,4.0168E2,24,2403,230302  30SPD Sample 6_S1-A6_1_7728.d,1,1,tr|F1RX37|F1RX37_PIG,,,PEAKS DB
QDKGEFLAEGGGVR,51.85,1461.7212,14,-2.2,731.8663,15.75,0.9790-1.0075,5.8461E4,24,8050,230302  30SPD Sample 6_S1-A6_1_7728.d,9,9,tr|F1RX36|F1RX36_PIG,,,PEAKS DB
M(+15.99)EDEADSEEGLDLKGGHVIKRVYTRT,51.82,2963.4294,26,5.2,593.6962,42.29,0.8854-0.9140,0,24,29811,230302  30SPD Sample 6_S1-A6_1_7728.d,0,0,tr|F1RX36|F1RX36_PIG,Oxidation (M),M1:Oxidation (M):1000.00,PEAKS DB
YDAAQRGPGGAWAA,51.79,1389.6425,14,5.5,695.8323,17.70,0.9483-0.9768,1.371E3,24,9711,230302  30SPD Sample 6_S1-A6_1_7728.d,1,1,P0DSO0|SAA2_PIG,,,PEAKS DB
DRLNEQSSEANLY,51.79,1537.7008,13,0.8,769.8583,19.47,1.0041-1.0325,1.1036E4,24,11356,230302  30SPD Sample 6_S1-A6_1_7728.d,3,3,P51524|PF11_PIG:P80054|PR39_PIG,,,PEAKS DB
ELDQPPKADEDPGTPK,51.75,1735.8264,16,-2.8,579.6144,11.20,0.8004-0.8291,5.8891E3,24,4884,230302  30SPD Sample 6_S1-A6_1_7728.d,2,2,P51524|PF11_PIG:P80054|PR39_PIG,,,PEAKS DB
RPVAPPISA,51.73,906.5287,9,0.4,454.2718,16.60,0.7646-0.7935,1.9014E2,24,8814,230302  30SPD Sample 6_S1-A6_1_7728.d,1,1,tr|F1RX37|F1RX37_PIG,,,PEAKS DB
GPRFPPPNFPGP,51.47,1278.6509,12,-1.2,640.3320,33.26,0.9220-0.9505,8.4922E3,24,23051,230302  30SPD Sample 6_S1-A6_1_7728.d,2,2,P51524|PF11_PIG,,,PEAKS DB
DSLDDYVNTQGA,51.43,1296.5470,12,0.5,649.2811,22.73,0.9300-0.9585,3.0424E3,24,14398,230302  30SPD Sample 6_S1-A6_1_7728.d,1,1,P06867|PLMN_PIG,,,PEAKS DB
DYTPKPEPS,51.39,1032.4763,9,1.5,517.2462,10.09,0.7981-0.8268,6.4382E3,24,4153,230302  30SPD Sample 6_S1-A6_1_7728.d,2,2,P27917|APOC3_PIG,,,PEAKS DB
DNENVINEFSSELEK,51.36,1765.8005,15,-0.4,883.9072,37.28,1.0802-1.1085,3.7651E2,24,26606,230302  30SPD Sample 6_S1-A6_1_7728.d,1,1,tr|F1RX37|F1RX37_PIG,,,PEAKS DB
EAPSLRPVAPPISA,51.25,1403.7772,14,0.0,702.8959,25.81,0.9722-1.0007,2.0858E3,24,17054,230302  30SPD Sample 6_S1-A6_1_7728.d,1,1,tr|F1RX37|F1RX37_PIG,,,PEAKS DB
GGSISHGPGSVPGTGSPGGLKPG,51.18,1958.9810,23,0.0,654.0009,15.46,0.8291-0.8578,7.8769E2,24,7817,230302  30SPD Sample 6_S1-A6_1_7728.d,1,1,tr|F1RX36|F1RX36_PIG,,,PEAKS DB
EVSGSVSPGTKSEVHTSK,51.05,1814.9010,18,1.4,605.9751,7.16,0.8831-0.9117,3.5658E3,24,1967,230302  30SPD Sample 6_S1-A6_1_7728.d,2,2,tr|F1RX36|F1RX36_PIG,,,PEAKS DB
DSSGPGDTTPSNPDWGTFKEV,50.80,2192.9497,21,-2.3,1097.4796,28.15,1.1942-1.2223,5.7489E2,24,18947,230302  30SPD Sample 6_S1-A6_1_7728.d,1,1,tr|F1RX36|F1RX36_PIG,,,PEAKS DB
DAAQRGPGGA,50.68,898.4257,10,1.6,450.2208,4.99,0.7265-0.7554,2.1899E2,24,444,230302  30SPD Sample 6_S1-A6_1_7728.d,1,1,P0DSO0|SAA2_PIG,,,PEAKS DB
DQPPKADEDPGTPKPV,50.63,1689.8209,16,-2.4,564.2795,11.49,0.8303-0.8590,8.8763E3,24,4988,230302  30SPD Sample 6_S1-A6_1_7728.d,2,2,P51524|PF11_PIG:P80054|PR39_PIG,,,PEAKS DB
IDYDEDEDGRPKVHVDA,50.61,1971.8810,17,0.1,658.3010,31.51,0.8693-0.8980,4.6494E4,24,20234,230302  30SPD Sample 6_S1-A6_1_7728.d,4,4,tr|F1RX37|F1RX37_PIG,,,PEAKS DB
DGPEYSSSSKISSH,50.46,1479.6477,14,3.7,494.2250,8.84,0.7842-0.8130,4.2692E2,24,3271,230302  30SPD Sample 6_S1-A6_1_7728.d,1,1,tr|F1RX36|F1RX36_PIG,,,PEAKS DB
NELRVAPEEHPV,50.40,1388.7048,12,-5.0,463.9066,28.95,0.8199-0.8487,7.3954E3,24,19830,230302  30SPD Sample 6_S1-A6_1_7728.d,4,4,Q6QAQ1|ACTB_PIG,,,PEAKS DB
YDEDEDGRPKVHVDA,50.39,1743.7699,15,-0.7,582.2635,29.68,0.8211-0.8498,1.8458E4,24,19827,230302  30SPD Sample 6_S1-A6_1_7728.d,5,5,tr|F1RX37|F1RX37_PIG,,,PEAKS DB
FFHPDGPEYSSSSK,50.31,1583.6892,14,5.4,528.9066,15.60,0.7415-0.7704,0,24,7991,230302  30SPD Sample 6_S1-A6_1_7728.d,0,0,tr|F1RX36|F1RX36_PIG,,,PEAKS DB
DEVGGEALGRLL,50.31,1227.6459,12,-5.9,614.8266,37.02,0.9048-0.9334,2.5994E2,24,26422,230302  30SPD Sample 6_S1-A6_1_7728.d,1,1,P02067|HBB_PIG,,,PEAKS DB
GFFHPDGPEYSSSS,50.29,1512.6157,14,-0.4,757.3148,21.78,0.9813-1.0098,5.0929E2,24,13504,230302  30SPD Sample 6_S1-A6_1_7728.d,1,1,tr|F1RX36|F1RX36_PIG,,,PEAKS DB
GKFTDFWDYTPKPEPS,50.26,1913.8835,16,-3.4,638.9663,37.04,0.8142-0.8429,6.2259E1,24,26467,230302  30SPD Sample 6_S1-A6_1_7728.d,1,1,P27917|APOC3_PIG,,,PEAKS DB
AVDRLNEQSSEANLY,50.20,1707.8064,15,-0.7,854.9099,19.06,1.0530-1.0813,1.3672E3,24,10836,230302  30SPD Sample 6_S1-A6_1_7728.d,1,1,P51524|PF11_PIG:P80054|PR39_PIG,,,PEAKS DB
PPPNVPGPR,49.81,929.5082,9,-5.6,465.7588,14.41,0.7888-0.8176,1.5206E5,24,7056,230302  30SPD Sample 6_S1-A6_1_7728.d,5,5,P51524|PF11_PIG,,,PEAKS DB
GDGVTHTVPIYEGY,49.74,1506.6991,14,-2.8,754.3547,24.69,0.9927-1.0212,1.2012E2,24,16162,230302  30SPD Sample 6_S1-A6_1_7728.d,1,1,Q6QAQ1|ACTB_PIG,,,PEAKS DB
TINREGGAVES,49.73,1131.5520,11,0.2,566.7834,7.95,0.8153-0.8441,4.5659E4,24,2322,230302  30SPD Sample 6_S1-A6_1_7728.d,2,2,tr|F1RX36|F1RX36_PIG,,,PEAKS DB
GHRPYDKRREEAPSLRPVAPPISA,49.69,2698.4414,24,-0.1,675.6176,42.49,0.8303-0.8590,5.4592E3,24,30109,230302  30SPD Sample 6_S1-A6_1_7728.d,2,2,tr|F1RX37|F1RX37_PIG,,,PEAKS DB
DTTPSNPDWGTF,49.62,1336.5571,12,1.6,669.2869,30.90,0.8980-0.9265,1.4682E2,24,21514,230302  30SPD Sample 6_S1-A6_1_7728.d,1,1,tr|F1RX36|F1RX36_PIG,,,PEAKS DB
DETSLSRDP,49.62,1018.4567,9,-1.1,510.2350,10.84,0.7992-0.8280,5.1116E4,24,4574,230302  30SPD Sample 6_S1-A6_1_7728.d,2,2,tr|F1RX36|F1RX36_PIG,,,PEAKS DB
RDPFPDFFSPV,49.52,1322.6295,11,0.4,662.3223,42.66,0.9425-0.9711,4.0485E3,24,30502,230302  30SPD Sample 6_S1-A6_1_7728.d,1,1,tr|F1RX36|F1RX36_PIG,,,PEAKS DB
EAGLAPYNLKPV,49.39,1270.6921,12,0.1,636.3534,26.71,0.9265-0.9551,3.9822E4,24,17837,230302  30SPD Sample 6_S1-A6_1_7728.d,3,3,P09571|TRFE_PIG,,,PEAKS DB
FHPDGPEYSSSS,49.33,1308.5259,12,-1.1,655.2695,12.21,0.9185-0.9471,7.5037E2,24,5621,230302  30SPD Sample 6_S1-A6_1_7728.d,1,1,tr|F1RX36|F1RX36_PIG,,,PEAKS DB
VVLVTDVLITAHDNIHKE,49.27,2015.1051,18,-4.2,1008.5556,42.46,1.2963-1.3242,0,24,30102,230302  30SPD Sample 6_S1-A6_1_7728.d,0,0,P80310|S10AC_PIG,,,PEAKS DB
FHPDGPEYSSSSK,49.26,1436.6207,13,1.2,479.8814,9.96,0.7057-0.7346,7.1306E1,24,4092,230302  30SPD Sample 6_S1-A6_1_7728.d,1,1,tr|F1RX36|F1RX36_PIG,,,PEAKS DB
TETQEKNPLPSKET,49.20,1600.7944,14,3.3,534.6072,9.35,0.7508-0.7796,0,24,3680,230302  30SPD Sample 6_S1-A6_1_7728.d,0,0,Q95274|TYB4_PIG,,,PEAKS DB
EQVSFKEFVVL,49.05,1323.7074,11,1.7,662.8621,42.03,0.9722-1.0007,1.2894E2,24,29478,230302  30SPD Sample 6_S1-A6_1_7728.d,1,1,P80310|S10AC_PIG,,,PEAKS DB
EDTSLLDKM(+15.99)QDYV,49.02,1571.7025,13,-1.6,786.8572,23.76,1.0461-1.0745,1.8308E3,24,15194,230302  30SPD Sample 6_S1-A6_1_7728.d,1,1,P27917|APOC3_PIG,Oxidation (M),M9:Oxidation (M):1000.00,PEAKS DB
DEADSEEGLD,49.01,1078.3938,10,-0.7,540.2038,11.83,0.8199-0.8487,4.145E2,24,5294,230302  30SPD Sample 6_S1-A6_1_7728.d,1,1,tr|F1RX36|F1RX36_PIG,,,PEAKS DB
GEFLAEGGGVR,48.89,1090.5406,11,-2.7,546.2761,18.47,0.8532-0.8819,3.9258E3,24,10444,230302  30SPD Sample 6_S1-A6_1_7728.d,2,2,tr|F1RX36|F1RX36_PIG,,,PEAKS DB
DSLDDYVNTQGAFL,48.85,1556.6995,14,0.1,779.3571,39.39,1.0473-1.0756,1.7709E2,24,27728,230302  30SPD Sample 6_S1-A6_1_7728.d,1,1,P06867|PLMN_PIG,,,PEAKS DB
PGPRFPPPNFPGP,48.68,1375.7036,13,-0.2,688.8589,33.57,0.9414-0.9699,2.8176E4,24,25240,230302  30SPD Sample 6_S1-A6_1_7728.d,1,1,P51524|PF11_PIG,,,PEAKS DB
NPLPSKETIEQEKQAGES,48.55,1983.9749,18,-2.9,662.3303,13.38,0.8211-0.8498,2.8071E2,24,6314,230302  30SPD Sample 6_S1-A6_1_7728.d,1,1,Q95274|TYB4_PIG,,,PEAKS DB
DEASKKLNA,48.41,974.5032,9,1.6,488.2597,5.86,0.7992-0.8280,6.5674E2,24,954,230302  30SPD Sample 6_S1-A6_1_7728.d,1,1,P18648|APOA1_PIG,,,PEAKS DB
EEAPSLRPVAPPISAG,48.29,1589.8413,16,-5.2,795.9238,25.21,1.0405-1.0688,2.5628E2,24,16619,230302  30SPD Sample 6_S1-A6_1_7728.d,1,1,tr|F1RX37|F1RX37_PIG,,,PEAKS DB
FIDNEEQEYIKTV,48.24,1626.7777,13,2.0,814.3978,25.66,1.0518-1.0802,5.6366E2,24,16884,230302  30SPD Sample 6_S1-A6_1_7728.d,1,1,P19619|ANXA1_PIG,,,PEAKS DB
NYDAAQRGP,48.18,990.4519,9,-5.9,496.2303,7.85,0.7865-0.8153,1.266E3,24,2454,230302  30SPD Sample 6_S1-A6_1_7728.d,1,1,P0DSO0|SAA2_PIG,,,PEAKS DB
FVIEIRGILA,48.13,1129.6859,10,-0.9,565.8497,42.65,0.8831-0.9117,6.3476E2,24,30436,230302  30SPD Sample 6_S1-A6_1_7728.d,1,1,P08835|ALBU_PIG,,,PEAKS DB
DRLNEQSSEANL,48.13,1374.6375,12,0.5,688.3264,14.36,0.9368-0.9654,2.3496E3,24,6917,230302  30SPD Sample 6_S1-A6_1_7728.d,1,1,P51524|PF11_PIG:P80054|PR39_PIG,,,PEAKS DB
HRDETSLSRDPFPDF,48.03,1817.8333,15,-2.7,606.9501,42.41,0.8027-0.8314,3.7116E2,24,30009,230302  30SPD Sample 6_S1-A6_1_7728.d,1,1,tr|F1RX36|F1RX36_PIG,,,PEAKS DB
VTDVLITAHD,48.00,1082.5608,10,0.5,542.2880,20.88,0.8544-0.8831,7.2952E2,24,12704,230302  30SPD Sample 6_S1-A6_1_7728.d,1,1,P80310|S10AC_PIG,,,PEAKS DB
DEASKKLNAQ,48.00,1102.5618,10,-0.9,552.2877,5.28,0.8521-0.8808,1.7456E3,24,527,230302  30SPD Sample 6_S1-A6_1_7728.d,1,1,P18648|APOA1_PIG,,,PEAKS DB
ELDQPPKADEDPG,47.98,1409.6310,13,0.2,705.8229,11.63,0.9300-0.9585,2.034E3,24,5127,230302  30SPD Sample 6_S1-A6_1_7728.d,1,1,P51524|PF11_PIG:P80054|PR39_PIG,,,PEAKS DB
FPPPNVPGPR,47.98,1076.5767,10,-0.8,539.2952,19.60,0.8280-0.8567,3.1928E5,24,11323,230302  30SPD Sample 6_S1-A6_1_7728.d,13,13,P51524|PF11_PIG,,,PEAKS DB
DTTPSNPDWGTFKEV,47.97,1692.7631,15,1.9,847.3904,27.90,1.0518-1.0802,3.4089E3,24,18851,230302  30SPD Sample 6_S1-A6_1_7728.d,1,1,tr|F1RX36|F1RX36_PIG,,,PEAKS DB
M(+15.99)EDEADSEEGLDLKGGHVIKRV,47.92,2442.1697,22,-3.8,611.5474,32.00,0.8899-0.9185,0,24,22581,230302  30SPD Sample 6_S1-A6_1_7728.d,0,0,tr|F1RX36|F1RX36_PIG,Oxidation (M),M1:Oxidation (M):1000.00,PEAKS DB
TEAPLNPK,47.91,868.4654,8,0.7,435.2403,9.67,0.7600-0.7888,4.1913E3,24,3804,230302  30SPD Sample 6_S1-A6_1_7728.d,1,1,Q6QAQ1|ACTB_PIG,,,PEAKS DB
DLAGFFHPDGPEYSSSS,47.86,1811.7638,17,-2.6,906.8868,36.05,1.0790-1.1073,7.1724E2,24,25850,230302  30SPD Sample 6_S1-A6_1_7728.d,1,1,tr|F1RX36|F1RX36_PIG,,,PEAKS DB
PPPNFPGPR,47.73,977.5082,9,1.2,489.7620,19.86,0.8165-0.8452,4.819E4,24,11758,230302  30SPD Sample 6_S1-A6_1_7728.d,2,2,P51524|PF11_PIG,,,PEAKS DB
KETIEQEKQAGES,47.71,1475.7103,13,2.8,492.9121,5.76,0.6987-0.7277,6.1118E2,24,868,230302  30SPD Sample 6_S1-A6_1_7728.d,1,1,Q95274|TYB4_PIG,,,PEAKS DB
ETPPEWKALLETRQV,47.70,1795.9468,15,0.6,599.6566,37.07,0.7877-0.8165,3.3271E3,24,26430,230302  30SPD Sample 6_S1-A6_1_7728.d,1,1,tr|F1RX36|F1RX36_PIG,,,PEAKS DB
IM(+15.99)GGSLDAKGSFPWQA,47.69,1679.7977,16,-4.4,840.9024,34.35,1.0609-1.0892,1.0397E3,24,24673,230302  30SPD Sample 6_S1-A6_1_7728.d,1,1,Q8SPS7|HPT_PIG,Oxidation (M),M2:Oxidation (M):1000.00,PEAKS DB
SYSTTALVSSPKEGAL,47.60,1609.8198,16,-1.5,805.9160,24.20,1.0427-1.0711,4.311E3,24,15674,230302  30SPD Sample 6_S1-A6_1_7728.d,2,2,P50390|TTHY_PIG,,,PEAKS DB
EEAPSLRP,47.46,897.4556,8,0.8,449.7354,14.62,0.7716-0.8004,3.4475E3,24,7067,230302  30SPD Sample 6_S1-A6_1_7728.d,2,2,tr|F1RX37|F1RX37_PIG,,,PEAKS DB
GGYQPRPA,47.20,844.4191,8,0.4,423.2170,8.15,0.7589-0.7877,6.9355E4,24,2335,230302  30SPD Sample 6_S1-A6_1_7728.d,5,5,tr|F1RX37|F1RX37_PIG,,,PEAKS DB
FTDFWDYTPKPEPSSS,47.20,1902.8312,16,2.4,952.4252,36.62,1.1118-1.1401,5.067E2,24,26145,230302  30SPD Sample 6_S1-A6_1_7728.d,1,1,P27917|APOC3_PIG,,,PEAKS DB
YTPKPEPSSS,47.20,1091.5134,10,1.2,546.7646,7.44,0.8245-0.8532,6.7437E2,24,2228,230302  30SPD Sample 6_S1-A6_1_7728.d,1,1,P27917|APOC3_PIG,,,PEAKS DB
DQIKDPLDI,47.18,1055.5498,9,5.4,528.7850,29.63,0.8636-0.8922,2.4648E4,24,20219,230302  30SPD Sample 6_S1-A6_1_7728.d,2,2,P51524|PF11_PIG,,,PEAKS DB
ELDQPPKADEDPGTPKP,47.09,1832.8792,17,-0.1,611.9669,13.55,0.7854-0.8142,1.2092E4,24,6303,230302  30SPD Sample 6_S1-A6_1_7728.d,3,3,P51524|PF11_PIG:P80054|PR39_PIG,,,PEAKS DB
DARENVQRV,47.07,1085.5577,9,-2.7,362.8589,8.25,0.6698-0.6987,4.0938E3,24,2756,230302  30SPD Sample 6_S1-A6_1_7728.d,1,1,P0DSO0|SAA2_PIG,,,PEAKS DB
DFTEISKIV,47.06,1050.5597,9,0.3,526.2873,36.69,0.8360-0.8647,9.4398E1,24,26247,230302  30SPD Sample 6_S1-A6_1_7728.d,1,1,P08835|ALBU_PIG,,,PEAKS DB
EEQEYIKTV,47.03,1137.5553,9,-2.3,569.7836,16.67,0.8716-0.9002,7.1243E2,24,8833,230302  30SPD Sample 6_S1-A6_1_7728.d,1,1,P19619|ANXA1_PIG,,,PEAKS DB
FPPPNFPGPRFPPPN,46.99,1676.8463,15,-1.1,839.4295,36.19,1.0586-1.0870,3.9537E4,24,26132,230302  30SPD Sample 6_S1-A6_1_7728.d,2,2,P51524|PF11_PIG,,,PEAKS DB
GDTTPSNPDWGTF,46.95,1393.5786,13,1.7,697.7978,29.92,0.9585-0.9870,2.1108E3,24,20561,230302  30SPD Sample 6_S1-A6_1_7728.d,1,1,tr|F1RX36|F1RX36_PIG,,,PEAKS DB
DGRTETIKEV,46.91,1146.5880,10,4.9,383.2052,11.19,0.6651-0.6941,0,24,4911,230302  30SPD Sample 6_S1-A6_1_7728.d,0,0,tr|F1RX36|F1RX36_PIG,,,PEAKS DB
FPPPNFPGPRFPPPNFPGPR,46.88,2231.1428,20,1.1,744.7224,40.72,0.9002-0.9288,2.0821E5,24,28487,230302  30SPD Sample 6_S1-A6_1_7728.d,4,4,P51524|PF11_PIG,,,PEAKS DB
AGDDAPRAV,46.71,870.4195,9,-1.9,436.2162,8.50,0.7554-0.7842,1.4291E2,24,3050,230302  30SPD Sample 6_S1-A6_1_7728.d,1,1,Q6QAQ1|ACTB_PIG,,,PEAKS DB
FPPPNFPGP,46.68,968.4755,9,-0.7,485.2447,31.49,0.7981-0.8268,6.96E4,24,21937,230302  30SPD Sample 6_S1-A6_1_7728.d,3,3,P51524|PF11_PIG,,,PEAKS DB
AGFFHPDGPEYSSSSK,46.68,1711.7478,16,1.2,571.5906,30.81,0.7692-0.7981,1.2912E2,24,21443,230302  30SPD Sample 6_S1-A6_1_7728.d,1,1,tr|F1RX36|F1RX36_PIG,,,PEAKS DB
QDALTSVKESEV,46.57,1304.6460,12,-1.9,653.3290,18.38,0.9334-0.9619,9.8993E2,24,10256,230302  30SPD Sample 6_S1-A6_1_7728.d,1,1,P27917|APOC3_PIG,,,PEAKS DB
STGTWDSGHPDPG,46.57,1312.5320,13,2.9,657.2751,12.59,0.9002-0.9288,2.8672E2,24,5851,230302  30SPD Sample 6_S1-A6_1_7728.d,1,1,tr|F1RX36|F1RX36_PIG,,,PEAKS DB
TQARETPPEWKALLETRQVKM(+15.99)V,46.47,2626.3901,22,4.6,657.6078,42.38,0.8808-0.9094,1.586E3,24,29928,230302  30SPD Sample 6_S1-A6_1_7728.d,1,1,tr|F1RX36|F1RX36_PIG,Oxidation (M),M21:Oxidation (M):1000.00,PEAKS DB
SRDPFPDFFSPV,46.32,1409.6615,12,0.2,705.8382,42.67,0.9608-0.9893,1.8321E3,24,30448,230302  30SPD Sample 6_S1-A6_1_7728.d,2,2,tr|F1RX36|F1RX36_PIG,,,PEAKS DB
LDQPPKADEDPGTPKPV,46.29,1802.9050,17,7.5,601.9801,13.62,0.7669-0.7958,7.3913E2,24,6467,230302  30SPD Sample 6_S1-A6_1_7728.d,1,1,P51524|PF11_PIG:P80054|PR39_PIG,,,PEAKS DB
KGEFLAEGGGVR,46.29,1218.6356,12,0.4,610.3253,29.63,0.9163-0.9448,2.9265E3,24,20161,230302  30SPD Sample 6_S1-A6_1_7728.d,1,1,tr|F1RX36|F1RX36_PIG,,,PEAKS DB
GSDLAGFFHPDGPEYSS,46.27,1781.7532,17,1.9,891.8856,35.47,1.0768-1.1051,1.4002E3,24,25446,230302  30SPD Sample 6_S1-A6_1_7728.d,1,1,tr|F1RX36|F1RX36_PIG,,,PEAKS DB
FFHPDGPEYSSSS,46.23,1455.5942,13,0.5,728.8047,18.52,0.9745-1.0030,6.6671E2,24,10433,230302  30SPD Sample 6_S1-A6_1_7728.d,1,1,tr|F1RX36|F1RX36_PIG,,,PEAKS DB
APPKPEPKPK,46.20,1087.6389,10,-0.1,363.5535,4.53,0.7161-0.7450,8.7403E2,24,264,230302  30SPD Sample 6_S1-A6_1_7728.d,1,1,P80272|HMGN2_PIG,,,PEAKS DB
IDNEEQEYIKTV,46.08,1479.7092,12,4.5,740.8652,20.85,0.9984-1.0268,3.2344E2,24,12724,230302  30SPD Sample 6_S1-A6_1_7728.d,1,1,P19619|ANXA1_PIG,,,PEAKS DB
ELDQPPKADEDPGTP,46.06,1607.7314,15,-1.1,804.8721,14.45,1.0086-1.0371,8.641E3,24,6875,230302  30SPD Sample 6_S1-A6_1_7728.d,1,1,P51524|PF11_PIG:P80054|PR39_PIG,,,PEAKS DB
DGQVINETSQHHDDLE,46.02,1835.7922,16,-0.2,612.9379,13.20,0.7888-0.8176,3.4798E2,24,6216,230302  30SPD Sample 6_S1-A6_1_7728.d,1,1,P02543|VIME_PIG,,,PEAKS DB
EFLAEGGGVR,46.01,1033.5192,10,3.6,517.7687,20.80,0.8142-0.8429,0,24,12700,230302  30SPD Sample 6_S1-A6_1_7728.d,0,0,tr|F1RX36|F1RX36_PIG,,,PEAKS DB
GM(+15.99)GQKDSYVGDEA,46.00,1371.5613,13,-0.3,686.7877,9.76,0.9208-0.9494,4.2442E3,24,3853,230302  30SPD Sample 6_S1-A6_1_7728.d,1,1,Q6QAQ1|ACTB_PIG,Oxidation (M),M2:Oxidation (M):1000.00,PEAKS DB
GNYDAAQRGP,45.98,1047.4734,10,1.1,524.7446,7.98,0.8130-0.8418,9.5931E2,24,2540,230302  30SPD Sample 6_S1-A6_1_7728.d,1,1,P0DSO0|SAA2_PIG,,,PEAKS DB
GDDAPRAV,45.94,799.3824,8,0.3,400.6986,8.22,0.7230-0.7519,2.9087E3,24,2712,230302  30SPD Sample 6_S1-A6_1_7728.d,1,1,Q6QAQ1|ACTB_PIG,,,PEAKS DB
GNYDAAQRGPGGA,45.90,1232.5533,13,13.6,617.2924,8.44,0.8727-0.9014,2.7957E3,24,2994,230302  30SPD Sample 6_S1-A6_1_7728.d,1,1,P0DSO0|SAA2_PIG,,,PEAKS DB
DSGDGVTHTVPIYEGY,45.89,1708.7581,16,-2.3,855.3843,26.37,1.0643-1.0926,2.6805E3,24,17451,230302  30SPD Sample 6_S1-A6_1_7728.d,1,1,Q6QAQ1|ACTB_PIG,,,PEAKS DB
LGEAYEGAKDM(+15.99),45.79,1198.5176,11,4.8,600.2689,10.27,0.8693-0.8980,5.1797E2,24,4251,230302  30SPD Sample 6_S1-A6_1_7728.d,1,1,P0DSO0|SAA2_PIG,Oxidation (M),M11:Oxidation (M):1000.00,PEAKS DB
QAFPPPNVPGPRFPPPNFPGP,45.78,2226.1375,21,-0.5,1114.0754,41.92,1.2178-1.2459,1.7933E4,24,29608,230302  30SPD Sample 6_S1-A6_1_7728.d,2,2,P51524|PF11_PIG,,,PEAKS DB
DDPQSPWDR,45.73,1114.4679,9,1.9,558.2423,16.02,0.8280-0.8567,2.0102E2,24,8292,230302  30SPD Sample 6_S1-A6_1_7728.d,1,1,P18648|APOA1_PIG,,,PEAKS DB
LPPRIPP,45.72,788.4908,7,0.3,395.2528,17.60,0.7450-0.7739,3.5533E3,24,9571,230302  30SPD Sample 6_S1-A6_1_7728.d,6,6,P80054|PR39_PIG,,,PEAKS DB
TINREGGAVESKS,45.61,1346.6790,13,2.6,449.9014,6.06,0.7554-0.7842,3.0053E3,24,1108,230302  30SPD Sample 6_S1-A6_1_7728.d,3,3,tr|F1RX36|F1RX36_PIG,,,PEAKS DB
TINREGGAVESK,45.56,1259.6470,12,-0.8,420.8893,5.87,0.6976-0.7265,2.9601E3,24,947,230302  30SPD Sample 6_S1-A6_1_7728.d,2,2,tr|F1RX36|F1RX36_PIG,,,PEAKS DB
FLAEGGGV,45.56,748.3755,8,-4.4,749.3795,26.15,1.1243-1.1525,0,24,17387,230302  30SPD Sample 6_S1-A6_1_7728.d,0,0,tr|F1RX36|F1RX36_PIG,,,PEAKS DB
GEAYEGAKDM(+15.99),45.50,1085.4335,10,1.7,543.7249,6.09,0.8280-0.8567,2.8956E2,24,1146,230302  30SPD Sample 6_S1-A6_1_7728.d,1,1,P0DSO0|SAA2_PIG,Oxidation (M),M10:Oxidation (M):1000.00,PEAKS DB
DKDIVIGKEKV,45.47,1242.7183,11,3.0,415.2479,30.16,0.7612-0.7900,2.3144E2,24,20861,230302  30SPD Sample 6_S1-A6_1_7728.d,1,1,tr|F1RX36|F1RX36_PIG,,,PEAKS DB
PISAGGYQPRPA,45.41,1212.6251,12,-3.0,607.3180,13.95,0.8796-0.9083,8.3497E2,24,6705,230302  30SPD Sample 6_S1-A6_1_7728.d,1,1,tr|F1RX37|F1RX37_PIG,,,PEAKS DB
DDPQSPWDRVKDFATVY,45.35,2037.9431,17,-1.5,1019.9773,40.37,1.1424-1.1705,2.8102E3,24,28259,230302  30SPD Sample 6_S1-A6_1_7728.d,2,2,P18648|APOA1_PIG,,,PEAKS DB
PGPRFPPPNFP,45.29,1221.6294,11,-1.0,611.8214,34.02,0.8854-0.9140,1.7789E4,24,25012,230302  30SPD Sample 6_S1-A6_1_7728.d,2,2,P51524|PF11_PIG,,,PEAKS DB
YDAAQRGPGGA,45.26,1061.4890,11,0.8,531.7522,7.45,0.8027-0.8314,2.0517E3,24,2202,230302  30SPD Sample 6_S1-A6_1_7728.d,1,1,P0DSO0|SAA2_PIG,,,PEAKS DB
PPPPPPPPP,45.23,891.4854,9,-4.5,446.7480,14.76,0.8176-0.8464,1.0476E3,24,7231,230302  30SPD Sample 6_S1-A6_1_7728.d,2,2,A5D9M6|BAG6_PIG,,,PEAKS DB
GDDAPRAVFPS,45.13,1130.5356,11,0.0,566.2751,19.60,0.9002-0.9288,7.6927E2,24,11438,230302  30SPD Sample 6_S1-A6_1_7728.d,1,1,Q6QAQ1|ACTB_PIG,,,PEAKS DB
GGQAGAHGAEALE,45.11,1166.5316,13,-1.8,584.2720,9.79,0.8222-0.8509,1.4097E3,24,3929,230302  30SPD Sample 6_S1-A6_1_7728.d,1,1,P01965|HBA_PIG,,,PEAKS DB
GSDLAGFFHPDGPEYSSSSKISSHS,45.09,2595.1514,25,4.7,649.7982,35.11,0.9437-0.9722,3.0257E2,24,25292,230302  30SPD Sample 6_S1-A6_1_7728.d,1,1,tr|F1RX36|F1RX36_PIG,,,PEAKS DB
RETPPEWKALLETRQV,45.09,1952.0479,16,0.0,651.6899,42.37,0.9197-0.9483,3.6554E2,24,29942,230302  30SPD Sample 6_S1-A6_1_7728.d,1,1,tr|F1RX36|F1RX36_PIG,,,PEAKS DB
FPPPNFPGPPFPPP,45.02,1503.7550,14,1.5,752.8859,41.84,1.0018-1.0302,4.6286E3,24,29222,230302  30SPD Sample 6_S1-A6_1_7728.d,2,2,P51524|PF11_PIG,,,PEAKS DB
TALVSSPKEGAL,44.97,1171.6448,12,0.7,586.8301,19.69,0.8980-0.9265,8.1989E2,24,11527,230302  30SPD Sample 6_S1-A6_1_7728.d,1,1,P50390|TTHY_PIG,,,PEAKS DB
TSVKESEVAQQA,44.87,1275.6306,12,-2.3,638.8211,9.36,0.8980-0.9265,1.4239E3,24,3634,230302  30SPD Sample 6_S1-A6_1_7728.d,1,1,P27917|APOC3_PIG,,,PEAKS DB
EDTSLLDKM(+15.99)QDYVKQATRTAQDALTSVKESEVAQQA,44.73,4012.9534,36,-0.7,803.5974,42.40,1.0166-1.0450,1.0442E3,24,29967,230302  30SPD Sample 6_S1-A6_1_7728.d,1,1,P27917|APOC3_PIG,Oxidation (M),M9:Oxidation (M):1000.00,PEAKS DB
DRLNEQSSEAN,44.70,1261.5535,11,-0.9,631.7834,6.00,0.8750-0.9037,4.4189E2,24,1072,230302  30SPD Sample 6_S1-A6_1_7728.d,1,1,P51524|PF11_PIG:P80054|PR39_PIG,,,PEAKS DB
DQPPKADEDPGTPK,44.67,1493.6997,14,2.4,498.9084,7.29,0.7969-0.8257,2.8861E3,24,1985,230302  30SPD Sample 6_S1-A6_1_7728.d,1,1,P51524|PF11_PIG:P80054|PR39_PIG,,,PEAKS DB
GEAYEGAKDM(+15.99)L,44.66,1198.5176,11,-2.3,600.2647,14.15,0.8899-0.9185,9.1203E2,24,6809,230302  30SPD Sample 6_S1-A6_1_7728.d,1,1,P0DSO0|SAA2_PIG,Oxidation (M),M10:Oxidation (M):1000.00,PEAKS DB
IEAEDTSLLDKM(+15.99)QDYVKQAT,44.63,2313.1045,20,-4.0,772.0390,23.10,0.9128-0.9414,1.3813E2,24,14778,230302  30SPD Sample 6_S1-A6_1_7728.d,1,1,P27917|APOC3_PIG,Oxidation (M),M12:Oxidation (M):1000.00,PEAKS DB
IPPGFPPRFPP,44.52,1220.6705,11,-0.3,611.3423,38.14,0.8865-0.9151,2.2333E4,24,27909,230302  30SPD Sample 6_S1-A6_1_7728.d,1,1,P80054|PR39_PIG,,,PEAKS DB
SGRTTGIVM(+15.99)DSGDGVTHTVPIYEGY,44.46,2627.2173,25,-2.1,876.7446,32.37,0.9608-0.9893,6.0293E2,24,23034,230302  30SPD Sample 6_S1-A6_1_7728.d,1,1,Q6QAQ1|ACTB_PIG,Oxidation (M),M9:Oxidation (M):1000.00,PEAKS DB
STGTWDSGHPDPGSAGTWKPGRPEPG,44.44,2633.1895,26,-2.1,659.3033,30.71,0.9277-0.9562,1.7766E2,24,21378,230302  30SPD Sample 6_S1-A6_1_7728.d,1,1,tr|F1RX36|F1RX36_PIG,,,PEAKS DB
SDLAGFFHPDGPEYS,44.33,1637.6997,15,3.9,819.8603,36.05,1.0155-1.0439,1.6857E2,24,25886,230302  30SPD Sample 6_S1-A6_1_7728.d,1,1,tr|F1RX36|F1RX36_PIG,,,PEAKS DB
EDPGTPKPV,44.33,938.4709,9,2.3,470.2438,10.20,0.7739-0.8027,2.5187E3,24,4183,230302  30SPD Sample 6_S1-A6_1_7728.d,1,1,P51524|PF11_PIG:P80054|PR39_PIG,,,PEAKS DB
ENVQRVTDWL,44.29,1258.6306,10,1.4,630.3235,35.71,0.9071-0.9357,4.5465E2,24,25683,230302  30SPD Sample 6_S1-A6_1_7728.d,1,1,P0DSO0|SAA2_PIG,,,PEAKS DB
ETIEQEKQA,44.19,1074.5193,9,1.0,538.2675,6.82,0.8291-0.8578,9.8706E2,24,1691,230302  30SPD Sample 6_S1-A6_1_7728.d,1,1,Q95274|TYB4_PIG:P21753|TYB10_PIG,,,PEAKS DB
ETPPEWKALLET,44.16,1412.7188,12,0.2,707.3668,37.88,0.9733-1.0018,7.473E3,24,27064,230302  30SPD Sample 6_S1-A6_1_7728.d,1,1,tr|F1RX36|F1RX36_PIG,,,PEAKS DB
LAWIQEHTTS,44.11,1184.5825,10,1.0,593.2991,22.57,0.8647-0.8934,2.6257E3,24,14085,230302  30SPD Sample 6_S1-A6_1_7728.d,2,2,O97507|FA12_PIG,,,PEAKS DB
PPPNFPGPRFPPPNFPGP,44.08,1927.9733,18,-2.5,964.9915,39.18,1.1390-1.1672,3.073E4,24,27529,230302  30SPD Sample 6_S1-A6_1_7728.d,3,3,P51524|PF11_PIG,,,PEAKS DB
FWDYTPKPEPS,44.03,1365.6240,11,-10.9,683.8118,23.99,0.9483-0.9768,1.7369E2,24,15570,230302  30SPD Sample 6_S1-A6_1_7728.d,1,1,P27917|APOC3_PIG,,,PEAKS DB
NEQSSEANLY,44.00,1153.4888,10,0.3,577.7518,15.86,0.8590-0.8876,1.7272E3,24,8139,230302  30SPD Sample 6_S1-A6_1_7728.d,1,1,P51524|PF11_PIG:P80054|PR39_PIG,,,PEAKS DB
EVSGSVSPGTKSEVHT,44.00,1599.7740,16,0.7,534.2657,9.67,0.7716-0.8004,2.0666E3,24,3843,230302  30SPD Sample 6_S1-A6_1_7728.d,1,1,tr|F1RX36|F1RX36_PIG,,,PEAKS DB
DTTPSNPDWGTFKE,43.92,1593.6947,14,0.2,797.8548,23.12,1.0041-1.0325,2.3382E2,24,14871,230302  30SPD Sample 6_S1-A6_1_7728.d,1,1,tr|F1RX36|F1RX36_PIG,,,PEAKS DB
YDAAQRGP,43.89,876.4089,8,0.6,439.2120,6.95,0.7531-0.7819,2.7252E3,24,1705,230302  30SPD Sample 6_S1-A6_1_7728.d,1,1,P0DSO0|SAA2_PIG,,,PEAKS DB
DGKTHPGGP,43.84,864.4089,9,3.4,433.2132,3.98,0.7219-0.7508,1.2572E2,24,192,230302  30SPD Sample 6_S1-A6_1_7728.d,1,1,tr|F1RX36|F1RX36_PIG,,,PEAKS DB
FHPDGPEYS,43.79,1047.4297,9,3.4,524.7239,12.95,0.8119-0.8406,6.678E2,24,6033,230302  30SPD Sample 6_S1-A6_1_7728.d,1,1,tr|F1RX36|F1RX36_PIG,,,PEAKS DB
PVAPPISAGGYQPRPA,43.77,1576.8361,16,-1.2,789.4244,20.89,1.0246-1.0530,2.6896E2,24,12755,230302  30SPD Sample 6_S1-A6_1_7728.d,1,1,tr|F1RX37|F1RX37_PIG,,,PEAKS DB
EVSGSVSPGTK,43.74,1046.5244,11,-1.3,524.2688,7.14,0.8073-0.8360,2.219E4,24,1855,230302  30SPD Sample 6_S1-A6_1_7728.d,2,2,tr|F1RX36|F1RX36_PIG,,,PEAKS DB
GVRLLQDAVDF,43.69,1231.6560,11,-3.1,616.8334,38.90,0.9163-0.9448,0,24,27506,230302  30SPD Sample 6_S1-A6_1_7728.d,0,0,P02543|VIME_PIG,,,PEAKS DB
ARETPPEWKALLETRQV,43.67,2023.0850,17,2.7,675.3707,42.36,0.9231-0.9517,3.9307E2,24,29889,230302  30SPD Sample 6_S1-A6_1_7728.d,1,1,tr|F1RX36|F1RX36_PIG,,,PEAKS DB
DLAGFFHPDGPEYSS,43.58,1637.6997,15,-2.8,819.8549,36.89,1.0325-1.0609,1.0355E3,24,26275,230302  30SPD Sample 6_S1-A6_1_7728.d,1,1,tr|F1RX36|F1RX36_PIG,,,PEAKS DB
EDTSLLDKM(+15.99)QD,43.47,1309.5708,11,1.4,655.7936,14.34,0.9277-0.9562,5.8079E2,24,6987,230302  30SPD Sample 6_S1-A6_1_7728.d,1,1,P27917|APOC3_PIG,Oxidation (M),M9:Oxidation (M):1000.00,PEAKS DB
PPPNFPGPRFPPP,43.45,1415.7349,13,0.2,708.8748,33.33,0.9756-1.0041,6.4836E3,24,23821,230302  30SPD Sample 6_S1-A6_1_7728.d,1,1,P51524|PF11_PIG,,,PEAKS DB
EDTSLLDKM(+15.99)Q,43.43,1194.5438,10,2.2,598.2805,14.06,0.8842-0.9128,5.0662E2,24,6785,230302  30SPD Sample 6_S1-A6_1_7728.d,1,1,P27917|APOC3_PIG,Oxidation (M),M9:Oxidation (M):1000.00,PEAKS DB
EVSGSVSPGTKSE,43.37,1262.5990,13,-3.0,632.3049,7.61,0.8865-0.9151,7.7561E2,24,2325,230302  30SPD Sample 6_S1-A6_1_7728.d,1,1,tr|F1RX36|F1RX36_PIG,,,PEAKS DB
DAAQRGPGGAWA,43.30,1155.5421,12,-0.7,578.7780,15.57,0.8521-0.8808,2.0174E3,24,7841,230302  30SPD Sample 6_S1-A6_1_7728.d,1,1,P0DSO0|SAA2_PIG,,,PEAKS DB
DALTKAVGHLDDLPGALSA,43.29,1862.9738,19,0.0,621.9985,39.03,0.8211-0.8498,2.0015E2,24,27557,230302  30SPD Sample 6_S1-A6_1_7728.d,1,1,P01965|HBA_PIG,,,PEAKS DB
EEEEDEDEEEEDEDE,43.27,1897.5868,15,0.6,949.8013,8.36,1.0711-1.0994,6.0779E2,24,2936,230302  30SPD Sample 6_S1-A6_1_7728.d,1,1,P17741|HMGB2_PIG,,,PEAKS DB
TTADDFQPFFNEK,43.26,1558.6940,13,-2.7,780.3522,34.00,1.0143-1.0427,6.4549E2,24,24472,230302  30SPD Sample 6_S1-A6_1_7728.d,1,1,Q19AZ8|THRB_PIG,,,PEAKS DB
SGKDPNHFRPPGLPDKY,43.22,1923.9591,17,6.6,482.0002,41.56,0.8280-0.8567,0,24,29124,230302  30SPD Sample 6_S1-A6_1_7728.d,0,0,P0DSO0|SAA2_PIG,,,PEAKS DB
DTDQVDKKEDQIDPR,43.20,1800.8489,15,2.7,601.2919,9.32,0.8441-0.8727,3.13E2,24,3635,230302  30SPD Sample 6_S1-A6_1_7728.d,1,1,Q9GLP2|PROC_PIG,,,PEAKS DB
DFEQEM(+15.99)ATAA,43.18,1127.4441,10,0.6,564.7297,14.34,0.8406-0.8693,8.5725E2,24,6970,230302  30SPD Sample 6_S1-A6_1_7728.d,1,1,Q6QAQ1|ACTB_PIG,Oxidation (M),M6:Oxidation (M):1000.00,PEAKS DB
VQM(+15.99)AEVQDKGEFLAEGGGV,43.08,1978.9305,19,-5.6,990.4670,22.67,1.1615-1.1897,3.5969E2,24,14469,230302  30SPD Sample 6_S1-A6_1_7728.d,1,1,tr|F1RX36|F1RX36_PIG,Oxidation (M),M3:Oxidation (M):1000.00,PEAKS DB
DVGQTVDDPYATFV,43.00,1525.6936,14,-2.7,763.8521,35.12,1.0098-1.0382,1.2398E3,24,25232,230302  30SPD Sample 6_S1-A6_1_7728.d,1,1,P10668|COF1_PIG,,,PEAKS DB
GDFSNANNNDNIYSQV,42.99,1770.7445,16,0.1,886.3796,23.91,1.0711-1.0994,3.7343E2,24,15515,230302  30SPD Sample 6_S1-A6_1_7728.d,1,1,tr|F1RX36|F1RX36_PIG,,,PEAKS DB
NLKPVVAEF,42.93,1015.5702,9,0.6,508.7927,33.36,0.8257-0.8544,8.6211E2,24,23898,230302  30SPD Sample 6_S1-A6_1_7728.d,1,1,P09571|TRFE_PIG,,,PEAKS DB
DALTSVKESEV,42.92,1176.5874,11,0.9,589.3015,19.03,0.8831-0.9117,2.4897E3,24,10777,230302  30SPD Sample 6_S1-A6_1_7728.d,1,1,P27917|APOC3_PIG,,,PEAKS DB
HLDDLPGALSAL,42.88,1220.6400,12,14.7,611.3362,40.93,0.9174-0.9460,2.4737E3,24,28483,230302  30SPD Sample 6_S1-A6_1_7728.d,1,1,P01965|HBA_PIG,,,PEAKS DB
SDLAGFFHPDGPEYSSSS,42.87,1898.7958,18,0.8,950.4059,34.72,1.1164-1.1446,8.1881E2,24,25038,230302  30SPD Sample 6_S1-A6_1_7728.d,1,1,tr|F1RX36|F1RX36_PIG,,,PEAKS DB
GDAKTDQAQKAEGAGDA,42.84,1631.7386,17,-0.3,544.9200,5.40,0.7265-0.7554,0,24,698,230302  30SPD Sample 6_S1-A6_1_7728.d,0,0,P80272|HMGN2_PIG,,,PEAKS DB
FDIAVDGEPLGRV,42.77,1386.7142,13,8.3,694.3701,36.17,0.9505-0.9790,1.4567E2,24,25883,230302  30SPD Sample 6_S1-A6_1_7728.d,1,1,P62936|PPIA_PIG,,,PEAKS DB
EEEEDEDEEEEDED,42.76,1768.5442,14,1.3,885.2805,7.61,1.0212-1.0495,4.9903E2,24,2319,230302  30SPD Sample 6_S1-A6_1_7728.d,1,1,P17741|HMGB2_PIG,,,PEAKS DB
IM(+15.99)GGSLDAK,42.76,906.4481,9,-0.2,454.2312,9.38,0.7762-0.8050,5.484E4,24,3364,230302  30SPD Sample 6_S1-A6_1_7728.d,2,2,Q8SPS7|HPT_PIG,Oxidation (M),M2:Oxidation (M):1000.00,PEAKS DB
EEEEDEDEEEEDEDEE,42.75,2026.6294,16,0.2,1014.3221,8.87,1.0666-1.0949,3.493E2,24,3312,230302  30SPD Sample 6_S1-A6_1_7728.d,1,1,P17741|HMGB2_PIG,,,PEAKS DB
PPNFPGPR,42.69,880.4555,8,8.0,441.2386,21.75,0.7681-0.7969,2.5071E3,24,13523,230302  30SPD Sample 6_S1-A6_1_7728.d,2,2,P51524|PF11_PIG,,,PEAKS DB
SGSGSLRPDSS,42.68,1048.4785,11,-0.6,525.2462,6.91,0.8015-0.8303,1.0225E2,24,1812,230302  30SPD Sample 6_S1-A6_1_7728.d,1,1,tr|F1RX36|F1RX36_PIG,,,PEAKS DB
YTPKPEPS,42.67,917.4494,8,-1.4,459.7313,7.61,0.7773-0.8061,8.4999E2,24,2328,230302  30SPD Sample 6_S1-A6_1_7728.d,1,1,P27917|APOC3_PIG,,,PEAKS DB
TPPEWKA,42.57,827.4177,7,1.0,414.7166,14.83,0.7519-0.7808,5.4753E3,24,7321,230302  30SPD Sample 6_S1-A6_1_7728.d,1,1,tr|F1RX36|F1RX36_PIG,,,PEAKS DB
PGPRFPPPN,42.55,977.5082,9,-0.3,489.7612,15.24,0.7935-0.8222,1.7575E3,24,7534,230302  30SPD Sample 6_S1-A6_1_7728.d,3,3,P51524|PF11_PIG,,,PEAKS DB
QPPKADEDPGTPKPV,42.53,1574.7939,15,0.0,525.9386,10.65,0.7785-0.8073,2.6889E3,24,4509,230302  30SPD Sample 6_S1-A6_1_7728.d,1,1,P51524|PF11_PIG:P80054|PR39_PIG,,,PEAKS DB
QAFPPPNVPGPR,42.46,1275.6724,12,-1.5,638.8425,26.86,0.8945-0.9231,1.2659E3,24,17843,230302  30SPD Sample 6_S1-A6_1_7728.d,2,2,P51524|PF11_PIG,,,PEAKS DB
DQPPKADEDPGTP,42.44,1365.6047,13,0.1,683.8097,9.97,0.9277-0.9562,6.4614E3,24,4121,230302  30SPD Sample 6_S1-A6_1_7728.d,1,1,P51524|PF11_PIG:P80054|PR39_PIG,,,PEAKS DB
RDETSLSRDPFPDFFSPV,42.40,2110.9958,18,0.5,704.6729,42.64,0.8601-0.8888,1.4234E3,24,30432,230302  30SPD Sample 6_S1-A6_1_7728.d,1,1,tr|F1RX36|F1RX36_PIG,,,PEAKS DB
HM(+15.99)LPGKGSLDEFFHR,42.34,1785.8621,15,-2.8,596.2930,42.42,0.8876-0.9163,3.0851E2,24,30043,230302  30SPD Sample 6_S1-A6_1_7728.d,1,1,tr|F1RX36|F1RX36_PIG,Oxidation (M),M2:Oxidation (M):1000.00,PEAKS DB
GSDLAGFFHPDGPEYSSSSK,42.31,2083.9124,20,-3.3,695.6425,34.56,0.8464-0.8750,2.3054E3,24,24764,230302  30SPD Sample 6_S1-A6_1_7728.d,1,1,tr|F1RX36|F1RX36_PIG,,,PEAKS DB
FLANVSTVLTSKYR,42.31,1597.8828,14,-5.6,533.6319,35.72,0.8199-0.8487,0,24,25679,230302  30SPD Sample 6_S1-A6_1_7728.d,0,0,P01965|HBA_PIG,,,PEAKS DB
HM(+15.99)LPGKGSLDEFF,42.28,1492.7020,13,-2.1,747.3567,37.34,1.0098-1.0382,4.2809E2,24,26590,230302  30SPD Sample 6_S1-A6_1_7728.d,1,1,tr|F1RX36|F1RX36_PIG,Oxidation (M),M2:Oxidation (M):1000.00,PEAKS DB
TPPEWKALLE,42.25,1182.6284,10,-0.5,592.3212,36.96,0.8544-0.8831,3.6983E3,24,26429,230302  30SPD Sample 6_S1-A6_1_7728.d,3,3,tr|F1RX36|F1RX36_PIG,,,PEAKS DB
DETSLSRDPFPDFFSPVL,42.25,2067.9788,18,-1.5,1034.9951,42.81,1.1503-1.1784,3.442E2,24,30763,230302  30SPD Sample 6_S1-A6_1_7728.d,1,1,tr|F1RX36|F1RX36_PIG,,,PEAKS DB
DAGLVFEAGLAPY,42.20,1321.6554,13,-3.9,661.8324,42.04,0.9505-0.9790,3.0456E2,24,29531,230302  30SPD Sample 6_S1-A6_1_7728.d,1,1,P09571|TRFE_PIG,,,PEAKS DB
REEAPSLRPVAPPISA,42.18,1688.9209,16,-5.2,563.9780,23.32,0.7716-0.8004,1.1697E3,24,14933,230302  30SPD Sample 6_S1-A6_1_7728.d,2,2,tr|F1RX37|F1RX37_PIG,,,PEAKS DB
GDDAPRAVFPSIV,42.18,1342.6881,13,-1.5,672.3503,37.04,0.9642-0.9927,1.2409E3,24,26386,230302  30SPD Sample 6_S1-A6_1_7728.d,1,1,Q6QAQ1|ACTB_PIG,,,PEAKS DB
TITKTINREGGAVESKSY,42.04,1953.0167,18,0.8,652.0134,29.62,0.8360-0.8647,6.9296E2,24,20327,230302  30SPD Sample 6_S1-A6_1_7728.d,2,2,tr|F1RX36|F1RX36_PIG,,,PEAKS DB
APPGEFNEVFNDV,42.00,1433.6462,13,-3.0,717.8282,36.96,0.9688-0.9973,4.0588E2,24,26399,230302  30SPD Sample 6_S1-A6_1_7728.d,1,1,A0PFK5|CAZA1_PIG:Q29221|CAZA2_PIG,,,PEAKS DB
DYDEDEDGRPKVHV,41.99,1672.7328,14,-2.1,558.5837,29.21,0.7923-0.8211,0,24,20052,230302  30SPD Sample 6_S1-A6_1_7728.d,0,0,tr|F1RX37|F1RX37_PIG,,,PEAKS DB
THTVPIYEGY,41.99,1178.5608,10,1.6,590.2886,21.81,0.8888-0.9174,1.2265E2,24,13633,230302  30SPD Sample 6_S1-A6_1_7728.d,1,1,Q6QAQ1|ACTB_PIG,,,PEAKS DB
TETQEKNPLPS,41.93,1242.6091,11,-1.1,622.3112,12.05,0.9014-0.9300,3.97E2,24,5490,230302  30SPD Sample 6_S1-A6_1_7728.d,1,1,Q95274|TYB4_PIG,,,PEAKS DB
QPPKADEDPGTPKP,41.91,1475.7256,14,-0.7,492.9155,9.01,0.7612-0.7900,1.0006E3,24,3474,230302  30SPD Sample 6_S1-A6_1_7728.d,1,1,P51524|PF11_PIG:P80054|PR39_PIG,,,PEAKS DB
GSDLAGFFHPDGPEYSSS,41.82,1868.7853,18,-1.1,935.3989,35.08,1.1107-1.1390,1.0546E3,24,25192,230302  30SPD Sample 6_S1-A6_1_7728.d,1,1,tr|F1RX36|F1RX36_PIG,,,PEAKS DB
DDYVNTQGA,41.69,981.4039,9,-0.5,491.7090,12.58,0.7900-0.8188,1.0412E3,24,5803,230302  30SPD Sample 6_S1-A6_1_7728.d,1,1,P06867|PLMN_PIG,,,PEAKS DB
GDKDIVIGKEKV,41.69,1299.7397,12,2.4,434.2549,30.45,0.7635-0.7923,2.5207E2,24,21137,230302  30SPD Sample 6_S1-A6_1_7728.d,1,1,tr|F1RX36|F1RX36_PIG,,,PEAKS DB
DQPPKADEDPGTPKP,41.68,1590.7524,15,-0.9,531.2576,9.88,0.7300-0.7589,2.1391E3,24,3893,230302  30SPD Sample 6_S1-A6_1_7728.d,3,3,P51524|PF11_PIG:P80054|PR39_PIG,,,PEAKS DB
VLSAADKANV,41.63,986.5396,10,0.8,494.2775,12.79,0.7969-0.8257,8.1911E2,24,5933,230302  30SPD Sample 6_S1-A6_1_7728.d,1,1,P01965|HBA_PIG,,,PEAKS DB
VGHLDDLPGALSA,41.60,1263.6459,13,-3.9,632.8278,32.34,0.9300-0.9585,7.7264E2,24,22898,230302  30SPD Sample 6_S1-A6_1_7728.d,1,1,P01965|HBA_PIG,,,PEAKS DB
SDARENVQRV,41.56,1172.5897,10,3.0,391.8717,7.58,0.7011-0.7300,1.4294E3,24,2297,230302  30SPD Sample 6_S1-A6_1_7728.d,1,1,P0DSO0|SAA2_PIG,,,PEAKS DB
KTETQEKNPLPSKETIEQEKQAGES,41.56,2828.4038,25,3.8,708.1109,11.92,0.9094-0.9380,8.8705E2,24,5359,230302  30SPD Sample 6_S1-A6_1_7728.d,1,1,Q95274|TYB4_PIG,,,PEAKS DB
AFPPPNVPGPR,41.53,1147.6138,11,-1.3,574.8134,20.48,0.8509-0.8796,8.8814E3,24,11914,230302  30SPD Sample 6_S1-A6_1_7728.d,1,1,P51524|PF11_PIG,,,PEAKS DB
TDSISSLKDYWSTF,41.43,1648.7621,14,5.9,825.3932,41.63,1.0564-1.0847,1.6875E2,24,29163,230302  30SPD Sample 6_S1-A6_1_7728.d,1,1,P27917|APOC3_PIG,,,PEAKS DB
EEAPSLRPVAPPISAGGYQP,41.34,2035.0374,20,-2.8,1018.5231,28.17,1.1807-1.2088,0,24,19002,230302  30SPD Sample 6_S1-A6_1_7728.d,0,0,tr|F1RX37|F1RX37_PIG,,,PEAKS DB
DSGRDYVAQFEA,41.24,1356.5946,12,1.0,679.3052,23.67,0.9334-0.9619,8.4645E2,24,15222,230302  30SPD Sample 6_S1-A6_1_7728.d,1,1,P18648|APOA1_PIG,,,PEAKS DB
TETQEKNTLPTKETIEQEKQA,41.19,2445.2234,21,-4.9,612.3101,12.38,0.8475-0.8762,0,24,5704,230302  30SPD Sample 6_S1-A6_1_7728.d,0,0,P21753|TYB10_PIG,,,PEAKS DB
QMAEVQDKGEFLAEGGGV,41.17,1863.8672,18,17.9,932.9576,24.17,1.1175-1.1457,2.4778E3,24,15648,230302  30SPD Sample 6_S1-A6_1_7728.d,1,1,tr|F1RX36|F1RX36_PIG,,,PEAKS DB
RREEAPSLRPVAPPISA,41.11,1845.0220,17,0.1,616.0146,33.16,0.8199-0.8487,3.1918E3,24,23409,230302  30SPD Sample 6_S1-A6_1_7728.d,1,1,tr|F1RX37|F1RX37_PIG,,,PEAKS DB
FPPRFPP,41.06,856.4595,7,-0.2,429.2369,34.62,0.7473-0.7762,2.2737E4,24,26220,230302  30SPD Sample 6_S1-A6_1_7728.d,2,2,P80054|PR39_PIG,,,PEAKS DB
DEDEDGRP,41.05,931.3519,8,-0.9,466.6828,4.86,0.7623-0.7911,9.649E2,24,317,230302  30SPD Sample 6_S1-A6_1_7728.d,1,1,tr|F1RX37|F1RX37_PIG,,,PEAKS DB
NLKPVVAEFYGQKDNPQTHYYAVAV,41.04,2850.4341,25,1.4,713.6168,42.33,0.9756-1.0041,2.622E3,24,29855,230302  30SPD Sample 6_S1-A6_1_7728.d,2,2,P09571|TRFE_PIG,,,PEAKS DB
EVSGSVSPGTKSEVHTSKLV,41.04,2027.0535,20,2.4,676.6934,30.54,0.9403-0.9688,1.887E2,24,21193,230302  30SPD Sample 6_S1-A6_1_7728.d,1,1,tr|F1RX36|F1RX36_PIG,,,PEAKS DB
QPPKADEDPGTPK,41.02,1378.6729,13,-0.2,460.5648,6.50,0.7681-0.7969,1.2201E3,24,1432,230302  30SPD Sample 6_S1-A6_1_7728.d,1,1,P51524|PF11_PIG:P80054|PR39_PIG,,,PEAKS DB
TPPEWKALL,40.98,1053.5858,9,-0.6,527.7999,38.46,0.8395-0.8682,4.2003E3,24,27107,230302  30SPD Sample 6_S1-A6_1_7728.d,1,1,tr|F1RX36|F1RX36_PIG,,,PEAKS DB
FPPPPPFRPPPFG,40.97,1448.7604,13,-1.5,725.3864,39.74,0.9574-0.9859,8.026E2,24,27927,230302  30SPD Sample 6_S1-A6_1_7728.d,1,1,P51524|PF11_PIG,,,PEAKS DB
LLSPYSYSTTALVSSPKEGAL,40.96,2183.1362,21,-2.3,1092.5729,36.92,1.2380-1.2661,4.6785E2,24,26358,230302  30SPD Sample 6_S1-A6_1_7728.d,1,1,P50390|TTHY_PIG,,,PEAKS DB
TKLEDHLEGIINIFHQYSV,40.94,2255.1587,19,1.8,752.7282,42.66,0.9208-0.9494,0,24,30482,230302  30SPD Sample 6_S1-A6_1_7728.d,0,0,P80310|S10AC_PIG,,,PEAKS DB
SLDEFFHRHRDET,40.87,1687.7703,13,-3.1,563.5956,42.47,0.7935-0.8222,1.2337E3,24,30077,230302  30SPD Sample 6_S1-A6_1_7728.d,1,1,tr|F1RX36|F1RX36_PIG,,,PEAKS DB
HRDETSLSRDPFP,40.85,1555.7379,13,1.3,519.5873,33.30,0.7739-0.8027,1.5473E3,24,23614,230302  30SPD Sample 6_S1-A6_1_7728.d,1,1,tr|F1RX36|F1RX36_PIG,,,PEAKS DB
ELDQPPKADED,40.84,1255.5568,11,-1.3,628.7849,10.14,0.8819-0.9105,1.4435E3,24,4186,230302  30SPD Sample 6_S1-A6_1_7728.d,1,1,P51524|PF11_PIG:P80054|PR39_PIG,,,PEAKS DB
AIDYDEDEDGRPKVH,40.84,1757.7856,15,1.2,586.9365,11.03,0.8119-0.8406,1.8446E2,24,4810,230302  30SPD Sample 6_S1-A6_1_7728.d,1,1,tr|F1RX37|F1RX37_PIG,,,PEAKS DB
GSVSPGTKSEVHTS,40.83,1371.6630,14,-0.1,458.2282,6.38,0.7161-0.7450,9.5341E2,24,1365,230302  30SPD Sample 6_S1-A6_1_7728.d,1,1,tr|F1RX36|F1RX36_PIG,,,PEAKS DB
KEFDGKTHPGGPGSDLAGFFHPDGPEYSSSS,40.81,3206.4216,31,-1.3,802.6116,42.38,0.8567-0.8854,2.9224E2,24,29959,230302  30SPD Sample 6_S1-A6_1_7728.d,1,1,tr|F1RX36|F1RX36_PIG,,,PEAKS DB
VDRLNEQSSEA,40.75,1246.5790,11,-1.0,624.2961,8.48,0.8842-0.9128,1.6503E3,24,2965,230302  30SPD Sample 6_S1-A6_1_7728.d,1,1,P51524|PF11_PIG:P80054|PR39_PIG,,,PEAKS DB
VISDARENVQ,40.74,1129.5728,10,0.3,565.7938,9.15,0.8590-0.8876,1.444E3,24,3449,230302  30SPD Sample 6_S1-A6_1_7728.d,1,1,P0DSO0|SAA2_PIG,,,PEAKS DB
DQAANEWGR,40.73,1045.4576,9,-1.3,523.7354,11.45,0.8142-0.8429,3.2984E3,24,5211,230302  30SPD Sample 6_S1-A6_1_7728.d,1,1,P0DSO0|SAA2_PIG,,,PEAKS DB
SVKESEVAQQA,40.71,1174.5830,11,-1.9,588.2977,8.55,0.8498-0.8785,3.6569E3,24,3031,230302  30SPD Sample 6_S1-A6_1_7728.d,1,1,P27917|APOC3_PIG,,,PEAKS DB
EEEAPPPGPQTDDLGV,40.71,1649.7419,16,4.4,825.8818,23.84,1.0552-1.0836,4.0227E2,24,15436,230302  30SPD Sample 6_S1-A6_1_7728.d,1,1,P48819|VTNC_PIG,,,PEAKS DB
ELLRGDFSNA,40.70,1120.5513,10,3.1,561.2847,21.41,0.8693-0.8980,4.2972E2,24,13214,230302  30SPD Sample 6_S1-A6_1_7728.d,1,1,tr|F1RX36|F1RX36_PIG,,,PEAKS DB
GFFHPDGPEY,40.69,1164.4875,10,-0.1,583.2510,25.11,0.8773-0.9060,6.0149E1,24,16522,230302  30SPD Sample 6_S1-A6_1_7728.d,1,1,tr|F1RX36|F1RX36_PIG,,,PEAKS DB
EGIINIFHQY,40.64,1232.6189,10,3.2,617.3187,40.33,0.9288-0.9574,5.9829E2,24,28242,230302  30SPD Sample 6_S1-A6_1_7728.d,1,1,P80310|S10AC_PIG,,,PEAKS DB
KEFDGKTHPGGPGSDLAGFFHPDGPEYSSSSK,40.58,3334.5166,32,-3.5,667.9083,42.42,0.9688-0.9973,0,24,30048,230302  30SPD Sample 6_S1-A6_1_7728.d,0,0,tr|F1RX36|F1RX36_PIG,,,PEAKS DB
DDFNPSVHA,40.56,1000.4250,9,-0.5,501.2195,16.24,0.8004-0.8291,2.4713E3,24,8389,230302  30SPD Sample 6_S1-A6_1_7728.d,1,1,P01965|HBA_PIG,,,PEAKS DB
DQSQIQEFKEA,40.56,1321.6150,11,-1.0,661.8141,17.12,0.9185-0.9471,3.4323E2,24,9206,230302  30SPD Sample 6_S1-A6_1_7728.d,1,1,P29269|MYL9_PIG,,,PEAKS DB
RLLELDQPPKADEDPGTPKPV,40.53,2314.2168,21,0.9,772.4136,33.05,0.9311-0.9597,7.3986E2,24,23564,230302  30SPD Sample 6_S1-A6_1_7728.d,1,1,P51524|PF11_PIG:P80054|PR39_PIG,,,PEAKS DB
HM(+15.99)LPGKGSLDEFFHRHRDETS,40.45,2511.1714,21,9.2,628.8059,42.50,0.8659-0.8945,0,24,30195,230302  30SPD Sample 6_S1-A6_1_7728.d,0,0,tr|F1RX36|F1RX36_PIG,Oxidation (M),M2:Oxidation (M):1000.00,PEAKS DB
EAYEGAKDM(+15.99)L,40.45,1141.4961,10,2.7,571.7568,13.55,0.8624-0.8911,3.6111E2,24,6452,230302  30SPD Sample 6_S1-A6_1_7728.d,1,1,P0DSO0|SAA2_PIG,Oxidation (M),M9:Oxidation (M):1000.00,PEAKS DB
KEFDGKTHPGGPGSDLAGFFHPDGPEYS,40.42,2945.3254,28,-1.7,737.3374,42.44,0.8360-0.8647,2.9475E2,24,30036,230302  30SPD Sample 6_S1-A6_1_7728.d,1,1,tr|F1RX36|F1RX36_PIG,,,PEAKS DB
GRTTGIVM(+15.99)DS,40.38,1051.4968,10,4.4,526.7580,9.79,0.8176-0.8464,7.0619E2,24,3932,230302  30SPD Sample 6_S1-A6_1_7728.d,1,1,Q6QAQ1|ACTB_PIG,Oxidation (M),M8:Oxidation (M):1000.00,PEAKS DB
GSVSPGTKSEV,40.37,1046.5244,11,1.1,524.2701,8.71,0.8176-0.8464,5.3906E2,24,3164,230302  30SPD Sample 6_S1-A6_1_7728.d,1,1,tr|F1RX36|F1RX36_PIG,,,PEAKS DB
TAQDALTSVKESEVA,40.37,1547.7678,15,-4.0,774.8881,19.28,1.0189-1.0473,2.6698E2,24,11218,230302  30SPD Sample 6_S1-A6_1_7728.d,1,1,P27917|APOC3_PIG,,,PEAKS DB
EEAPSLRPVAPP,40.35,1261.6666,12,-2.4,631.8391,20.96,0.9083-0.9368,1.3146E3,24,12768,230302  30SPD Sample 6_S1-A6_1_7728.d,1,1,tr|F1RX37|F1RX37_PIG,,,PEAKS DB
FPPPNFPGPRF,40.31,1271.6450,11,0.3,636.8300,37.43,0.8716-0.9002,8.3416E3,24,26453,230302  30SPD Sample 6_S1-A6_1_7728.d,2,2,P51524|PF11_PIG,,,PEAKS DB
HRPYDKRREEAPSLRPVAPPISA,40.25,2641.4199,23,-3.3,661.3600,42.50,0.8452-0.8739,4.396E2,24,30192,230302  30SPD Sample 6_S1-A6_1_7728.d,1,1,tr|F1RX37|F1RX37_PIG,,,PEAKS DB
EAPSLRPV,40.21,867.4814,8,-1.5,434.7473,16.50,0.7612-0.7900,3.3362E3,24,8619,230302  30SPD Sample 6_S1-A6_1_7728.d,1,1,tr|F1RX37|F1RX37_PIG,,,PEAKS DB
IM(+15.99)GGSLDAKGSFPWQ,40.20,1608.7606,15,3.8,805.3906,33.78,1.0393-1.0677,5.2021E2,24,24287,230302  30SPD Sample 6_S1-A6_1_7728.d,1,1,Q8SPS7|HPT_PIG,Oxidation (M),M2:Oxidation (M):1000.00,PEAKS DB
DM(+15.99)REANFK,40.17,1025.4600,8,-1.5,513.7365,6.70,0.8096-0.8383,1.0461E3,24,1564,230302  30SPD Sample 6_S1-A6_1_7728.d,1,1,P0DSO0|SAA2_PIG,Oxidation (M),M2:Oxidation (M):1000.00,PEAKS DB
DGVTHTVPIYEGY,40.16,1449.6776,13,-2.4,725.8444,25.77,0.9711-0.9995,2.5906E3,24,16909,230302  30SPD Sample 6_S1-A6_1_7728.d,2,2,Q6QAQ1|ACTB_PIG,,,PEAKS DB
FPPPPPFRPPP,40.16,1244.6705,11,-0.1,623.3425,33.18,0.8980-0.9265,6.664E3,24,23281,230302  30SPD Sample 6_S1-A6_1_7728.d,2,2,P51524|PF11_PIG,,,PEAKS DB
DGRGAAQNIIPASTGAA,40.15,1568.7906,17,-1.3,785.4016,19.95,0.9882-1.0166,3.3817E2,24,11805,230302  30SPD Sample 6_S1-A6_1_7728.d,1,1,P00355|G3P_PIG,,,PEAKS DB
DDAPRAV,40.15,742.3610,7,-0.5,372.1876,8.31,0.7092-0.7381,3.036E3,24,2764,230302  30SPD Sample 6_S1-A6_1_7728.d,1,1,Q6QAQ1|ACTB_PIG,,,PEAKS DB
DSSTLSRNIIELLRGDFSNA,40.10,2207.1182,20,7.2,736.7186,42.73,0.9094-0.9380,0,24,30634,230302  30SPD Sample 6_S1-A6_1_7728.d,0,0,tr|F1RX36|F1RX36_PIG,,,PEAKS DB
SLDEFFHR,40.09,1049.4930,8,1.1,525.7544,33.88,0.8429-0.8716,2.2491E3,24,24276,230302  30SPD Sample 6_S1-A6_1_7728.d,2,2,tr|F1RX36|F1RX36_PIG,,,PEAKS DB
GFFHPDGPEYS,40.08,1251.5197,11,4.3,626.7698,23.27,0.9117-0.9403,1.1166E3,24,14902,230302  30SPD Sample 6_S1-A6_1_7728.d,2,2,tr|F1RX36|F1RX36_PIG,,,PEAKS DB
KEFDGKTHPGGP,40.06,1268.6149,12,2.6,423.8800,6.89,0.7022-0.7311,0,24,1783,230302  30SPD Sample 6_S1-A6_1_7728.d,0,0,tr|F1RX36|F1RX36_PIG,,,PEAKS DB
DKRREEAPSLRPV,40.06,1551.8480,13,-1.2,518.2893,32.66,0.7900-0.8188,3.4122E4,24,22074,230302  30SPD Sample 6_S1-A6_1_7728.d,2,2,tr|F1RX37|F1RX37_PIG,,,PEAKS DB
FPPPNFPGPPFPPPI,40.04,1616.8390,15,-4.8,809.4229,42.74,1.0620-1.0904,6.3969E2,24,30636,230302  30SPD Sample 6_S1-A6_1_7728.d,1,1,P51524|PF11_PIG,,,PEAKS DB
DKGEFLAEGG,40.00,1021.4716,10,0.3,511.7432,17.29,0.8222-0.8509,5.6082E2,24,9357,230302  30SPD Sample 6_S1-A6_1_7728.d,1,1,tr|F1RX36|F1RX36_PIG,,,PEAKS DB
QTITKTINREGGAVES,39.94,1702.8850,16,2.5,852.4519,12.10,1.0518-1.0802,5.8149E3,24,5525,230302  30SPD Sample 6_S1-A6_1_7728.d,2,2,tr|F1RX36|F1RX36_PIG,,,PEAKS DB
PGTPKPV,39.94,694.4014,7,2.0,348.2086,8.21,0.7230-0.7519,3.2181E2,24,2798,230302  30SPD Sample 6_S1-A6_1_7728.d,1,1,P51524|PF11_PIG:P80054|PR39_PIG,,,PEAKS DB
TETQEKNPLPSKETIE,39.91,1842.9210,16,7.5,615.3189,14.37,0.7750-0.8038,0,24,7038,230302  30SPD Sample 6_S1-A6_1_7728.d,0,0,Q95274|TYB4_PIG,,,PEAKS DB
DGQVITIGNER,39.90,1200.6099,11,-4.0,601.3098,17.80,0.8888-0.9174,2.5323E2,24,9859,230302  30SPD Sample 6_S1-A6_1_7728.d,1,1,Q6QAQ1|ACTB_PIG,,,PEAKS DB
ELRVAPEEHPV,39.88,1274.6619,11,-1.7,425.8938,15.61,0.7496-0.7785,5.3144E2,24,7936,230302  30SPD Sample 6_S1-A6_1_7728.d,1,1,Q6QAQ1|ACTB_PIG,,,PEAKS DB
IPPGFPPRFPPR,39.86,1376.7716,12,-0.2,459.9310,35.16,0.7888-0.8176,5.2182E3,24,25920,230302  30SPD Sample 6_S1-A6_1_7728.d,2,2,P80054|PR39_PIG,,,PEAKS DB
GGYQPRP,39.85,773.3820,7,-4.5,387.6966,8.35,0.7335-0.7623,2.3158E2,24,2907,230302  30SPD Sample 6_S1-A6_1_7728.d,1,1,tr|F1RX37|F1RX37_PIG,,,PEAKS DB
TEAESNM(+15.99)NDLVSEY,39.81,1616.6511,14,-8.8,809.3257,21.18,1.0155-1.0439,2.5287E2,24,13032,230302  30SPD Sample 6_S1-A6_1_7728.d,1,1,Q767L7|TBB5_PIG,Oxidation (M),M7:Oxidation (M):1000.00,PEAKS DB
HKNDINIYSLTVDSK,39.78,1745.8948,15,0.3,582.9724,34.15,0.8234-0.8521,1.0711E2,24,24612,230302  30SPD Sample 6_S1-A6_1_7728.d,1,1,P79263|ITIH4_PIG,,,PEAKS DB
EVQDKGEFLAEG,39.75,1320.6198,12,-2.9,661.3152,18.51,0.9323-0.9608,8.2087E2,24,10380,230302  30SPD Sample 6_S1-A6_1_7728.d,1,1,tr|F1RX36|F1RX36_PIG,,,PEAKS DB
DGEPLGRV,39.72,841.4293,8,2.0,421.7228,15.90,0.7496-0.7785,1.9167E3,24,8172,230302  30SPD Sample 6_S1-A6_1_7728.d,1,1,P62936|PPIA_PIG,,,PEAKS DB
PPNFPGPRFPPPNFP,39.70,1676.8463,15,-1.1,839.4295,36.19,1.0586-1.0870,3.8054E4,24,26889,230302  30SPD Sample 6_S1-A6_1_7728.d,1,1,P51524|PF11_PIG,,,PEAKS DB
ETPPEWKA,39.69,956.4603,8,-0.4,479.2372,15.93,0.7739-0.8027,5.141E2,24,8229,230302  30SPD Sample 6_S1-A6_1_7728.d,1,1,tr|F1RX36|F1RX36_PIG,,,PEAKS DB
ADALTKAVG,39.64,844.4654,9,-3.4,423.2386,13.65,0.7358-0.7646,2.6446E2,24,6507,230302  30SPD Sample 6_S1-A6_1_7728.d,1,1,P01965|HBA_PIG,,,PEAKS DB
DFEQEM(+15.99)AT,39.64,985.3699,8,-0.8,493.6918,12.13,0.7865-0.8153,1.8129E3,24,5474,230302  30SPD Sample 6_S1-A6_1_7728.d,1,1,Q6QAQ1|ACTB_PIG,Oxidation (M),M6:Oxidation (M):1000.00,PEAKS DB
DRLNEQSSE,39.63,1076.4734,9,0.3,539.2441,5.92,0.8211-0.8498,8.34E2,24,977,230302  30SPD Sample 6_S1-A6_1_7728.d,1,1,P51524|PF11_PIG:P80054|PR39_PIG,,,PEAKS DB
ELDQPPKA,39.61,896.4603,8,1.2,449.2380,10.36,0.7600-0.7888,4.935E2,24,4416,230302  30SPD Sample 6_S1-A6_1_7728.d,1,1,P51524|PF11_PIG:P80054|PR39_PIG,,,PEAKS DB
FLAEGGGVR,39.60,904.4766,9,-0.9,453.2452,19.71,0.7727-0.8015,8.1688E3,24,11647,230302  30SPD Sample 6_S1-A6_1_7728.d,2,2,tr|F1RX36|F1RX36_PIG,,,PEAKS DB
PRVETTT,39.58,802.4185,7,0.0,402.2165,6.18,0.7230-0.7519,1.0643E4,24,1125,230302  30SPD Sample 6_S1-A6_1_7728.d,1,1,P09571|TRFE_PIG,,,PEAKS DB
DGVTHTVPIYEG,39.57,1286.6143,12,-6.4,644.3103,21.11,0.9128-0.9414,4.0948E2,24,12919,230302  30SPD Sample 6_S1-A6_1_7728.d,1,1,Q6QAQ1|ACTB_PIG,,,PEAKS DB
DNEEQEY,39.52,925.3301,7,-2.1,463.6713,9.22,0.7496-0.7785,1.6512E3,24,3500,230302  30SPD Sample 6_S1-A6_1_7728.d,1,1,P19619|ANXA1_PIG,,,PEAKS DB
VKESEVAQQA,39.50,1087.5509,10,1.0,544.7833,7.81,0.8349-0.8636,4.633E2,24,2497,230302  30SPD Sample 6_S1-A6_1_7728.d,1,1,P27917|APOC3_PIG,,,PEAKS DB
EAPLNPK,39.46,767.4177,7,0.4,384.7163,8.33,0.7542-0.7831,1.4906E3,24,2813,230302  30SPD Sample 6_S1-A6_1_7728.d,1,1,Q6QAQ1|ACTB_PIG,,,PEAKS DB
KEFDGKTHPGGPGSDLAGFFHPDGPEY,39.45,2858.2935,27,-0.9,715.5800,42.46,0.8360-0.8647,3.697E2,24,30117,230302  30SPD Sample 6_S1-A6_1_7728.d,1,1,tr|F1RX36|F1RX36_PIG,,,PEAKS DB
DDPQSPWDRVKDF,39.41,1603.7267,13,-3.1,802.8682,34.49,1.0007-1.0291,4.0274E2,24,24867,230302  30SPD Sample 6_S1-A6_1_7728.d,1,1,P18648|APOA1_PIG,,,PEAKS DB
DGVTHTVP,39.39,824.4028,8,0.7,413.2090,11.80,0.7392-0.7681,1.0637E3,24,5213,230302  30SPD Sample 6_S1-A6_1_7728.d,1,1,Q6QAQ1|ACTB_PIG,,,PEAKS DB
STGGGASLELLEGKVLPGVDA,39.39,1969.0367,21,1.6,985.5272,40.53,1.1739-1.2021,3.0693E2,24,28359,230302  30SPD Sample 6_S1-A6_1_7728.d,1,1,Q7SIB7|PGK1_PIG,,,PEAKS DB
IPPGFPPR,39.37,879.4966,8,-0.7,440.7553,23.16,0.7716-0.8004,6.4525E3,24,14652,230302  30SPD Sample 6_S1-A6_1_7728.d,3,3,P80054|PR39_PIG,,,PEAKS DB
DGKTHPGGPGSDL,39.37,1236.5735,13,-6.3,413.1958,10.00,0.6628-0.6918,0,24,4140,230302  30SPD Sample 6_S1-A6_1_7728.d,0,0,tr|F1RX36|F1RX36_PIG,,,PEAKS DB
AGGYQPRPA,39.36,915.4562,9,1.6,458.7361,7.82,0.7785-0.8073,2.8616E2,24,2533,230302  30SPD Sample 6_S1-A6_1_7728.d,1,1,tr|F1RX37|F1RX37_PIG,,,PEAKS DB
EVQDKGEFL,39.33,1063.5186,9,0.7,532.7669,20.49,0.8349-0.8636,4.6181E3,24,12605,230302  30SPD Sample 6_S1-A6_1_7728.d,1,1,tr|F1RX36|F1RX36_PIG,,,PEAKS DB
PPNVPGPR,39.27,832.4555,8,2.7,417.2361,26.19,0.7427-0.7716,2.7526E2,24,17381,230302  30SPD Sample 6_S1-A6_1_7728.d,1,1,P51524|PF11_PIG,,,PEAKS DB
VISDARENV,39.27,1001.5142,9,-0.3,501.7642,10.91,0.8107-0.8395,2.7489E3,24,4678,230302  30SPD Sample 6_S1-A6_1_7728.d,1,1,P0DSO0|SAA2_PIG,,,PEAKS DB
DSSTLSRNIIELLR,39.25,1615.8893,14,0.3,808.9521,42.58,1.1175-1.1457,0,24,30304,230302  30SPD Sample 6_S1-A6_1_7728.d,0,0,tr|F1RX36|F1RX36_PIG,,,PEAKS DB
FPPPNFPGPRFPPPNF,39.19,1823.9147,16,-2.2,912.9626,41.46,1.1152-1.1435,1.7786E4,24,29099,230302  30SPD Sample 6_S1-A6_1_7728.d,2,2,P51524|PF11_PIG,,,PEAKS DB
THPGGPGSDLAGFFHPDGPEYSSSS,39.18,2502.0723,25,1.6,835.0327,36.23,0.9711-0.9995,0,24,25965,230302  30SPD Sample 6_S1-A6_1_7728.d,0,0,tr|F1RX36|F1RX36_PIG,,,PEAKS DB
DDAPRAVFPS,39.18,1073.5142,10,-1.4,537.7636,20.41,0.8245-0.8532,1.2517E3,24,12259,230302  30SPD Sample 6_S1-A6_1_7728.d,1,1,Q6QAQ1|ACTB_PIG,,,PEAKS DB
DITPADFKTQARETPPEW,39.11,2101.0115,18,0.3,701.3447,33.56,0.8326-0.8613,0,24,24141,230302  30SPD Sample 6_S1-A6_1_7728.d,0,0,tr|F1RX36|F1RX36_PIG,,,PEAKS DB
PPPPPPPP,39.10,794.4326,8,1.0,398.2240,13.16,0.7911-0.8199,6.1158E2,24,6137,230302  30SPD Sample 6_S1-A6_1_7728.d,1,1,A5D9M6|BAG6_PIG,,,PEAKS DB
AFPPPNVPGPRFPPPNFPGP,39.08,2098.0789,20,-2.3,1050.0443,38.39,1.2021-1.2302,1.0658E3,24,27203,230302  30SPD Sample 6_S1-A6_1_7728.d,2,2,P51524|PF11_PIG,,,PEAKS DB
FPPPNVPGPRFPPPNFPGPR,39.07,2183.1428,20,0.1,728.7216,36.41,0.8762-0.9048,2.1825E4,24,25626,230302  30SPD Sample 6_S1-A6_1_7728.d,2,2,P51524|PF11_PIG,,,PEAKS DB
PPPPPPP,39.07,697.3799,7,-2.5,349.6964,11.27,0.7311-0.7600,9.5175E1,24,4963,230302  30SPD Sample 6_S1-A6_1_7728.d,1,1,A5D9M6|BAG6_PIG,,,PEAKS DB
DSISSLKDYWSTF,39.06,1547.7144,13,5.8,774.8690,41.95,1.0337-1.0620,7.3977E1,24,29446,230302  30SPD Sample 6_S1-A6_1_7728.d,1,1,P27917|APOC3_PIG,,,PEAKS DB
FPPPNVPGPRFPPP,39.06,1514.8033,14,-0.8,758.4083,33.55,1.0121-1.0405,5.7057E3,24,24413,230302  30SPD Sample 6_S1-A6_1_7728.d,3,3,P51524|PF11_PIG,,,PEAKS DB
DEDEDGRPKVH,39.02,1295.5742,11,3.4,432.8668,5.06,0.7068-0.7358,7.7435E2,24,440,230302  30SPD Sample 6_S1-A6_1_7728.d,1,1,tr|F1RX37|F1RX37_PIG,,,PEAKS DB
PPPNFPGPRFPPPNFP,39.00,1773.8990,16,1.4,887.9580,39.12,1.0870-1.1152,5.2158E2,24,27633,230302  30SPD Sample 6_S1-A6_1_7728.d,1,1,P51524|PF11_PIG,,,PEAKS DB
SSHSKQTITKTINREGGAVESKSY,38.95,2607.3252,24,1.6,652.8396,41.90,0.8406-0.8693,2.8967E2,24,29379,230302  30SPD Sample 6_S1-A6_1_7728.d,1,1,tr|F1RX36|F1RX36_PIG,,,PEAKS DB
GDFSNANNNDNIY,38.91,1456.5854,13,1.4,729.3010,19.49,0.9733-1.0018,3.1224E2,24,11369,230302  30SPD Sample 6_S1-A6_1_7728.d,1,1,tr|F1RX36|F1RX36_PIG,,,PEAKS DB
TGGSSVDPVFSH,38.91,1188.5411,12,-1.0,595.2772,17.88,0.8808-0.9094,4.9591E2,24,9924,230302  30SPD Sample 6_S1-A6_1_7728.d,1,1,P79263|ITIH4_PIG,,,PEAKS DB
EVQDKGEF,38.91,950.4345,8,-1.2,476.2239,11.37,0.7808-0.8096,4.4538E3,24,4926,230302  30SPD Sample 6_S1-A6_1_7728.d,1,1,tr|F1RX36|F1RX36_PIG,,,PEAKS DB
EVQDKGEFLAEGG,38.85,1377.6411,13,0.8,689.8284,18.06,0.9265-0.9551,1.11E3,24,10017,230302  30SPD Sample 6_S1-A6_1_7728.d,1,1,tr|F1RX36|F1RX36_PIG,,,PEAKS DB
SDPKFM(+15.99)ETVAEEALQQY,38.84,2000.9037,17,1.9,1001.4610,33.08,1.1536-1.1818,2.373E2,24,23615,230302  30SPD Sample 6_S1-A6_1_7728.d,1,1,Q29549|CLUS_PIG,Oxidation (M),M6:Oxidation (M):1000.00,PEAKS DB
EDPGTPKP,38.84,839.4025,8,1.6,420.7092,7.99,0.7323-0.7612,1.8788E3,24,2554,230302  30SPD Sample 6_S1-A6_1_7728.d,1,1,P51524|PF11_PIG:P80054|PR39_PIG,,,PEAKS DB
VLSAADKANVKAA,38.83,1256.7087,13,-0.4,419.9100,10.47,0.7381-0.7669,3.7907E2,24,4438,230302  30SPD Sample 6_S1-A6_1_7728.d,1,1,P01965|HBA_PIG,,,PEAKS DB
DDFNPSVH,38.82,929.3879,8,-2.1,465.7002,13.45,0.7865-0.8153,1.4848E3,24,6357,230302  30SPD Sample 6_S1-A6_1_7728.d,1,1,P01965|HBA_PIG,,,PEAKS DB
PPPPPFRPPPF,38.80,1244.6705,11,2.6,623.3442,36.01,0.9185-0.9471,3.8458E3,24,25801,230302  30SPD Sample 6_S1-A6_1_7728.d,3,3,P51524|PF11_PIG,,,PEAKS DB
DKDIVIGKEKVT,38.74,1343.7660,12,-1.3,448.9287,29.30,0.7796-0.8084,7.395E1,24,20194,230302  30SPD Sample 6_S1-A6_1_7728.d,1,1,tr|F1RX36|F1RX36_PIG,,,PEAKS DB
DTSLLDKM(+15.99)QDYV,38.72,1442.6599,12,3.7,722.3399,24.53,0.9779-1.0064,6.3996E2,24,15992,230302  30SPD Sample 6_S1-A6_1_7728.d,1,1,P27917|APOC3_PIG,Oxidation (M),M8:Oxidation (M):1000.00,PEAKS DB
NRM(+15.99)ALFQHLTCV,38.72,1447.7064,12,-9.3,724.8538,28.00,0.9654-0.9939,1.3372E5,24,18689,230302  30SPD Sample 6_S1-A6_1_7728.d,2,2,O62640|PIAP_PIG,Oxidation (M),M3:Oxidation (M):1000.00,PEAKS DB
PPPNVPGPRFPPPNFPGP,38.70,1879.9733,18,-0.3,940.9936,34.72,1.1457-1.1739,1.1035E4,24,25284,230302  30SPD Sample 6_S1-A6_1_7728.d,3,3,P51524|PF11_PIG,,,PEAKS DB
GDDAPRAVFPSIVG,38.63,1399.7095,14,0.0,700.8620,35.34,0.9597-0.9882,4.1551E2,24,25420,230302  30SPD Sample 6_S1-A6_1_7728.d,1,1,Q6QAQ1|ACTB_PIG,,,PEAKS DB
DKGEFLAEGGG,38.63,1078.4930,11,-6.8,540.2501,16.80,0.8406-0.8693,4.3485E2,24,9018,230302  30SPD Sample 6_S1-A6_1_7728.d,2,2,tr|F1RX36|F1RX36_PIG,,,PEAKS DB
DSSTLSRNIIE,38.62,1233.6201,11,4.5,617.8201,20.58,0.9117-0.9403,3.3165E2,24,12510,230302  30SPD Sample 6_S1-A6_1_7728.d,1,1,tr|F1RX36|F1RX36_PIG,,,PEAKS DB
M(+15.99)LPGKGSLDEFF,38.59,1355.6431,12,0.3,678.8290,38.80,0.9505-0.9790,1.0056E3,24,27392,230302  30SPD Sample 6_S1-A6_1_7728.d,1,1,tr|F1RX36|F1RX36_PIG,Oxidation (M),M1:Oxidation (M):1000.00,PEAKS DB
PGPRFPPPNFPGPRFPPPNFPGP,38.58,2482.2698,23,-0.1,828.4305,42.37,0.9243-0.9528,1.3362E3,24,30005,230302  30SPD Sample 6_S1-A6_1_7728.d,1,1,P51524|PF11_PIG,,,PEAKS DB
ETSLSRDPFPDFFSPV,38.57,1839.8679,16,-4.8,920.9368,42.68,1.1096-1.1378,9.336E2,24,30460,230302  30SPD Sample 6_S1-A6_1_7728.d,1,1,tr|F1RX36|F1RX36_PIG,,,PEAKS DB
DEVGGEALGR,38.55,1001.4777,10,1.9,501.7471,12.54,0.8027-0.8314,7.5796E2,24,5794,230302  30SPD Sample 6_S1-A6_1_7728.d,1,1,P02067|HBB_PIG,,,PEAKS DB
PPPPPFRPPPFGPP,38.55,1495.7975,14,-0.2,748.9059,36.39,1.0291-1.0575,2.9748E3,24,25954,230302  30SPD Sample 6_S1-A6_1_7728.d,2,2,P51524|PF11_PIG,,,PEAKS DB
GQKDSYVGDEA,38.54,1167.5044,11,-0.3,584.7593,9.53,0.8601-0.8888,2.587E2,24,3783,230302  30SPD Sample 6_S1-A6_1_7728.d,1,1,Q6QAQ1|ACTB_PIG,,,PEAKS DB
APPISAGGYQPR,38.54,1212.6251,12,-2.8,607.3181,14.94,0.8911-0.9197,1.897E2,24,7458,230302  30SPD Sample 6_S1-A6_1_7728.d,1,1,tr|F1RX37|F1RX37_PIG,,,PEAKS DB
FHPDGPEY,38.49,960.3977,8,-1.6,481.2054,14.50,0.7773-0.8061,2.6713E2,24,7109,230302  30SPD Sample 6_S1-A6_1_7728.d,1,1,tr|F1RX36|F1RX36_PIG,,,PEAKS DB
ETPPEWK,38.44,885.4232,7,-2.4,443.7178,13.62,0.7946-0.8234,1.3272E3,24,6462,230302  30SPD Sample 6_S1-A6_1_7728.d,1,1,tr|F1RX36|F1RX36_PIG,,,PEAKS DB
LPGKGSLDEFF,38.41,1208.6077,11,-1.5,605.3102,39.11,0.8968-0.9254,8.6089E2,24,27511,230302  30SPD Sample 6_S1-A6_1_7728.d,1,1,tr|F1RX36|F1RX36_PIG,,,PEAKS DB
FPPPNVPGP,38.35,920.4756,9,8.0,461.2487,24.74,0.7635-0.7923,0,24,16222,230302  30SPD Sample 6_S1-A6_1_7728.d,0,0,P51524|PF11_PIG,,,PEAKS DB
AVSISSSTSAPSDNQ,38.31,1449.6583,15,-1.2,725.8356,13.30,0.9608-0.9893,2.3854E2,24,6238,230302  30SPD Sample 6_S1-A6_1_7728.d,1,1,P18650|APOE_PIG,,,PEAKS DB
TINREGGAVE,38.30,1044.5200,10,0.2,523.2674,7.78,0.7981-0.8268,9.7628E2,24,2440,230302  30SPD Sample 6_S1-A6_1_7728.d,1,1,tr|F1RX36|F1RX36_PIG,,,PEAKS DB
PPNFPGPP,38.29,821.4072,8,1.6,411.7115,22.51,0.7415-0.7704,1.1447E3,24,14262,230302  30SPD Sample 6_S1-A6_1_7728.d,1,1,P51524|PF11_PIG,,,PEAKS DB
DEESSLVRA,38.28,1004.4774,9,-2.1,503.2449,15.04,0.8050-0.8337,9.4998E1,24,7473,230302  30SPD Sample 6_S1-A6_1_7728.d,1,1,Q29100|UPTI_PIG,,,PEAKS DB
DDFQPFFNEKTF,38.27,1533.6775,12,0.5,767.8464,39.77,1.0212-1.0495,8.9628E2,24,27940,230302  30SPD Sample 6_S1-A6_1_7728.d,1,1,Q19AZ8|THRB_PIG,,,PEAKS DB
DITPADFK,38.23,905.4494,8,0.3,453.7321,20.76,0.7612-0.7900,1.1149E4,24,12040,230302  30SPD Sample 6_S1-A6_1_7728.d,1,1,tr|F1RX36|F1RX36_PIG,,,PEAKS DB
SVSPGTKSEVHTS,38.21,1314.6416,13,-0.2,439.2210,6.24,0.7346-0.7635,1.7223E2,24,1262,230302  30SPD Sample 6_S1-A6_1_7728.d,1,1,tr|F1RX36|F1RX36_PIG,,,PEAKS DB
TLPTKETIEQEKQA,38.21,1614.8464,14,3.3,539.2912,12.60,0.8303-0.8590,0,24,5855,230302  30SPD Sample 6_S1-A6_1_7728.d,0,0,P21753|TYB10_PIG,,,PEAKS DB
VSGSVSPGTKSEVHTS,38.19,1557.7634,16,0.8,520.2621,7.75,0.7623-0.7911,0,24,2469,230302  30SPD Sample 6_S1-A6_1_7728.d,0,0,tr|F1RX36|F1RX36_PIG,,,PEAKS DB
SGSVSPGTKSEVHTSKLVTSKGDKDIVIGKEKV,38.18,3396.8464,33,-1.0,680.3759,42.44,0.9471-0.9756,0,24,30068,230302  30SPD Sample 6_S1-A6_1_7728.d,0,0,tr|F1RX36|F1RX36_PIG,,,PEAKS DB
DPIYTIITPNVLRLESEEM(+15.99)VV,38.14,2446.2666,21,1.3,1224.1422,42.68,1.3309-1.3588,0,24,30494,230302  30SPD Sample 6_S1-A6_1_7728.d,0,0,P01025|CO3_PIG,Oxidation (M),M19:Oxidation (M):1000.00,PEAKS DB
TKTINREGGAVESKSY,38.09,1738.8849,16,3.7,580.6377,8.23,0.7704-0.7992,1.9858E2,24,2797,230302  30SPD Sample 6_S1-A6_1_7728.d,1,1,tr|F1RX36|F1RX36_PIG,,,PEAKS DB
DGRGAAQNIIPA,38.00,1181.6152,12,-1.7,591.8139,20.58,0.8716-0.9002,8.7635E3,24,11697,230302  30SPD Sample 6_S1-A6_1_7728.d,1,1,P00355|G3P_PIG,,,PEAKS DB
EAYEGAKDM(+15.99)LRAY,37.99,1531.6976,13,-2.6,511.5718,15.19,0.7819-0.8107,1.7973E2,24,7639,230302  30SPD Sample 6_S1-A6_1_7728.d,1,1,P0DSO0|SAA2_PIG,Oxidation (M),M9:Oxidation (M):1000.00,PEAKS DB
RVIISAPSADAPM(+15.99)FV,37.92,1588.8282,15,4.2,795.4247,33.97,1.0393-1.0677,5.3443E2,24,24391,230302  30SPD Sample 6_S1-A6_1_7728.d,1,1,P00355|G3P_PIG,Oxidation (M),M13:Oxidation (M):1000.00,PEAKS DB
DETSLSRDPFPDFFSP,37.90,1855.8264,16,-1.9,928.9187,42.66,1.1175-1.1457,1.6006E2,24,30504,230302  30SPD Sample 6_S1-A6_1_7728.d,1,1,tr|F1RX36|F1RX36_PIG,,,PEAKS DB
GKGSLDEFF,37.85,998.4709,9,1.1,500.2433,36.40,0.8038-0.8326,2.1687E2,24,26057,230302  30SPD Sample 6_S1-A6_1_7728.d,1,1,tr|F1RX36|F1RX36_PIG,,,PEAKS DB
PGPRFPPP,37.85,863.4653,8,-1.4,432.7393,18.96,0.7635-0.7923,9.3006E3,24,10881,230302  30SPD Sample 6_S1-A6_1_7728.d,2,2,P51524|PF11_PIG,,,PEAKS DB
EFDGKTHPGGPGSD,37.81,1399.6003,14,1.7,467.5415,8.06,0.7450-0.7739,8.9876E2,24,2637,230302  30SPD Sample 6_S1-A6_1_7728.d,1,1,tr|F1RX36|F1RX36_PIG,,,PEAKS DB
GPPVTTVLTR,37.79,1039.6025,10,-11.4,520.8026,27.98,0.8257-0.8544,6.3856E3,24,18167,230302  30SPD Sample 6_S1-A6_1_7728.d,1,1,P29804|ODPA_PIG,,,PEAKS DB
APPISAGGYQPRPAK,37.79,1508.8099,15,3.3,503.9456,13.24,0.7392-0.7681,0,24,6259,230302  30SPD Sample 6_S1-A6_1_7728.d,0,0,tr|F1RX37|F1RX37_PIG,,,PEAKS DB
PGSPPGGAGSPGGLGPES,37.73,1476.6844,18,-1.8,739.3481,9.49,0.9836-1.0121,1.6519E3,24,3725,230302  30SPD Sample 6_S1-A6_1_7728.d,1,1,A5D9M6|BAG6_PIG,,,PEAKS DB
EYSSSSKISS,37.72,1073.4877,10,6.6,537.7546,7.28,0.8268-0.8555,0,24,2121,230302  30SPD Sample 6_S1-A6_1_7728.d,0,0,tr|F1RX36|F1RX36_PIG,,,PEAKS DB
PDWGTFKEV,37.72,1077.5131,9,0.0,539.7638,32.48,0.8509-0.8796,7.6593E2,24,23059,230302  30SPD Sample 6_S1-A6_1_7728.d,1,1,tr|F1RX36|F1RX36_PIG,,,PEAKS DB
DPNHFRPPGLPDKY,37.66,1651.8107,14,1.7,551.6118,32.15,0.7646-0.7935,4.863E2,24,22620,230302  30SPD Sample 6_S1-A6_1_7728.d,1,1,P0DSO0|SAA2_PIG,,,PEAKS DB
VQMAEVQDKGEFLAEGGGV,37.65,1962.9357,19,2.3,982.4774,28.86,1.1412-1.1694,7.8811E1,24,19616,230302  30SPD Sample 6_S1-A6_1_7728.d,1,1,tr|F1RX36|F1RX36_PIG,,,PEAKS DB
FPPPPPFRPPPFGPP,37.64,1642.8660,15,-2.2,822.4384,41.19,1.0416-1.0700,1.9832E3,24,28996,230302  30SPD Sample 6_S1-A6_1_7728.d,1,1,P51524|PF11_PIG,,,PEAKS DB
ELDQPPK,37.62,825.4232,7,6.9,413.7217,8.18,0.7288-0.7577,1.0386E2,24,2736,230302  30SPD Sample 6_S1-A6_1_7728.d,1,1,P51524|PF11_PIG:P80054|PR39_PIG,,,PEAKS DB
DDAPRAVFPSIVG,37.58,1342.6881,13,-7.3,672.3464,35.73,0.9277-0.9562,6.4263E2,24,25625,230302  30SPD Sample 6_S1-A6_1_7728.d,1,1,Q6QAQ1|ACTB_PIG,,,PEAKS DB
DVPAASLVVGPM(+15.99)VV,37.50,1368.7323,14,2.7,685.3753,36.59,0.9551-0.9836,3.4266E2,24,26153,230302  30SPD Sample 6_S1-A6_1_7728.d,1,1,P29700|FETUA_PIG,Oxidation (M),M12:Oxidation (M):1000.00,PEAKS DB
EGKGQGTLSVV,37.47,1073.5717,11,-0.1,537.7930,17.44,0.8727-0.9014,1.6156E3,24,9410,230302  30SPD Sample 6_S1-A6_1_7728.d,1,1,P01025|CO3_PIG,,,PEAKS DB
TQARETPPEWK,37.46,1341.6677,11,1.7,448.2306,11.96,0.7161-0.7450,8.0843E1,24,5384,230302  30SPD Sample 6_S1-A6_1_7728.d,1,1,tr|F1RX36|F1RX36_PIG,,,PEAKS DB
EFDGKTHP,37.34,929.4243,8,-2.1,465.7184,7.13,0.8015-0.8303,4.1713E2,24,1950,230302  30SPD Sample 6_S1-A6_1_7728.d,1,1,tr|F1RX36|F1RX36_PIG,,,PEAKS DB
EDEDGRPKVHVDA,37.32,1465.6797,13,1.7,489.5680,29.44,0.7508-0.7796,0,24,20269,230302  30SPD Sample 6_S1-A6_1_7728.d,0,0,tr|F1RX37|F1RX37_PIG,,,PEAKS DB
TINREGGAV,37.28,915.4774,9,-1.0,458.7455,8.30,0.7577-0.7865,9.9935E2,24,2788,230302  30SPD Sample 6_S1-A6_1_7728.d,1,1,tr|F1RX36|F1RX36_PIG,,,PEAKS DB
EQSSEANLY,37.20,1039.4458,9,3.7,520.7321,15.84,0.8314-0.8601,5.6525E2,24,8163,230302  30SPD Sample 6_S1-A6_1_7728.d,1,1,P51524|PF11_PIG:P80054|PR39_PIG,,,PEAKS DB
DQSPDVLSAKV,37.14,1157.5928,11,1.0,579.8043,21.58,0.8750-0.9037,3.8255E2,24,13385,230302  30SPD Sample 6_S1-A6_1_7728.d,1,1,P79263|ITIH4_PIG,,,PEAKS DB
DEDGRPKVHVDA,37.12,1336.6371,12,1.2,446.5535,9.46,0.7219-0.7508,7.1214E2,24,3743,230302  30SPD Sample 6_S1-A6_1_7728.d,1,1,tr|F1RX37|F1RX37_PIG,,,PEAKS DB
TLSRNIIELL,37.09,1170.6971,10,-0.8,586.3554,42.66,0.9025-0.9311,5.8212E2,24,30477,230302  30SPD Sample 6_S1-A6_1_7728.d,1,1,tr|F1RX36|F1RX36_PIG,,,PEAKS DB
PPPPFRPPPFGP,37.02,1301.6920,12,-0.2,651.8531,34.71,0.9654-0.9939,4.1656E3,24,25026,230302  30SPD Sample 6_S1-A6_1_7728.d,1,1,P51524|PF11_PIG,,,PEAKS DB
DQSPDVLSAK,37.00,1058.5244,10,1.4,530.2702,14.26,0.8314-0.8601,2.9082E2,24,6957,230302  30SPD Sample 6_S1-A6_1_7728.d,1,1,P79263|ITIH4_PIG,,,PEAKS DB
GYQPRPA,36.94,787.3976,7,-1.2,394.7056,7.41,0.7207-0.7496,3.3123E2,24,2180,230302  30SPD Sample 6_S1-A6_1_7728.d,1,1,tr|F1RX37|F1RX37_PIG,,,PEAKS DB
EGAKDM(+15.99)LRAY,36.91,1168.5546,10,2.2,390.5263,11.37,0.6964-0.7254,9.0083E2,24,4987,230302  30SPD Sample 6_S1-A6_1_7728.d,1,1,P0DSO0|SAA2_PIG,Oxidation (M),M6:Oxidation (M):1000.00,PEAKS DB
PPPPFRPPPFGPPRFP,36.88,1798.9670,16,-1.4,600.6621,39.02,0.8360-0.8647,1.6045E3,24,27502,230302  30SPD Sample 6_S1-A6_1_7728.d,1,1,P51524|PF11_PIG,,,PEAKS DB
ATAGGTAAAPVPPASAPKGAQAPTKAPQ,36.87,2483.3132,28,3.2,828.7810,13.49,0.9642-0.9927,0,24,6432,230302  30SPD Sample 6_S1-A6_1_7728.d,0,0,Q95281|RL29_PIG,,,PEAKS DB
RPPPFFPP,36.81,953.5123,8,1.1,477.7639,35.45,0.7842-0.8130,6.819E3,24,25501,230302  30SPD Sample 6_S1-A6_1_7728.d,1,1,P80054|PR39_PIG,,,PEAKS DB
DDRADLA,36.79,774.3508,7,0.8,388.1830,9.11,0.7230-0.7519,9.3248E2,24,3415,230302  30SPD Sample 6_S1-A6_1_7728.d,1,1,P08835|ALBU_PIG,,,PEAKS DB
NELRVAPEE,36.78,1055.5247,9,11.0,528.7754,14.52,0.8257-0.8544,9.5636E1,24,7129,230302  30SPD Sample 6_S1-A6_1_7728.d,1,1,Q6QAQ1|ACTB_PIG,,,PEAKS DB
DKRREEAPSLRPVAPPISA,36.71,2088.1438,19,-1.3,523.0425,33.10,0.8015-0.8303,1.5477E3,24,23563,230302  30SPD Sample 6_S1-A6_1_7728.d,1,1,tr|F1RX37|F1RX37_PIG,,,PEAKS DB
FFHPDGPEYS,36.70,1194.4982,10,-0.2,598.2562,19.68,0.8819-0.9105,4.9655E2,24,11549,230302  30SPD Sample 6_S1-A6_1_7728.d,1,1,tr|F1RX36|F1RX36_PIG,,,PEAKS DB
DNLEKETEAL,36.69,1160.5560,10,5.1,581.2883,20.06,0.8750-0.9037,1.963E2,24,11901,230302  30SPD Sample 6_S1-A6_1_7728.d,1,1,P18648|APOA1_PIG,,,PEAKS DB
EVQDKGEFLA,36.68,1134.5557,10,0.4,568.2853,18.83,0.8739-0.9025,1.1471E3,24,10672,230302  30SPD Sample 6_S1-A6_1_7728.d,1,1,tr|F1RX36|F1RX36_PIG,,,PEAKS DB
EDLRQGLLPV,36.47,1138.6345,10,-1.4,570.3237,35.27,0.8796-0.9083,5.7715E2,24,25381,230302  30SPD Sample 6_S1-A6_1_7728.d,1,1,P18648|APOA1_PIG,,,PEAKS DB
GMAGGAVHIDYNCV,36.43,1405.6118,14,-1.9,703.8118,9.29,0.9014-0.9300,3.993E3,24,3461,230302  30SPD Sample 6_S1-A6_1_7728.d,1,1,P09623|DLDH_PIG,,,PEAKS DB
RLNEQSSEANLY,36.43,1422.6738,12,-5.5,712.3403,15.95,0.9585-0.9870,9.1366E1,24,8260,230302  30SPD Sample 6_S1-A6_1_7728.d,1,1,P51524|PF11_PIG:P80054|PR39_PIG,,,PEAKS DB
DEHGIDPTGTY,36.27,1203.5044,11,2.3,602.7609,16.93,0.8785-0.9071,5.4813E1,24,9104,230302  30SPD Sample 6_S1-A6_1_7728.d,1,1,Q767L7|TBB5_PIG,,,PEAKS DB
RPPPFGPP,36.20,863.4653,8,-3.0,432.7386,27.53,0.7473-0.7762,3.8346E2,24,18381,230302  30SPD Sample 6_S1-A6_1_7728.d,1,1,P51524|PF11_PIG,,,PEAKS DB
