Peptide,-10lgP,Mass,Length,ppm,m/z,RT,1/k0 Range,Area Sample 8,Fraction,Precursor Id,Source File,#Feature,#Feature Sample 8,Accession,PTM,AScore,Found By
EVQDKGEFLAEGGGV,68.85,1533.7311,15,-0.7,767.8723,20.12,1.0430-1.0714,7.0457E4,15,10325,230524 Sample 40 D1_S1-A8_1_8113.d,8,8,tr|F1RX36|F1RX36_PIG,,,PEAKS DB
EDTSLLDKMQDYVKQAT,66.76,1983.9459,17,0.8,662.3231,42.10,0.8653-0.8941,1.3997E4,15,25580,230524 Sample 40 D1_S1-A8_1_8113.d,3,3,P27917|APOC3_PIG,,,PEAKS DB
EEAPSLRPVAPPISAGGYQPRP,66.09,2288.1912,22,-3.7,763.7349,22.62,0.8987-0.9275,1.6957E4,15,11749,230524 Sample 40 D1_S1-A8_1_8113.d,5,5,tr|F1RX37|F1RX37_PIG,,,PEAKS DB
TAQDALTSVKESEVAQQA,65.09,1874.9221,18,0.7,938.4690,17.76,1.1291-1.1573,4.6405E4,15,8588,230524 Sample 40 D1_S1-A8_1_8113.d,4,4,P27917|APOC3_PIG,,,PEAKS DB
TQARETPPEWKALLETRQV,64.11,2252.1912,19,0.9,751.7383,42.22,0.9802-1.0088,1.1519E4,15,25883,230524 Sample 40 D1_S1-A8_1_8113.d,2,2,tr|F1RX36|F1RX36_PIG,,,PEAKS DB
VQDKGEFLAEGGGV,64.06,1404.6885,14,0.6,703.3519,20.11,0.9711-0.9997,1.7657E5,15,9865,230524 Sample 40 D1_S1-A8_1_8113.d,5,5,tr|F1RX36|F1RX36_PIG,,,PEAKS DB
HLDDLPGALSALSDLHAH,64.03,1880.9380,18,4.0,627.9891,42.27,0.9917-1.0202,1.1295E3,15,26066,230524 Sample 40 D1_S1-A8_1_8113.d,1,1,P01965|HBA_PIG,,,PEAKS DB
AEVQDKGEFLAEGGGV,63.66,1604.7682,16,2.7,803.3936,20.51,1.0668-1.0952,1.8243E5,15,10429,230524 Sample 40 D1_S1-A8_1_8113.d,12,12,tr|F1RX36|F1RX36_PIG,,,PEAKS DB
AQDALTSVKESEVAQQA,63.64,1773.8744,17,-0.6,887.9439,16.60,1.0929-1.1212,4.8186E3,15,7944,230524 Sample 40 D1_S1-A8_1_8113.d,1,1,P27917|APOC3_PIG,,,PEAKS DB
VHLSAEEKEAVLGLWGKVNV,63.23,2177.1843,20,0.9,1089.6005,42.33,1.3416-1.3692,7.6766E2,15,26203,230524 Sample 40 D1_S1-A8_1_8113.d,1,1,P02067|HBB_PIG,,,PEAKS DB
SLRPVAPPISAGGYQPRPA,63.20,1933.0533,19,4.2,645.3611,19.62,0.8074-0.8364,0,15,10013,230524 Sample 40 D1_S1-A8_1_8113.d,0,0,tr|F1RX37|F1RX37_PIG,,,PEAKS DB
FTDFWDYTPKPEPSSS,63.14,1902.8312,16,-2.3,952.4207,31.19,1.1144-1.1426,1.945E4,15,16749,230524 Sample 40 D1_S1-A8_1_8113.d,3,3,P27917|APOC3_PIG,,,PEAKS DB
RPVAPPISAGGYQPRP,63.09,1661.9001,16,-2.9,554.9724,16.20,0.8109-0.8398,1.0886E2,15,7736,230524 Sample 40 D1_S1-A8_1_8113.d,1,1,tr|F1RX37|F1RX37_PIG,,,PEAKS DB
VHLSAEEKEAVLGLWGKVNVDEV,62.83,2520.3223,23,-2.3,841.1128,42.32,1.1121-1.1404,2.2711E3,15,26159,230524 Sample 40 D1_S1-A8_1_8113.d,1,1,P02067|HBB_PIG,,,PEAKS DB
SLDKFLANVSTVLTSKYR,61.93,2041.1207,18,-2.1,681.3795,42.44,0.9619-0.9905,8.1316E2,15,26563,230524 Sample 40 D1_S1-A8_1_8113.d,1,1,P01965|HBA_PIG,,,PEAKS DB
EVQDKGEFLAEGGGVR,61.85,1689.8322,16,-0.1,564.2846,15.23,0.8618-0.8907,7.1306E5,15,7067,230524 Sample 40 D1_S1-A8_1_8113.d,36,36,tr|F1RX36|F1RX36_PIG,,,PEAKS DB
EAPSLRPVAPPISAGGYQPRP,61.80,2159.1487,21,-0.7,720.7230,22.29,0.8780-0.9068,4.0016E3,15,11575,230524 Sample 40 D1_S1-A8_1_8113.d,2,2,tr|F1RX37|F1RX37_PIG,,,PEAKS DB
FTDFWDYTPKPEPS,61.19,1728.7671,14,-2.6,865.3885,40.01,1.0929-1.1212,6.1558E3,15,23419,230524 Sample 40 D1_S1-A8_1_8113.d,5,5,P27917|APOC3_PIG,,,PEAKS DB
TDFWDYTPKPEPSSS,61.17,1755.7627,15,-0.2,878.8885,26.80,1.0475-1.0759,3.5126E3,15,14284,230524 Sample 40 D1_S1-A8_1_8113.d,2,2,P27917|APOC3_PIG,,,PEAKS DB
TAQDALTSVKESEVAQQ,60.97,1803.8850,17,1.7,902.9514,16.18,1.1042-1.1325,1.9269E3,15,7695,230524 Sample 40 D1_S1-A8_1_8113.d,1,1,P27917|APOC3_PIG,,,PEAKS DB
AIDYDEDEDGRPKVHVDA,60.30,2042.9181,18,2.9,681.9819,39.01,0.9057-0.9344,6.7122E5,15,22310,230524 Sample 40 D1_S1-A8_1_8113.d,14,14,tr|F1RX37|F1RX37_PIG,,,PEAKS DB
APPISAGGYQPRPA,60.25,1380.7150,14,1.2,691.3656,14.85,0.9528-0.9814,2.1137E4,15,6795,230524 Sample 40 D1_S1-A8_1_8113.d,1,1,tr|F1RX37|F1RX37_PIG,,,PEAKS DB
DNEEQEYIKTV,59.95,1366.6252,11,-0.5,684.3196,18.10,0.9505-0.9791,5.0855E3,15,8820,230524 Sample 40 D1_S1-A8_1_8113.d,1,1,P19619|ANXA1_PIG,,,PEAKS DB
VLSAADKANVKAAWGKVGGQA,59.93,2040.1116,21,0.0,681.0444,42.08,0.9424-0.9711,3.0591E3,15,25446,230524 Sample 40 D1_S1-A8_1_8113.d,2,2,P01965|HBA_PIG,,,PEAKS DB
DSEEGLDLKGGHV,59.01,1354.6365,13,-11.2,678.3179,15.25,0.9871-1.0156,1.2791E2,15,7133,230524 Sample 40 D1_S1-A8_1_8113.d,1,1,tr|F1RX36|F1RX36_PIG,,,PEAKS DB
VHLSAEEKEAVLGL,58.88,1493.8090,14,0.1,747.9119,42.14,1.0816-1.1099,3.0365E3,15,25641,230524 Sample 40 D1_S1-A8_1_8113.d,2,2,P02067|HBB_PIG,,,PEAKS DB
EDTSLLDKMQDYVKQATRT,58.83,2241.0947,19,0.6,748.0393,42.23,1.0077-1.0361,8.6927E2,15,25998,230524 Sample 40 D1_S1-A8_1_8113.d,1,1,P27917|APOC3_PIG,,,PEAKS DB
RPVAPPISAGGYQPRPA,58.63,1732.9373,17,2.4,578.6544,15.73,0.8201-0.8491,1.2845E3,15,7411,230524 Sample 40 D1_S1-A8_1_8113.d,2,2,tr|F1RX37|F1RX37_PIG,,,PEAKS DB
DTSLLDKMQDYVKQAT,58.44,1854.9033,16,2.3,928.4611,42.12,1.1505-1.1787,2.4262E3,15,25632,230524 Sample 40 D1_S1-A8_1_8113.d,2,2,P27917|APOC3_PIG,,,PEAKS DB
LQSFSDGLKHLDNL,58.32,1585.8099,14,0.1,793.9123,42.10,1.0940-1.1223,8.5863E3,15,25524,230524 Sample 40 D1_S1-A8_1_8113.d,3,3,P02067|HBB_PIG,,,PEAKS DB
EEAPSLRPVAPPISAGGYQPRPA,58.24,2359.2283,23,1.0,787.4175,22.30,0.9298-0.9585,9.6422E3,15,11558,230524 Sample 40 D1_S1-A8_1_8113.d,4,4,tr|F1RX37|F1RX37_PIG,,,PEAKS DB
YDEDEDGRPK,58.05,1222.5101,10,4.4,612.2650,4.52,0.9022-0.9310,1.6351E3,15,385,230524 Sample 40 D1_S1-A8_1_8113.d,1,1,tr|F1RX37|F1RX37_PIG,,,PEAKS DB
EAPSLRPVAPPISAGGYQPRPA,58.01,2230.1858,22,-0.6,744.4021,37.68,0.8907-0.9195,2.3947E3,15,20986,230524 Sample 40 D1_S1-A8_1_8113.d,2,2,tr|F1RX37|F1RX37_PIG,,,PEAKS DB
DKGEFLAEGGGV,57.84,1177.5615,12,-2.0,589.7869,20.45,0.8941-0.9229,8.7284E2,15,10560,230524 Sample 40 D1_S1-A8_1_8113.d,2,2,tr|F1RX36|F1RX36_PIG,,,PEAKS DB
FIDNEEQEYIKTV,57.26,1626.7777,13,-2.7,814.3939,23.04,1.0589-1.0872,2.4586E2,15,11944,230524 Sample 40 D1_S1-A8_1_8113.d,1,1,P19619|ANXA1_PIG,,,PEAKS DB
VGGQAGAHGAEALE,57.18,1265.6000,14,0.0,633.8073,10.06,0.9160-0.9447,4.8812E4,15,3712,230524 Sample 40 D1_S1-A8_1_8113.d,3,3,P01965|HBA_PIG,,,PEAKS DB
TAQDALTSVKESEVA,57.01,1547.7678,15,2.3,774.8929,17.30,1.0225-1.0509,7.9664E2,15,8357,230524 Sample 40 D1_S1-A8_1_8113.d,1,1,P27917|APOC3_PIG,,,PEAKS DB
PTTKTYFPHFNLS,56.78,1551.7721,13,0.8,776.8940,42.13,1.0657-1.0940,3.6919E3,15,25661,230524 Sample 40 D1_S1-A8_1_8113.d,2,2,P01965|HBA_PIG,,,PEAKS DB
DGPEYSSSSKISS,56.77,1342.5889,13,2.7,672.3035,9.33,0.9241-0.9528,3.3292E2,15,3488,230524 Sample 40 D1_S1-A8_1_8113.d,1,1,tr|F1RX36|F1RX36_PIG,,,PEAKS DB
AEVQDKGEFLAEGGGVR,56.38,1760.8693,17,0.3,587.9639,15.61,0.8745-0.9034,1.0076E5,15,7293,230524 Sample 40 D1_S1-A8_1_8113.d,9,9,tr|F1RX36|F1RX36_PIG,,,PEAKS DB
YDEDEDGRPKV,56.37,1321.5786,11,-3.0,661.7946,7.98,0.9436-0.9722,6.2105E2,15,2662,230524 Sample 40 D1_S1-A8_1_8113.d,1,1,tr|F1RX37|F1RX37_PIG,,,PEAKS DB
DDLPGALSALSDLHAH,55.95,1630.7950,16,0.7,816.4053,42.10,1.1449-1.1730,2.1942E3,15,25544,230524 Sample 40 D1_S1-A8_1_8113.d,2,2,P01965|HBA_PIG,,,PEAKS DB
EDTSLLDKMQDY,55.75,1456.6392,12,3.3,729.3293,26.25,0.9940-1.0225,4.2594E2,15,13928,230524 Sample 40 D1_S1-A8_1_8113.d,1,1,P27917|APOC3_PIG,,,PEAKS DB
VLSAADKANVKAAWGKVGGQAGAHGAEALER,55.58,3031.5950,31,-2.3,607.3249,42.30,0.9722-1.0008,3.56E3,15,26112,230524 Sample 40 D1_S1-A8_1_8113.d,2,2,P01965|HBA_PIG,,,PEAKS DB
SLDKFLANVSTVLTSKY,55.56,1885.0197,17,-0.8,943.5164,42.39,1.1910-1.2190,1.4723E3,15,26398,230524 Sample 40 D1_S1-A8_1_8113.d,1,1,P01965|HBA_PIG,,,PEAKS DB
TAQDALTSVKESEV,55.54,1476.7307,14,-0.8,739.3721,17.62,1.0065-1.0350,1.7552E3,15,8534,230524 Sample 40 D1_S1-A8_1_8113.d,1,1,P27917|APOC3_PIG,,,PEAKS DB
EDTSLLDKM(+15.99)QDY,55.46,1472.6340,12,-5.2,737.3205,17.31,0.9871-1.0156,5.4356E2,15,8362,230524 Sample 40 D1_S1-A8_1_8113.d,1,1,P27917|APOC3_PIG,Oxidation (M),M9:Oxidation (M):1000.00,PEAKS DB
VGGQAGAHGAEAL,55.16,1136.5574,13,-0.8,569.2855,10.18,0.8653-0.8941,1.0869E4,15,3823,230524 Sample 40 D1_S1-A8_1_8113.d,3,3,P01965|HBA_PIG,,,PEAKS DB
RTAQDALTSVKESEVAQQA,55.13,2031.0232,19,0.7,678.0155,15.98,0.8503-0.8791,8.3251E3,15,7566,230524 Sample 40 D1_S1-A8_1_8113.d,1,1,P27917|APOC3_PIG,,,PEAKS DB
SILAAIDEASKKLNAQ,55.12,1670.9203,16,4.3,836.4710,42.23,1.1505-1.1787,4.3915E2,15,25986,230524 Sample 40 D1_S1-A8_1_8113.d,1,1,P18648|APOA1_PIG,,,PEAKS DB
ESFGDLSNADAVMGNPKV,54.98,1849.8516,18,-2.7,925.9306,27.33,1.1415-1.1697,8.4314E2,15,14703,230524 Sample 40 D1_S1-A8_1_8113.d,1,1,P02067|HBB_PIG,,,PEAKS DB
YDEDEDGRPKVHVDA,54.96,1743.7699,15,-1.1,582.2632,9.77,0.8306-0.8595,5.6357E5,15,3658,230524 Sample 40 D1_S1-A8_1_8113.d,11,11,tr|F1RX37|F1RX37_PIG,,,PEAKS DB
RVDPVNFKLLSH,54.75,1423.7936,12,3.2,475.6067,42.19,0.7818-0.8109,2.6059E4,15,25886,230524 Sample 40 D1_S1-A8_1_8113.d,3,3,P01965|HBA_PIG,,,PEAKS DB
TDQAQKAEGAGDA,54.65,1260.5582,13,7.0,631.2908,4.28,0.8791-0.9080,0,15,353,230524 Sample 40 D1_S1-A8_1_8113.d,0,0,P80272|HMGN2_PIG,,,PEAKS DB
RREEAPSLRPVAPPISAGGYQPRPA,54.61,2671.4307,25,9.2,668.8711,42.27,0.9551-0.9837,7.5753E2,15,26079,230524 Sample 40 D1_S1-A8_1_8113.d,1,1,tr|F1RX37|F1RX37_PIG,,,PEAKS DB
DDPQSPWDRVKDFATVY,54.52,2037.9431,17,4.1,1019.9830,42.16,1.1775-1.2056,1.641E4,15,25724,230524 Sample 40 D1_S1-A8_1_8113.d,3,3,P18648|APOA1_PIG,,,PEAKS DB
DYDEDEDGRPKV,54.47,1436.6055,12,3.8,719.3127,9.45,0.9722-1.0008,0,15,3565,230524 Sample 40 D1_S1-A8_1_8113.d,0,0,tr|F1RX37|F1RX37_PIG,,,PEAKS DB
FFESFGDLSNADAV,54.38,1517.6674,14,1.8,759.8423,36.04,1.0361-1.0646,1.13E4,15,19578,230524 Sample 40 D1_S1-A8_1_8113.d,2,2,P02067|HBB_PIG,,,PEAKS DB
DETSLSRDPFPDFFSPV,54.36,1954.8948,17,-0.8,978.4539,42.15,1.1483-1.1764,3.0893E3,15,25708,230524 Sample 40 D1_S1-A8_1_8113.d,2,2,tr|F1RX36|F1RX36_PIG,,,PEAKS DB
VLSAADKANVKAAWGKVGGQAGA,54.26,2168.1702,23,-0.7,723.7302,41.98,0.9768-1.0054,1.0732E4,15,25435,230524 Sample 40 D1_S1-A8_1_8113.d,2,2,P01965|HBA_PIG,,,PEAKS DB
GKVGGQAGAHGAEALERM,54.17,1737.8580,18,-0.7,580.2929,42.08,0.8768-0.9057,1.5672E3,15,25559,230524 Sample 40 D1_S1-A8_1_8113.d,2,2,P01965|HBA_PIG,,,PEAKS DB
ETIEQEKQAGES,54.17,1347.6154,12,2.1,674.8163,5.91,0.9321-0.9608,1.3067E3,15,1300,230524 Sample 40 D1_S1-A8_1_8113.d,1,1,Q95274|TYB4_PIG,,,PEAKS DB
DEDEDGRPKVHVDA,54.05,1580.7067,14,-0.2,791.3604,36.25,1.0282-1.0566,1.1502E6,15,19968,230524 Sample 40 D1_S1-A8_1_8113.d,15,15,tr|F1RX37|F1RX37_PIG,,,PEAKS DB
TTADDFQPFFNEKTF,53.90,1806.8101,15,-0.5,904.4119,41.48,1.1155-1.1438,2.1103E3,15,24596,230524 Sample 40 D1_S1-A8_1_8113.d,3,3,Q19AZ8|THRB_PIG,,,PEAKS DB
DEDEDGRPK,53.84,1059.4468,9,-4.7,530.7281,3.07,0.7678-0.7969,3.2785E3,15,212,230524 Sample 40 D1_S1-A8_1_8113.d,3,3,tr|F1RX37|F1RX37_PIG,,,PEAKS DB
GHLDDLPGALSALSDLHAHKLRVDPV,53.75,2745.4561,26,1.4,687.3723,42.47,0.9825-1.0111,2.8233E3,15,26608,230524 Sample 40 D1_S1-A8_1_8113.d,1,1,P01965|HBA_PIG,,,PEAKS DB
TQRFFESFGDLSNADAV,53.71,1902.8748,17,0.6,952.4452,41.28,1.1550-1.1832,3.0233E3,15,24424,230524 Sample 40 D1_S1-A8_1_8113.d,2,2,P02067|HBB_PIG,,,PEAKS DB
QDALTSVKESEVAQQA,53.71,1702.8373,16,1.2,852.4269,16.54,1.0634-1.0918,5.1836E3,15,7965,230524 Sample 40 D1_S1-A8_1_8113.d,1,1,P27917|APOC3_PIG,,,PEAKS DB
EEHPVLLTEAPLNPK,53.62,1685.8988,15,-5.0,843.9525,39.07,1.1167-1.1449,3.2508E3,15,22470,230524 Sample 40 D1_S1-A8_1_8113.d,2,2,Q6QAQ1|ACTB_PIG,,,PEAKS DB
EDPPLTSVEIETPAS,53.49,1583.7566,15,2.4,792.8875,27.18,1.0339-1.0623,1.3645E2,15,14671,230524 Sample 40 D1_S1-A8_1_8113.d,1,1,P02725|GLPA_PIG,,,PEAKS DB
WDYTPKPEPSSS,53.46,1392.6198,12,0.7,697.3176,15.32,0.9401-0.9688,3.4342E3,15,7121,230524 Sample 40 D1_S1-A8_1_8113.d,1,1,P27917|APOC3_PIG,,,PEAKS DB
DFWDYTPKPEPSSS,53.38,1654.7151,14,2.3,828.3668,27.32,1.0430-1.0714,1.9336E3,15,14650,230524 Sample 40 D1_S1-A8_1_8113.d,1,1,P27917|APOC3_PIG,,,PEAKS DB
DALTSVKESEVAQQA,53.30,1574.7787,15,-0.6,788.3962,17.17,1.0589-1.0872,1.098E4,15,8276,230524 Sample 40 D1_S1-A8_1_8113.d,1,1,P27917|APOC3_PIG,,,PEAKS DB
ESFGDLSNADAVM(+15.99)GNPK,53.19,1766.7781,17,-1.0,884.3954,18.54,1.0838-1.1121,1.1392E3,15,9266,230524 Sample 40 D1_S1-A8_1_8113.d,2,2,P02067|HBB_PIG,Oxidation (M),M13:Oxidation (M):1000.00,PEAKS DB
DEVGGEALGRLLV,53.12,1326.7142,13,1.2,664.3652,33.32,0.9390-0.9677,2.4347E3,15,18021,230524 Sample 40 D1_S1-A8_1_8113.d,2,2,P02067|HBB_PIG,,,PEAKS DB
VLSAADKANVKAA,53.11,1256.7087,13,0.4,629.3619,8.65,0.9287-0.9573,1.1981E4,15,3035,230524 Sample 40 D1_S1-A8_1_8113.d,4,4,P01965|HBA_PIG,,,PEAKS DB
SHGSDQVKAHGQKV,53.11,1476.7433,14,1.2,493.2556,42.21,0.7806-0.8097,3.8741E2,15,25898,230524 Sample 40 D1_S1-A8_1_8113.d,1,1,P01965|HBA_PIG,,,PEAKS DB
ESFGDLSNADAVMGNPK,53.05,1750.7832,17,-1.1,876.3979,23.96,1.1155-1.1438,3.84E2,15,12408,230524 Sample 40 D1_S1-A8_1_8113.d,1,1,P02067|HBB_PIG,,,PEAKS DB
FWDYTPKPEPSSS,52.88,1539.6881,13,-1.3,770.8503,21.01,0.9871-1.0156,2.1956E3,15,10919,230524 Sample 40 D1_S1-A8_1_8113.d,1,1,P27917|APOC3_PIG,,,PEAKS DB
QDKGEFLAEGGGV,52.70,1305.6200,13,1.0,653.8179,19.67,0.9482-0.9768,8.7143E4,15,9610,230524 Sample 40 D1_S1-A8_1_8113.d,6,6,tr|F1RX36|F1RX36_PIG,,,PEAKS DB
DKGEFLAEGGGVR,52.69,1333.6626,13,1.4,667.8395,14.70,0.9573-0.9860,2.6495E5,15,6519,230524 Sample 40 D1_S1-A8_1_8113.d,18,18,tr|F1RX36|F1RX36_PIG,,,PEAKS DB
HGQKVADALTKAV,52.42,1336.7462,13,-2.8,446.5881,42.15,0.7958-0.8248,3.2731E2,15,25756,230524 Sample 40 D1_S1-A8_1_8113.d,1,1,P01965|HBA_PIG,,,PEAKS DB
VLSAADKANVKAAWGKVGGQAGAHGA,52.39,2433.2876,26,7.9,609.3340,42.24,0.9264-0.9551,1.7456E3,15,25966,230524 Sample 40 D1_S1-A8_1_8113.d,2,2,P01965|HBA_PIG,,,PEAKS DB
RPPPPPPPPAD,52.34,1136.5978,11,-2.3,569.3049,8.54,0.8445-0.8734,6.5984E2,15,2945,230524 Sample 40 D1_S1-A8_1_8113.d,1,1,Q95JC9|PRP_PIG,,,PEAKS DB
VLSAADKANVKA,52.33,1185.6716,12,-0.2,593.8430,8.66,0.9103-0.9390,8.3243E3,15,3081,230524 Sample 40 D1_S1-A8_1_8113.d,1,1,P01965|HBA_PIG,,,PEAKS DB
LANVSTVLTSKYR,52.28,1450.8143,13,-0.6,484.6118,19.64,0.7865-0.8155,1.155E4,15,9997,230524 Sample 40 D1_S1-A8_1_8113.d,5,5,P01965|HBA_PIG,,,PEAKS DB
ALTSVKESEVAQQA,52.07,1459.7518,14,-2.0,730.8817,13.08,0.9997-1.0282,1.991E3,15,5509,230524 Sample 40 D1_S1-A8_1_8113.d,1,1,P27917|APOC3_PIG,,,PEAKS DB
VGHLDDLPGALSALSDLHAHKLRVDPV,52.06,2844.5247,27,-1.5,712.1374,42.46,0.9974-1.0259,1.0113E3,15,26625,230524 Sample 40 D1_S1-A8_1_8113.d,1,1,P01965|HBA_PIG,,,PEAKS DB
EEAPSLRPVAPPISAG,52.00,1589.8413,16,1.2,795.9289,22.69,1.0555-1.0838,3.6622E2,15,11766,230524 Sample 40 D1_S1-A8_1_8113.d,1,1,tr|F1RX37|F1RX37_PIG,,,PEAKS DB
YDEDEDGRP,51.99,1094.4152,9,1.4,548.2156,6.15,0.8283-0.8572,5.116E3,15,1472,230524 Sample 40 D1_S1-A8_1_8113.d,2,2,tr|F1RX37|F1RX37_PIG,,,PEAKS DB
GQKVADALTKAVG,51.97,1256.7089,13,-3.1,629.3597,15.67,0.9333-0.9619,1.6683E3,15,7376,230524 Sample 40 D1_S1-A8_1_8113.d,2,2,P01965|HBA_PIG,,,PEAKS DB
GARPPPPPPPPADEPQQGP,51.89,1900.9431,19,-1.9,951.4770,12.51,1.1234-1.1516,6.5699E2,15,5175,230524 Sample 40 D1_S1-A8_1_8113.d,1,1,Q95JC9|PRP_PIG,,,PEAKS DB
DNEEQEYIKT,51.73,1267.5568,10,-2.6,634.7840,13.33,0.9126-0.9413,1.7178E3,15,5637,230524 Sample 40 D1_S1-A8_1_8113.d,1,1,P19619|ANXA1_PIG,,,PEAKS DB
GARPPPGPPPPGPPPPGP,51.43,1637.8677,18,6.2,819.9462,14.48,1.0589-1.0872,5.0441E2,15,6632,230524 Sample 40 D1_S1-A8_1_8113.d,1,1,Q95JC9|PRP_PIG,,,PEAKS DB
ESFGDLSNADAVM(+15.99)GNPKV,51.40,1865.8466,18,-3.6,933.9272,21.91,1.1347-1.1629,7.472E2,15,11397,230524 Sample 40 D1_S1-A8_1_8113.d,1,1,P02067|HBB_PIG,Oxidation (M),M13:Oxidation (M):1000.00,PEAKS DB
REEAPSLRPVAPPISAGGYQPRP,51.39,2444.2922,23,-1.8,612.0792,20.46,0.9206-0.9493,6.6927E2,15,10524,230524 Sample 40 D1_S1-A8_1_8113.d,1,1,tr|F1RX37|F1RX37_PIG,,,PEAKS DB
DEDEDGRPKV,51.38,1158.5153,10,0.2,580.2650,6.80,0.8630-0.8918,4.3749E4,15,1615,230524 Sample 40 D1_S1-A8_1_8113.d,8,8,tr|F1RX37|F1RX37_PIG,,,PEAKS DB
FWDYTPKPEPS,51.34,1365.6240,11,-1.5,683.8182,21.61,0.9424-0.9711,5.4336E2,15,11228,230524 Sample 40 D1_S1-A8_1_8113.d,1,1,P27917|APOC3_PIG,,,PEAKS DB
SGVASVESASGEAFHVG,51.09,1589.7322,17,7.4,795.8792,22.04,1.0259-1.0543,1.2364E2,15,11465,230524 Sample 40 D1_S1-A8_1_8113.d,1,1,P29700|FETUA_PIG,,,PEAKS DB
PTTKTYFPHFNL,51.09,1464.7401,12,-2.5,733.3755,42.23,1.0430-1.0714,6.0783E3,15,25950,230524 Sample 40 D1_S1-A8_1_8113.d,2,2,P01965|HBA_PIG,,,PEAKS DB
SYKMEDEADSEEGLD,51.01,1716.6672,15,-0.6,859.3404,14.56,1.0657-1.0940,3.137E2,15,6656,230524 Sample 40 D1_S1-A8_1_8113.d,1,1,tr|F1RX36|F1RX36_PIG,,,PEAKS DB
REEAPSLRPVAPPISAGGYQPRPA,50.76,2515.3293,24,4.4,629.8424,20.06,0.9401-0.9688,1.3105E3,15,10243,230524 Sample 40 D1_S1-A8_1_8113.d,2,2,tr|F1RX37|F1RX37_PIG,,,PEAKS DB
TRTAQDALTSVKESEVAQQA,50.68,2132.0708,20,-0.6,711.6971,16.46,0.8953-0.9241,4.0188E3,15,7897,230524 Sample 40 D1_S1-A8_1_8113.d,1,1,P27917|APOC3_PIG,,,PEAKS DB
GKVGGQAGAHGAEAL,50.57,1321.6738,15,3.7,661.8466,8.01,0.9871-1.0156,2.1317E2,15,2688,230524 Sample 40 D1_S1-A8_1_8113.d,1,1,P01965|HBA_PIG,,,PEAKS DB
TAQDALTSVKESEVAQ,50.45,1675.8264,16,-1.0,838.9196,16.29,1.0770-1.1054,1.4075E3,15,7772,230524 Sample 40 D1_S1-A8_1_8113.d,1,1,P27917|APOC3_PIG,,,PEAKS DB
SDGLKHLDNLKGTFA,50.43,1614.8365,15,-4.4,539.2838,42.18,0.8225-0.8514,1.6013E3,15,25845,230524 Sample 40 D1_S1-A8_1_8113.d,1,1,P02067|HBB_PIG,,,PEAKS DB
GLWGKVNVDEVGGEALG,50.37,1698.8577,17,-3.0,850.4336,39.32,1.0475-1.0759,2.8376E3,15,22718,230524 Sample 40 D1_S1-A8_1_8113.d,2,2,P02067|HBB_PIG,,,PEAKS DB
GKVGGQAGAHGAEALER,50.32,1606.8175,17,-0.6,536.6128,6.84,0.7923-0.8213,2.0756E3,15,1938,230524 Sample 40 D1_S1-A8_1_8113.d,3,3,P01965|HBA_PIG,,,PEAKS DB
VHLSAEEKEAV,50.19,1210.6194,11,-0.3,606.3168,10.65,0.9126-0.9413,6.0502E3,15,4197,230524 Sample 40 D1_S1-A8_1_8113.d,5,5,P02067|HBB_PIG,,,PEAKS DB
ADPSELQDTEDPPLTSVEIETPAS,50.17,2540.1653,24,-1.1,1271.0885,30.15,1.2816-1.3094,0,15,16481,230524 Sample 40 D1_S1-A8_1_8113.d,0,0,P02725|GLPA_PIG,,,PEAKS DB
DEDEDGRPKVH,49.99,1295.5742,11,0.5,648.7947,35.13,0.9114-0.9401,3.1196E4,15,19475,230524 Sample 40 D1_S1-A8_1_8113.d,5,5,tr|F1RX37|F1RX37_PIG,,,PEAKS DB
HRDETSLSRDPFPDFFSPVL,49.73,2361.1389,20,5.9,788.0582,42.42,0.9367-0.9654,4.2474E2,15,26541,230524 Sample 40 D1_S1-A8_1_8113.d,1,1,tr|F1RX36|F1RX36_PIG,,,PEAKS DB
VQDKGEFLAEGGGVR,49.71,1560.7896,15,3.1,521.2721,14.26,0.8109-0.8398,2.2871E4,15,6308,230524 Sample 40 D1_S1-A8_1_8113.d,9,9,tr|F1RX36|F1RX36_PIG,,,PEAKS DB
NVDEVGGEALGRL,49.69,1327.6731,13,-0.8,664.8433,23.56,0.9367-0.9654,1.1784E2,15,12212,230524 Sample 40 D1_S1-A8_1_8113.d,1,1,P02067|HBB_PIG,,,PEAKS DB
SARLSAKPAPPKPEPKPK,49.60,1898.1101,18,-6.8,475.5316,5.96,0.8468-0.8757,3.5162E2,15,1378,230524 Sample 40 D1_S1-A8_1_8113.d,1,1,P80272|HMGN2_PIG,,,PEAKS DB
SHGSDQVKAHGQKVADALTKA,49.55,2147.1084,21,-7.3,537.7805,42.27,0.8352-0.8641,0,15,26141,230524 Sample 40 D1_S1-A8_1_8113.d,0,0,P01965|HBA_PIG,,,PEAKS DB
TTADDFQPFFNEKT,49.44,1659.7416,14,0.8,830.8787,27.64,1.0464-1.0748,1.2629E2,15,14946,230524 Sample 40 D1_S1-A8_1_8113.d,1,1,Q19AZ8|THRB_PIG,,,PEAKS DB
ADALTKAVGHLDDLPGALSA,49.33,1934.0109,20,-3.2,968.0096,42.11,1.2146-1.2425,1.3101E3,15,25639,230524 Sample 40 D1_S1-A8_1_8113.d,1,1,P01965|HBA_PIG,,,PEAKS DB
DLSNADAVM(+15.99)GNPKV,49.26,1445.6820,14,-0.9,723.8477,14.98,0.9619-0.9905,6.0559E2,15,6941,230524 Sample 40 D1_S1-A8_1_8113.d,1,1,P02067|HBB_PIG,Oxidation (M),M9:Oxidation (M):1000.00,PEAKS DB
LAWIQEHTTS,49.26,1184.5825,10,6.4,593.3023,19.89,0.8815-0.9103,9.8294E3,15,10181,230524 Sample 40 D1_S1-A8_1_8113.d,4,4,O97507|FA12_PIG,,,PEAKS DB
ADALTKAVGH,49.14,981.5243,10,-3.0,491.7679,9.29,0.8213-0.8503,0,15,3489,230524 Sample 40 D1_S1-A8_1_8113.d,0,0,P01965|HBA_PIG,,,PEAKS DB
DETSLSRDPFPDF,49.06,1524.6732,13,0.1,763.3439,32.30,0.9974-1.0259,9.9713E1,15,17561,230524 Sample 40 D1_S1-A8_1_8113.d,1,1,tr|F1RX36|F1RX36_PIG,,,PEAKS DB
DKRREEAPSLRPVAPPISAGGYQPRPA,48.96,2914.5525,27,-6.5,583.9140,17.65,0.7958-0.8248,0,15,8629,230524 Sample 40 D1_S1-A8_1_8113.d,0,0,tr|F1RX37|F1RX37_PIG,,,PEAKS DB
DNEEQEYIKTVK,48.79,1494.7202,12,-2.2,748.3657,13.13,1.0282-1.0566,0,15,5583,230524 Sample 40 D1_S1-A8_1_8113.d,0,0,P19619|ANXA1_PIG,,,PEAKS DB
VHLSAEEKEAVL,48.74,1323.7034,12,-1.3,662.8581,16.28,0.9631-0.9917,1.0356E4,15,7774,230524 Sample 40 D1_S1-A8_1_8113.d,4,4,P02067|HBB_PIG,,,PEAKS DB
TTADDFQPFFNE,48.72,1430.5990,12,4.0,716.3096,33.23,0.9619-0.9905,3.5468E2,15,17977,230524 Sample 40 D1_S1-A8_1_8113.d,1,1,Q19AZ8|THRB_PIG,,,PEAKS DB
DLSNADAVMGNPK,48.72,1330.6187,13,0.9,666.3172,16.10,0.9413-0.9699,2.342E3,15,7643,230524 Sample 40 D1_S1-A8_1_8113.d,1,1,P02067|HBB_PIG,,,PEAKS DB
DLSNADAVMGNPKV,48.62,1429.6871,14,2.5,715.8527,20.94,0.9802-1.0088,1.9304E3,15,10808,230524 Sample 40 D1_S1-A8_1_8113.d,1,1,P02067|HBB_PIG,,,PEAKS DB
IDNEEQEYIKTV,48.61,1479.7092,12,-3.9,740.8590,18.73,1.0077-1.0361,1.2191E2,15,9452,230524 Sample 40 D1_S1-A8_1_8113.d,1,1,P19619|ANXA1_PIG,,,PEAKS DB
DYDEDEDGRPK,48.53,1337.5371,11,-0.3,669.7756,5.32,0.9321-0.9608,1.73E3,15,937,230524 Sample 40 D1_S1-A8_1_8113.d,1,1,tr|F1RX37|F1RX37_PIG,,,PEAKS DB
DYTPKPEPSSS,48.48,1206.5404,11,1.6,604.2784,8.43,0.8791-0.9080,3.4369E3,15,2896,230524 Sample 40 D1_S1-A8_1_8113.d,1,1,P27917|APOC3_PIG,,,PEAKS DB
AAHHPDDFNPSVHA,48.44,1513.6698,14,-2.8,505.5624,10.20,0.8132-0.8422,2.0742E2,15,3950,230524 Sample 40 D1_S1-A8_1_8113.d,1,1,P01965|HBA_PIG,,,PEAKS DB
GKVGGQAGAHGAEALERM(+15.99),48.44,1753.8529,18,6.3,585.6286,7.46,0.8410-0.8699,5.7751E2,15,2361,230524 Sample 40 D1_S1-A8_1_8113.d,2,2,P01965|HBA_PIG,Oxidation (M),M18:Oxidation (M):1000.00,PEAKS DB
RPPPGPPPPGPPPPGP,48.39,1509.8091,16,-1.4,755.9108,14.35,1.0020-1.0305,2.8555E4,15,7065,230524 Sample 40 D1_S1-A8_1_8113.d,2,2,Q95JC9|PRP_PIG,,,PEAKS DB
FESFGDLSNADAVMGNPKV,48.39,1996.9200,19,9.8,999.4771,30.50,1.1607-1.1888,5.4887E1,15,16649,230524 Sample 40 D1_S1-A8_1_8113.d,1,1,P02067|HBB_PIG,,,PEAKS DB
DFWDYTPKPEPS,48.25,1480.6510,12,0.1,741.3329,27.89,0.9791-1.0077,1.9382E2,15,15132,230524 Sample 40 D1_S1-A8_1_8113.d,1,1,P27917|APOC3_PIG,,,PEAKS DB
DALTSVKESEVAQQ,48.05,1503.7416,14,1.4,752.8792,15.43,1.0191-1.0475,3.9126E2,15,7252,230524 Sample 40 D1_S1-A8_1_8113.d,1,1,P27917|APOC3_PIG,,,PEAKS DB
LDDLPGALSALSDLHAHKL,47.93,1985.0581,19,0.2,993.5366,42.33,1.2894-1.3172,0,15,26281,230524 Sample 40 D1_S1-A8_1_8113.d,0,0,P01965|HBA_PIG,,,PEAKS DB
DLSNADAVM(+15.99)GNPK,47.90,1346.6136,13,0.4,674.3144,10.15,0.9378-0.9665,1.3387E3,15,3898,230524 Sample 40 D1_S1-A8_1_8113.d,1,1,P02067|HBB_PIG,Oxidation (M),M9:Oxidation (M):1000.00,PEAKS DB
FIDNEEQEYIKT,47.86,1527.7092,12,-3.4,764.8593,19.15,1.0122-1.0407,5.1801E1,15,9766,230524 Sample 40 D1_S1-A8_1_8113.d,1,1,P19619|ANXA1_PIG,,,PEAKS DB
SLEDKTEKELFESYIEG,47.82,2015.9575,17,2.7,1008.9888,42.11,1.1888-1.2168,4.7807E3,15,25530,230524 Sample 40 D1_S1-A8_1_8113.d,3,3,Q19AZ8|THRB_PIG,,,PEAKS DB
KGEFLAEGGGV,47.68,1062.5345,11,-0.3,532.2744,18.80,0.8526-0.8815,3.3607E4,15,9310,230524 Sample 40 D1_S1-A8_1_8113.d,9,9,tr|F1RX36|F1RX36_PIG,,,PEAKS DB
AIDYDEDEDGRPKVHVDAR,47.56,2199.0190,19,-3.0,550.7604,42.16,0.8560-0.8849,1.009E3,15,25794,230524 Sample 40 D1_S1-A8_1_8113.d,1,1,tr|F1RX37|F1RX37_PIG,,,PEAKS DB
DALTSVKESEVAQ,47.49,1375.6831,13,0.8,688.8494,15.58,0.9722-1.0008,1.4866E3,15,7292,230524 Sample 40 D1_S1-A8_1_8113.d,1,1,P27917|APOC3_PIG,,,PEAKS DB
EGSDAEIGLAPWQV,47.42,1470.6990,14,1.4,736.3578,35.58,1.0111-1.0396,4.0126E2,15,19302,230524 Sample 40 D1_S1-A8_1_8113.d,1,1,Q19AZ8|THRB_PIG,,,PEAKS DB
SISSSTSAPSDNQ,47.24,1279.5527,13,-0.8,640.7831,7.30,0.9137-0.9424,2.1986E3,15,2230,230524 Sample 40 D1_S1-A8_1_8113.d,1,1,P18650|APOE_PIG,,,PEAKS DB
AAHHPDDFNPSVH,47.15,1442.6327,13,5.7,481.8876,8.46,0.7958-0.8248,3.4015E3,15,2934,230524 Sample 40 D1_S1-A8_1_8113.d,2,2,P01965|HBA_PIG,,,PEAKS DB
AIDYDEDEDGRP,47.04,1393.5634,12,-1.4,697.7880,11.81,0.9642-0.9928,5.1338E2,15,4881,230524 Sample 40 D1_S1-A8_1_8113.d,1,1,tr|F1RX37|F1RX37_PIG,,,PEAKS DB
SYKM(+15.99)EDEADSEEGLD,47.04,1732.6621,15,6.3,867.3438,10.39,1.0441-1.0725,2.4462E2,15,4054,230524 Sample 40 D1_S1-A8_1_8113.d,1,1,tr|F1RX36|F1RX36_PIG,Oxidation (M),M4:Oxidation (M):1000.00,PEAKS DB
EDTSLLDKM(+15.99)QDYVKQAT,46.93,1999.9408,17,0.1,667.6543,18.37,0.8468-0.8757,3.0547E3,15,8989,230524 Sample 40 D1_S1-A8_1_8113.d,1,1,P27917|APOC3_PIG,Oxidation (M),M9:Oxidation (M):1000.00,PEAKS DB
EDTSLLDKMQD,46.87,1293.5758,11,2.9,647.7971,20.11,0.9390-0.9677,3.5412E2,15,10262,230524 Sample 40 D1_S1-A8_1_8113.d,1,1,P27917|APOC3_PIG,,,PEAKS DB
DLPGALSALSDLHAH,46.85,1515.7681,15,2.6,758.8932,42.13,1.1144-1.1426,3.4603E2,15,25739,230524 Sample 40 D1_S1-A8_1_8113.d,1,1,P01965|HBA_PIG,,,PEAKS DB
MEDEADSEEGLDLKGGHV,46.85,1929.8262,18,-2.8,644.2809,16.99,0.9287-0.9573,8.1158E1,15,8202,230524 Sample 40 D1_S1-A8_1_8113.d,1,1,tr|F1RX36|F1RX36_PIG,,,PEAKS DB
DEVGGEALGRLL,46.79,1227.6459,12,-3.4,614.8281,30.88,0.9103-0.9390,0,15,16894,230524 Sample 40 D1_S1-A8_1_8113.d,0,0,P02067|HBB_PIG,,,PEAKS DB
HRDETSLSRDPFPDFFSPV,46.76,2248.0549,19,-1.3,750.3580,42.36,0.9068-0.9355,6.9474E3,15,26342,230524 Sample 40 D1_S1-A8_1_8113.d,2,2,tr|F1RX36|F1RX36_PIG,,,PEAKS DB
DLHAHKLRVDPV,46.60,1398.7732,12,-1.1,700.3931,42.30,1.0736-1.1020,8.7443E2,15,26196,230524 Sample 40 D1_S1-A8_1_8113.d,1,1,P01965|HBA_PIG,,,PEAKS DB
LANVSTVLTSKY,46.54,1294.7133,12,-2.0,648.3626,24.30,0.9585-0.9871,1.0999E3,15,12674,230524 Sample 40 D1_S1-A8_1_8113.d,1,1,P01965|HBA_PIG,,,PEAKS DB
AAIDEASKKLNAQ,46.51,1357.7201,13,2.9,679.8693,10.36,0.9860-1.0145,2.1657E2,15,4055,230524 Sample 40 D1_S1-A8_1_8113.d,1,1,P18648|APOA1_PIG,,,PEAKS DB
SNRVVDLMVHMASKE,46.49,1714.8495,15,1.2,572.6245,42.29,0.8456-0.8745,0,15,26157,230524 Sample 40 D1_S1-A8_1_8113.d,0,0,P00355|G3P_PIG,,,PEAKS DB
GKFTDFWDYTPKPEPSSS,46.45,2087.9475,18,-8.8,696.9836,28.45,0.8387-0.8676,9.822E2,15,15444,230524 Sample 40 D1_S1-A8_1_8113.d,3,3,P27917|APOC3_PIG,,,PEAKS DB
VLSAADKANVKAAWGK,46.43,1627.9045,16,-0.4,543.6419,13.38,0.8584-0.8872,1.2435E3,15,5700,230524 Sample 40 D1_S1-A8_1_8113.d,2,2,P01965|HBA_PIG,,,PEAKS DB
LDDFQNKWQEEM(+15.99)ETY,46.40,1990.8254,15,10.3,996.4302,22.88,1.1370-1.1652,2.8317E2,15,11838,230524 Sample 40 D1_S1-A8_1_8113.d,1,1,P18648|APOA1_PIG,Oxidation (M),M12:Oxidation (M):1000.00,PEAKS DB
DKMQDYVKQ,46.35,1153.5437,9,-1.4,577.7783,9.37,0.8630-0.8918,8.3845E1,15,3512,230524 Sample 40 D1_S1-A8_1_8113.d,1,1,P27917|APOC3_PIG,,,PEAKS DB
IDEASKKLNAQ,46.35,1215.6459,11,4.0,608.8326,5.97,0.9206-0.9493,4.9826E2,15,1347,230524 Sample 40 D1_S1-A8_1_8113.d,1,1,P18648|APOA1_PIG,,,PEAKS DB
LGITDEVTEGQFMYVTGGRMTY,46.17,2467.1399,22,-6.0,1234.5698,41.96,1.3050-1.3327,2.5692E3,15,25263,230524 Sample 40 D1_S1-A8_1_8113.d,2,2,Q5U9S1|MBL1_PIG,,,PEAKS DB
EGGGSLAEYQAKAQEQL,46.14,1777.8481,17,-0.2,889.9312,20.50,1.1031-1.1314,3.6072E2,15,10637,230524 Sample 40 D1_S1-A8_1_8113.d,1,1,P18648|APOA1_PIG,,,PEAKS DB
LSDLHAHKL,46.08,1032.5717,9,0.0,517.2931,8.77,0.8757-0.9045,5.0381E3,15,3149,230524 Sample 40 D1_S1-A8_1_8113.d,2,2,P01965|HBA_PIG,,,PEAKS DB
EDTSLLDKMQDYV,46.05,1555.7075,13,-5.6,778.8567,32.35,1.0361-1.0646,4.2239E2,15,17571,230524 Sample 40 D1_S1-A8_1_8113.d,2,2,P27917|APOC3_PIG,,,PEAKS DB
ASLDKFLANVSTVLTSKYR,46.03,2112.1580,19,1.4,705.0609,42.43,0.9848-1.0134,5.7591E2,15,26577,230524 Sample 40 D1_S1-A8_1_8113.d,1,1,P01965|HBA_PIG,,,PEAKS DB
GHRPYDKRREEAPSLRPVAPPISAGGYQPRPA,45.96,3524.8501,32,-3.2,705.9750,15.98,0.9401-0.9688,3.2613E3,15,7539,230524 Sample 40 D1_S1-A8_1_8113.d,1,1,tr|F1RX37|F1RX37_PIG,,,PEAKS DB
DRLNEQSSEANLY,45.91,1537.7008,13,-3.3,769.8552,15.65,1.0054-1.0339,6.398E2,15,7359,230524 Sample 40 D1_S1-A8_1_8113.d,1,1,P51524|PF11_PIG:P80054|PR39_PIG,,,PEAKS DB
DDFNPSVHA,45.83,1000.4250,9,-2.8,501.2184,14.43,0.8039-0.8329,1.5604E3,15,6492,230524 Sample 40 D1_S1-A8_1_8113.d,1,1,P01965|HBA_PIG,,,PEAKS DB
NVSTVLTSKYR,45.79,1266.6932,11,-2.9,634.3521,14.16,0.9688-0.9974,4.1475E3,15,6247,230524 Sample 40 D1_S1-A8_1_8113.d,2,2,P01965|HBA_PIG,,,PEAKS DB
TINREGGAVESKSY,45.77,1509.7423,14,7.2,504.2583,7.58,0.7340-0.7632,2.5816E2,15,2424,230524 Sample 40 D1_S1-A8_1_8113.d,1,1,tr|F1RX36|F1RX36_PIG,,,PEAKS DB
HLSAEEKEAVLG,45.72,1281.6565,12,-1.4,641.8347,12.32,0.9642-0.9928,1.3242E4,15,5091,230524 Sample 40 D1_S1-A8_1_8113.d,2,2,P02067|HBB_PIG,,,PEAKS DB
LTSVKESEVAQQA,45.61,1388.7147,13,0.1,695.3647,10.98,0.9551-0.9837,1.0213E3,15,4498,230524 Sample 40 D1_S1-A8_1_8113.d,1,1,P27917|APOC3_PIG,,,PEAKS DB
VGGQAGAHGAEALERM,45.60,1552.7416,16,0.5,518.5881,13.99,0.8132-0.8422,2.9489E3,15,6112,230524 Sample 40 D1_S1-A8_1_8113.d,2,2,P01965|HBA_PIG,,,PEAKS DB
RPPPGPPPPGPPPP,45.53,1355.7349,14,-2.5,678.8730,13.22,0.9459-0.9745,2.2255E4,15,5373,230524 Sample 40 D1_S1-A8_1_8113.d,2,2,Q95JC9|PRP_PIG,,,PEAKS DB
VGGQAGAHGAEALER,45.51,1421.7010,15,-1.4,474.9070,7.91,0.7562-0.7853,2.9079E2,15,2622,230524 Sample 40 D1_S1-A8_1_8113.d,1,1,P01965|HBA_PIG,,,PEAKS DB
SKETIEQEKQAGES,45.34,1562.7423,14,-5.0,782.3745,4.89,1.0202-1.0487,6.2184E1,15,684,230524 Sample 40 D1_S1-A8_1_8113.d,1,1,Q95274|TYB4_PIG,,,PEAKS DB
RFFESFGDLSNADAV,45.33,1673.7684,15,0.1,837.8916,31.99,1.0736-1.1020,1.3729E3,15,17409,230524 Sample 40 D1_S1-A8_1_8113.d,2,2,P02067|HBB_PIG,,,PEAKS DB
M(+15.99)EDEADSEEGLDLKGGHV,45.31,1945.8210,18,1.8,649.6155,15.76,0.9252-0.9539,1.1511E2,15,7488,230524 Sample 40 D1_S1-A8_1_8113.d,1,1,tr|F1RX36|F1RX36_PIG,Oxidation (M),M1:Oxidation (M):1000.00,PEAKS DB
HFNLSHGSDQV,45.28,1239.5632,11,-1.2,620.7881,12.54,0.8884-0.9172,3.3677E2,15,5218,230524 Sample 40 D1_S1-A8_1_8113.d,1,1,P01965|HBA_PIG,,,PEAKS DB
ELDQPPKADEDPGTPKPV,45.28,1931.9475,18,5.4,644.9933,13.25,0.8283-0.8572,2.3139E2,15,5626,230524 Sample 40 D1_S1-A8_1_8113.d,1,1,P51524|PF11_PIG:P80054|PR39_PIG,,,PEAKS DB
EHPVLLTEAPLNPK,45.27,1556.8562,14,0.4,519.9595,39.48,0.8271-0.8560,0,15,22861,230524 Sample 40 D1_S1-A8_1_8113.d,0,0,Q6QAQ1|ACTB_PIG,,,PEAKS DB
VNVDEVGGEALGR,45.26,1313.6575,13,1.3,657.8369,18.07,0.9482-0.9768,2.0663E2,15,8911,230524 Sample 40 D1_S1-A8_1_8113.d,1,1,P02067|HBB_PIG,,,PEAKS DB
DEDGRPKV,45.25,914.4457,8,0.2,458.2302,5.73,0.7841-0.8132,5.6875E4,15,1174,230524 Sample 40 D1_S1-A8_1_8113.d,10,10,tr|F1RX37|F1RX37_PIG,,,PEAKS DB
DYDEDEDGRPKVH,45.21,1573.6644,13,-1.5,525.5613,6.41,0.7853-0.8143,1.6666E3,15,1668,230524 Sample 40 D1_S1-A8_1_8113.d,1,1,tr|F1RX37|F1RX37_PIG,,,PEAKS DB
VPPGIPPVH,45.13,911.5228,9,-7.7,456.7652,16.29,0.7900-0.8190,0,15,7841,230524 Sample 40 D1_S1-A8_1_8113.d,0,0,P29700|FETUA_PIG,,,PEAKS DB
ATRTAQDALTSVKESEVAQQA,45.08,2203.1079,21,-0.9,735.3759,16.61,0.9183-0.9470,1.9458E2,15,7998,230524 Sample 40 D1_S1-A8_1_8113.d,1,1,P27917|APOC3_PIG,,,PEAKS DB
DYDEDEDGRP,45.03,1209.4421,10,-1.5,605.7274,7.74,0.8768-0.9057,1.2232E3,15,2475,230524 Sample 40 D1_S1-A8_1_8113.d,1,1,tr|F1RX37|F1RX37_PIG,,,PEAKS DB
NVSTVLTSKY,45.01,1110.5920,10,0.3,556.3035,18.44,0.8584-0.8872,4.2149E2,15,9201,230524 Sample 40 D1_S1-A8_1_8113.d,1,1,P01965|HBA_PIG,,,PEAKS DB
MEDEADSEEGLDLKGGHVI,44.96,2042.9102,19,12.9,681.9861,21.39,0.9539-0.9825,0,15,11158,230524 Sample 40 D1_S1-A8_1_8113.d,0,0,tr|F1RX36|F1RX36_PIG,,,PEAKS DB
DTTPSNPDWGTF,44.93,1336.5571,12,5.8,669.2897,28.95,0.8930-0.9218,3.0243E2,15,15737,230524 Sample 40 D1_S1-A8_1_8113.d,1,1,tr|F1RX36|F1RX36_PIG,,,PEAKS DB
DEDGRPKVHVDA,44.88,1336.6371,12,0.0,446.5530,7.78,0.7352-0.7643,7.9862E4,15,2528,230524 Sample 40 D1_S1-A8_1_8113.d,4,4,tr|F1RX37|F1RX37_PIG,,,PEAKS DB
VLSAADKANVK,44.86,1114.6345,11,-1.2,558.3239,6.93,0.8791-0.9080,1.0403E4,15,1945,230524 Sample 40 D1_S1-A8_1_8113.d,2,2,P01965|HBA_PIG,,,PEAKS DB
NVDEVGGEALGR,44.80,1214.5891,12,-3.9,608.2994,13.94,0.8941-0.9229,7.823E2,15,6082,230524 Sample 40 D1_S1-A8_1_8113.d,1,1,P02067|HBB_PIG,,,PEAKS DB
DGPEYSSSSKISSHS,44.78,1566.6798,15,0.8,784.3478,7.51,1.0134-1.0418,5.3645E2,15,2377,230524 Sample 40 D1_S1-A8_1_8113.d,2,2,tr|F1RX36|F1RX36_PIG,,,PEAKS DB
HLSAEEKEAV,44.73,1111.5509,10,-0.2,556.7826,7.43,0.8398-0.8688,1.5177E4,15,2352,230524 Sample 40 D1_S1-A8_1_8113.d,3,3,P02067|HBB_PIG,,,PEAKS DB
STTALVSSPKEGAL,44.73,1359.7245,14,0.7,680.8700,18.11,0.9814-1.0099,2.8689E2,15,8952,230524 Sample 40 D1_S1-A8_1_8113.d,1,1,P50390|TTHY_PIG,,,PEAKS DB
TGIQTQGAKY,44.68,1065.5454,10,10.1,533.7853,9.72,0.8213-0.8503,0,15,3718,230524 Sample 40 D1_S1-A8_1_8113.d,0,0,Q9GLP1|FA5_PIG,,,PEAKS DB
VHLSAEEKEA,44.68,1111.5509,10,-0.2,556.7826,7.43,0.8549-0.8838,7.7158E3,15,2207,230524 Sample 40 D1_S1-A8_1_8113.d,1,1,P02067|HBB_PIG,,,PEAKS DB
GHLDDLPGALSA,44.62,1164.5775,12,0.5,583.2963,23.24,0.8930-0.9218,2.9913E3,15,11996,230524 Sample 40 D1_S1-A8_1_8113.d,1,1,P01965|HBA_PIG,,,PEAKS DB
DSEEGLDLKGGHVI,44.59,1467.7205,14,0.7,734.8680,20.38,1.0702-1.0986,7.3039E1,15,10507,230524 Sample 40 D1_S1-A8_1_8113.d,1,1,tr|F1RX36|F1RX36_PIG,,,PEAKS DB
IGDEPLENYLDTEY,44.58,1669.7358,14,-1.8,835.8737,34.26,1.0657-1.0940,7.3014E1,15,18512,230524 Sample 40 D1_S1-A8_1_8113.d,1,1,P00791|PEPA_PIG,,,PEAKS DB
FESFGDLSNADAV,44.52,1370.5990,13,1.0,686.3074,30.12,0.9734-1.0020,8.5561E3,15,16389,230524 Sample 40 D1_S1-A8_1_8113.d,1,1,P02067|HBB_PIG,,,PEAKS DB
AWGKVGGQAGAHGAEALE,44.49,1707.8328,18,-1.6,570.2839,14.70,0.7830-0.8120,1.0119E3,15,6736,230524 Sample 40 D1_S1-A8_1_8113.d,1,1,P01965|HBA_PIG,,,PEAKS DB
GHLDDLPGALSALSDLHAH,44.48,1937.9595,19,2.4,646.9953,42.25,0.9997-1.0282,0,15,26089,230524 Sample 40 D1_S1-A8_1_8113.d,0,0,P01965|HBA_PIG,,,PEAKS DB
SGSVSPGTKSEVHTS,44.43,1458.6951,15,3.2,730.3572,5.20,0.9711-0.9997,6.7778E2,15,889,230524 Sample 40 D1_S1-A8_1_8113.d,1,1,tr|F1RX36|F1RX36_PIG,,,PEAKS DB
IDYDEDEDGRP,44.41,1322.5262,11,-1.7,662.2693,11.96,0.9505-0.9791,0,15,4970,230524 Sample 40 D1_S1-A8_1_8113.d,0,0,tr|F1RX37|F1RX37_PIG,,,PEAKS DB
WGKVNVDEVGGEALG,44.40,1528.7521,15,-4.2,765.3801,23.63,0.9974-1.0259,5.6995E2,15,12199,230524 Sample 40 D1_S1-A8_1_8113.d,1,1,P02067|HBB_PIG,,,PEAKS DB
EDTSLLDKMQDYVKQA,44.34,1882.8982,16,10.7,628.6467,41.99,0.8225-0.8514,2.4962E2,15,25334,230524 Sample 40 D1_S1-A8_1_8113.d,1,1,P27917|APOC3_PIG,,,PEAKS DB
LQSFSDGLKHLD,44.34,1358.6830,12,1.4,680.3497,19.99,1.0361-1.0646,1.4051E2,15,10238,230524 Sample 40 D1_S1-A8_1_8113.d,1,1,P02067|HBB_PIG,,,PEAKS DB
MEDEADSEEGLD,44.28,1338.4769,12,-5.5,670.2421,13.05,0.9264-0.9551,7.6299E1,15,5523,230524 Sample 40 D1_S1-A8_1_8113.d,1,1,tr|F1RX36|F1RX36_PIG,,,PEAKS DB
VGHLDDLPGALSALSDLHAH,44.20,2037.0280,20,3.9,510.2663,42.25,0.8676-0.8964,0,15,26080,230524 Sample 40 D1_S1-A8_1_8113.d,0,0,P01965|HBA_PIG,,,PEAKS DB
TEDPPLTSVEIETPAS,44.20,1684.8043,16,1.2,843.4105,27.18,1.0634-1.0918,5.8094E2,15,14606,230524 Sample 40 D1_S1-A8_1_8113.d,1,1,P02725|GLPA_PIG,,,PEAKS DB
DYDEDEDGRPKVHVDA,44.13,1858.7969,16,-14.3,620.5974,10.91,0.8155-0.8445,3.9835E4,15,4495,230524 Sample 40 D1_S1-A8_1_8113.d,6,6,tr|F1RX37|F1RX37_PIG,,,PEAKS DB
APPGARPPPGPPPP,44.11,1303.7036,14,1.9,652.8603,11.92,0.8745-0.9034,1.0853E3,15,4939,230524 Sample 40 D1_S1-A8_1_8113.d,1,1,Q95JC9|PRP_PIG,,,PEAKS DB
YPWTQRFFESFGDLSNADAV,44.11,2349.0701,20,-0.1,1175.5422,42.31,1.2749-1.3027,0,15,26204,230524 Sample 40 D1_S1-A8_1_8113.d,0,0,P02067|HBB_PIG,,,PEAKS DB
AAWGKVGGQAGAHGAEALE,44.09,1778.8699,19,-1.3,890.4410,37.55,1.1392-1.1674,4.2481E2,15,21060,230524 Sample 40 D1_S1-A8_1_8113.d,1,1,P01965|HBA_PIG,,,PEAKS DB
EDEDGRPKVHVDA,44.05,1465.6797,13,-0.4,733.8468,37.82,0.9757-1.0042,1.7441E5,15,21373,230524 Sample 40 D1_S1-A8_1_8113.d,4,4,tr|F1RX37|F1RX37_PIG,,,PEAKS DB
TYFPHFNLSHGSDQV,44.03,1747.7954,15,-0.4,583.6055,42.09,0.8155-0.8445,5.0399E2,15,25560,230524 Sample 40 D1_S1-A8_1_8113.d,1,1,P01965|HBA_PIG,,,PEAKS DB
TRTAQDALTSVKESEVAQ,43.89,1932.9752,18,3.6,645.3347,15.15,0.8190-0.8479,0,15,7086,230524 Sample 40 D1_S1-A8_1_8113.d,0,0,P27917|APOC3_PIG,,,PEAKS DB
FPPPNFPGPRFPPPNFPGPR,43.84,2231.1428,20,1.7,744.7228,42.13,0.9241-0.9528,3.6566E4,15,25519,230524 Sample 40 D1_S1-A8_1_8113.d,1,1,P51524|PF11_PIG,,,PEAKS DB
QDALTSVKESEVAQQ,43.84,1631.8002,15,-0.9,816.9066,14.92,1.0407-1.0691,1.6863E2,15,6914,230524 Sample 40 D1_S1-A8_1_8113.d,1,1,P27917|APOC3_PIG,,,PEAKS DB
SPPRPPPGPPP,43.81,1094.5872,11,12.9,548.3079,9.96,0.8248-0.8537,1.8885E3,15,3803,230524 Sample 40 D1_S1-A8_1_8113.d,2,2,Q95JC9|PRP_PIG,,,PEAKS DB
IDYDEDEDGRPKVHVDA,43.76,1971.8810,17,0.4,658.3012,13.04,0.8711-0.8999,3.5477E4,15,5511,230524 Sample 40 D1_S1-A8_1_8113.d,2,2,tr|F1RX37|F1RX37_PIG,,,PEAKS DB
RPPPPPPPPADEPQQGP,43.74,1772.8845,17,-9.5,887.4411,11.56,1.0793-1.1076,0,15,4820,230524 Sample 40 D1_S1-A8_1_8113.d,0,0,Q95JC9|PRP_PIG,,,PEAKS DB
GEFLAEGGGVR,43.64,1090.5406,11,0.5,546.2779,16.60,0.8607-0.8895,2.1904E4,15,7813,230524 Sample 40 D1_S1-A8_1_8113.d,3,3,tr|F1RX36|F1RX36_PIG,,,PEAKS DB
SAVSISSSTSAPSDNQ,43.58,1536.6903,16,-0.8,769.3518,12.48,1.0179-1.0464,1.1757E2,15,5235,230524 Sample 40 D1_S1-A8_1_8113.d,1,1,P18650|APOE_PIG,,,PEAKS DB
TDVANYLAWIQEHTTS,43.57,1847.8690,16,-1.1,924.9408,42.19,1.1370-1.1652,0,15,25880,230524 Sample 40 D1_S1-A8_1_8113.d,0,0,O97507|FA12_PIG,,,PEAKS DB
QAFPPPNVPGPRFPPPNFPGP,43.47,2226.1375,21,-2.4,1114.0734,40.25,1.2314-1.2593,3.1298E4,15,23901,230524 Sample 40 D1_S1-A8_1_8113.d,2,2,P51524|PF11_PIG,,,PEAKS DB
TRTAQDALTSVKESEVAQQ,43.45,2061.0337,19,1.8,688.0198,15.08,0.8653-0.8941,0,15,7028,230524 Sample 40 D1_S1-A8_1_8113.d,0,0,P27917|APOC3_PIG,,,PEAKS DB
VAGVANALAH,43.41,921.5032,10,-1.4,461.7582,14.12,0.8143-0.8433,0,15,6274,230524 Sample 40 D1_S1-A8_1_8113.d,0,0,P02067|HBB_PIG,,,PEAKS DB
VYPWTQRFFESFGDLSNADAV,43.35,2448.1387,21,0.4,1225.0771,42.33,1.3161-1.3438,0,15,26298,230524 Sample 40 D1_S1-A8_1_8113.d,0,0,P02067|HBB_PIG,,,PEAKS DB
QATRTAQDALTSVKESEVAQQA,43.32,2331.1665,22,2.7,778.0649,17.13,0.9310-0.9596,2.4166E2,15,8309,230524 Sample 40 D1_S1-A8_1_8113.d,1,1,P27917|APOC3_PIG,,,PEAKS DB
WTQRFFESFGDLSNADAV,43.27,2088.9541,18,2.4,1045.4868,42.19,1.2090-1.2370,0,15,25879,230524 Sample 40 D1_S1-A8_1_8113.d,0,0,P02067|HBB_PIG,,,PEAKS DB
TINREGGAVES,43.21,1131.5520,11,1.7,566.7842,6.28,0.8364-0.8653,2.4821E4,15,1467,230524 Sample 40 D1_S1-A8_1_8113.d,1,1,tr|F1RX36|F1RX36_PIG,,,PEAKS DB
RREEAPSLRPVAPPISAGGYQPRP,43.18,2600.3936,24,0.5,651.1060,18.64,0.9287-0.9573,0,15,9415,230524 Sample 40 D1_S1-A8_1_8113.d,0,0,tr|F1RX37|F1RX37_PIG,,,PEAKS DB
DDPQSPWDR,43.17,1114.4679,9,7.2,558.2452,14.45,0.8341-0.8630,1.3062E2,15,6578,230524 Sample 40 D1_S1-A8_1_8113.d,1,1,P18648|APOA1_PIG,,,PEAKS DB
DTEDPPLTSVEIETPAS,43.16,1799.8312,17,-8.1,900.9156,28.40,1.0646-1.0929,0,15,15439,230524 Sample 40 D1_S1-A8_1_8113.d,0,0,P02725|GLPA_PIG,,,PEAKS DB
SDLHAHKL,43.03,919.4875,8,-0.8,460.7507,41.01,0.8027-0.8317,6.3046E3,15,24066,230524 Sample 40 D1_S1-A8_1_8113.d,4,4,P01965|HBA_PIG,,,PEAKS DB
QDKGEFLAEGGGVR,43.00,1461.7212,14,1.3,731.8688,36.27,0.9814-1.0099,1.1178E4,15,19793,230524 Sample 40 D1_S1-A8_1_8113.d,6,6,tr|F1RX36|F1RX36_PIG,,,PEAKS DB
VLSAADKANVKAAWGKVGGQAGAHGAEAL,42.99,2746.4514,29,2.1,687.6216,42.25,1.0282-1.0566,0,15,26058,230524 Sample 40 D1_S1-A8_1_8113.d,0,0,P01965|HBA_PIG,,,PEAKS DB
SLLDKMQDYVKQAT,42.93,1638.8287,14,1.1,820.4225,42.11,1.0918-1.1201,0,15,25669,230524 Sample 40 D1_S1-A8_1_8113.d,0,0,P27917|APOC3_PIG,,,PEAKS DB
LPPGVDPTQVSSSLSPEGTLSVE,42.92,2295.1482,23,-5.0,1148.5757,32.30,1.2414-1.2693,2.239E2,15,17603,230524 Sample 40 D1_S1-A8_1_8113.d,1,1,Q5S1U1|HSPB1_PIG,,,PEAKS DB
VSTVLTSKYR,42.83,1152.6503,10,-1.9,577.3313,11.26,0.9172-0.9459,4.6075E2,15,4675,230524 Sample 40 D1_S1-A8_1_8113.d,1,1,P01965|HBA_PIG,,,PEAKS DB
DEDEDGRPKVHVD,42.79,1509.6696,13,-3.0,755.8398,36.40,0.9825-1.0111,3.1336E3,15,19960,230524 Sample 40 D1_S1-A8_1_8113.d,2,2,tr|F1RX37|F1RX37_PIG,,,PEAKS DB
DDFNPSVHASLD,42.71,1315.5680,12,0.7,658.7917,19.34,0.9206-0.9493,0,15,9881,230524 Sample 40 D1_S1-A8_1_8113.d,0,0,P01965|HBA_PIG,,,PEAKS DB
TVETRDGQVINETSQ,42.69,1675.8013,15,3.3,838.9106,10.00,1.0270-1.0555,7.4359E1,15,3865,230524 Sample 40 D1_S1-A8_1_8113.d,1,1,P02543|VIME_PIG,,,PEAKS DB
SGPGDTTPSNPDWGT,42.66,1487.6165,15,2.7,744.8175,17.16,0.9596-0.9882,1.1018E2,15,8344,230524 Sample 40 D1_S1-A8_1_8113.d,1,1,tr|F1RX36|F1RX36_PIG,,,PEAKS DB
HHPDDFNPSVHASLDKFLANV,42.64,2359.1345,21,-3.3,787.3829,42.37,0.9424-0.9711,6.7777E2,15,26378,230524 Sample 40 D1_S1-A8_1_8113.d,1,1,P01965|HBA_PIG,,,PEAKS DB
RPVAPPISA,42.61,906.5287,9,2.3,454.2727,14.45,0.7737-0.8027,1.7958E2,15,6558,230524 Sample 40 D1_S1-A8_1_8113.d,1,1,tr|F1RX37|F1RX37_PIG,,,PEAKS DB
WDYTPKPEPS,42.55,1218.5557,10,0.9,610.2856,15.73,0.8849-0.9137,5.1318E2,15,7437,230524 Sample 40 D1_S1-A8_1_8113.d,1,1,P27917|APOC3_PIG,,,PEAKS DB
QDALTSVKESEVAQ,42.54,1503.7416,14,4.4,752.8814,15.00,1.0248-1.0532,1.402E2,15,6966,230524 Sample 40 D1_S1-A8_1_8113.d,1,1,P27917|APOC3_PIG,,,PEAKS DB
GGQAGAHGAEALERMFLGFPT,42.50,2116.0159,21,-0.8,1059.0144,42.31,1.2671-1.2950,0,15,26224,230524 Sample 40 D1_S1-A8_1_8113.d,0,0,P01965|HBA_PIG,,,PEAKS DB
VGHLDDLPGALSA,42.43,1263.6459,13,-1.4,632.8293,26.29,0.9252-0.9539,2.3931E4,15,13302,230524 Sample 40 D1_S1-A8_1_8113.d,4,4,P01965|HBA_PIG,,,PEAKS DB
TLAAHHPDDFNPSVHA,42.42,1727.8015,16,-4.6,576.9385,13.22,0.8109-0.8398,0,15,5639,230524 Sample 40 D1_S1-A8_1_8113.d,0,0,P01965|HBA_PIG,,,PEAKS DB
EFLAEGGGVR,42.36,1033.5192,10,-0.6,517.7665,16.30,0.8201-0.8491,9.1495E4,15,7497,230524 Sample 40 D1_S1-A8_1_8113.d,6,6,tr|F1RX36|F1RX36_PIG,,,PEAKS DB
VLSAADKANVKAAWGKVGGQAGAHGAEALE,42.36,2875.4939,30,2.3,719.8824,42.25,0.9608-0.9894,1.1328E4,15,25908,230524 Sample 40 D1_S1-A8_1_8113.d,1,1,P01965|HBA_PIG,,,PEAKS DB
HGSDQVKAHGQKV,42.30,1389.7113,13,1.9,464.2453,42.22,0.7993-0.8283,3.1457E2,15,25963,230524 Sample 40 D1_S1-A8_1_8113.d,1,1,P01965|HBA_PIG,,,PEAKS DB
VLERVGGDE,42.26,972.4876,9,1.5,487.2518,9.26,0.7934-0.8225,4.2116E2,15,3424,230524 Sample 40 D1_S1-A8_1_8113.d,1,1,tr|F1RX36|F1RX36_PIG,,,PEAKS DB
AIDYDEDEDGRPKVH,42.26,1757.7856,15,-2.5,586.9344,9.34,0.8306-0.8595,1.3586E3,15,3483,230524 Sample 40 D1_S1-A8_1_8113.d,2,2,tr|F1RX37|F1RX37_PIG,,,PEAKS DB
IVEGSDAEIGLAPWQV,42.24,1682.8516,16,-1.2,842.4321,37.10,1.1347-1.1629,1.5916E2,15,20585,230524 Sample 40 D1_S1-A8_1_8113.d,1,1,Q19AZ8|THRB_PIG,,,PEAKS DB
SDGLKHLDNL,42.22,1110.5669,10,-2.6,556.2893,15.87,0.8884-0.9172,2.8306E2,15,7510,230524 Sample 40 D1_S1-A8_1_8113.d,1,1,P02067|HBB_PIG,,,PEAKS DB
DETSLSRDP,42.19,1018.4567,9,-0.1,510.2355,8.84,0.8109-0.8398,3.7928E3,15,3207,230524 Sample 40 D1_S1-A8_1_8113.d,1,1,tr|F1RX36|F1RX36_PIG,,,PEAKS DB
NEEQEYIKTV,42.11,1251.5983,10,3.2,626.8084,15.88,0.9137-0.9424,1.5161E3,15,7502,230524 Sample 40 D1_S1-A8_1_8113.d,1,1,P19619|ANXA1_PIG,,,PEAKS DB
KVGGQAGAHGAEALE,42.11,1393.6949,15,-2.5,697.8530,7.85,0.9562-0.9848,4.0446E2,15,2587,230524 Sample 40 D1_S1-A8_1_8113.d,1,1,P01965|HBA_PIG,,,PEAKS DB
GGQAGAHGAEALE,42.02,1166.5316,13,0.6,584.2734,8.14,0.8306-0.8595,5.513E3,15,2707,230524 Sample 40 D1_S1-A8_1_8113.d,1,1,P01965|HBA_PIG,,,PEAKS DB
PGVTVKDVNQQEFV,42.01,1558.7991,14,-1.4,780.4057,20.88,1.0430-1.0714,2.7232E2,15,10817,230524 Sample 40 D1_S1-A8_1_8113.d,1,1,Q29308|RS19_PIG,,,PEAKS DB
SLSRDPFPDFFSPV,41.93,1609.7776,14,1.6,805.8973,42.33,1.0691-1.0974,7.1525E2,15,26233,230524 Sample 40 D1_S1-A8_1_8113.d,2,2,tr|F1RX36|F1RX36_PIG,,,PEAKS DB
DGLKHLDNLKGTFA,41.89,1527.8044,14,-4.7,510.2730,19.17,0.7888-0.8178,7.0215E2,15,9776,230524 Sample 40 D1_S1-A8_1_8113.d,1,1,P02067|HBB_PIG,,,PEAKS DB
SLGSALRPSTSRSLYTSSPGGVYAT,41.83,2514.2715,25,-1.7,839.0964,21.75,0.9665-0.9951,1.4315E2,15,11319,230524 Sample 40 D1_S1-A8_1_8113.d,1,1,P02543|VIME_PIG,,,PEAKS DB
STVLTSKYR,41.81,1053.5818,9,-1.3,527.7975,8.75,0.8722-0.9010,1.0949E4,15,3108,230524 Sample 40 D1_S1-A8_1_8113.d,3,3,P01965|HBA_PIG,,,PEAKS DB
FESFGDLSNADAVMGNPK,41.81,1897.8516,18,-2.1,949.9311,28.09,1.1257-1.1539,1.0676E2,15,15252,230524 Sample 40 D1_S1-A8_1_8113.d,1,1,P02067|HBB_PIG,,,PEAKS DB
EEAPSLRPVAPPISAGGYQPRPAKV,41.79,2586.3916,25,4.2,647.6079,21.12,0.9791-1.0077,0,15,10981,230524 Sample 40 D1_S1-A8_1_8113.d,0,0,tr|F1RX37|F1RX37_PIG,,,PEAKS DB
VAGVANALAHKYH,41.77,1349.7203,13,-5.7,450.9115,41.26,0.7690-0.7981,6.2103E2,15,24487,230524 Sample 40 D1_S1-A8_1_8113.d,2,2,P02067|HBB_PIG,,,PEAKS DB
RTAQDALTSVKESEVAQQ,41.75,1959.9861,18,6.8,654.3404,14.61,0.8341-0.8630,0,15,6711,230524 Sample 40 D1_S1-A8_1_8113.d,0,0,P27917|APOC3_PIG,,,PEAKS DB
TITKTINREGGAVES,41.70,1574.8264,15,0.3,788.4207,9.08,1.0418-1.0702,1.8366E2,15,3361,230524 Sample 40 D1_S1-A8_1_8113.d,1,1,tr|F1RX36|F1RX36_PIG,,,PEAKS DB
LPGKGSLDEFFH,41.67,1345.6666,12,-3.9,673.8380,42.14,0.9860-1.0145,7.0969E2,15,25759,230524 Sample 40 D1_S1-A8_1_8113.d,2,2,tr|F1RX36|F1RX36_PIG,,,PEAKS DB
EEAPSLRPV,41.67,996.5240,9,-2.0,499.2682,15.34,0.8248-0.8537,2.4051E3,15,7165,230524 Sample 40 D1_S1-A8_1_8113.d,1,1,tr|F1RX37|F1RX37_PIG,,,PEAKS DB
FESFGDLSNADAVM(+15.99)GNPK,41.57,1913.8464,18,-2.8,957.9278,23.17,1.1381-1.1663,1.6812E2,15,11983,230524 Sample 40 D1_S1-A8_1_8113.d,1,1,P02067|HBB_PIG,Oxidation (M),M14:Oxidation (M):1000.00,PEAKS DB
VGHLDDLPGALSAL,41.52,1376.7300,14,14.2,689.3820,34.58,0.9882-1.0168,2.4011E3,15,18716,230524 Sample 40 D1_S1-A8_1_8113.d,2,2,P01965|HBA_PIG,,,PEAKS DB
DRLNEQSSEANL,41.49,1374.6375,12,2.4,688.3276,12.54,0.9505-0.9791,0,15,5260,230524 Sample 40 D1_S1-A8_1_8113.d,0,0,P51524|PF11_PIG:P80054|PR39_PIG,,,PEAKS DB
HLDDLPGALSA,41.43,1107.5560,11,0.1,554.7853,23.13,0.8780-0.9068,2.0528E3,15,12051,230524 Sample 40 D1_S1-A8_1_8113.d,1,1,P01965|HBA_PIG,,,PEAKS DB
FESFGDLSNADAVM(+15.99)GNPKV,41.39,2012.9149,19,15.3,1007.4802,26.16,1.1708-1.1989,4.7704E2,15,13904,230524 Sample 40 D1_S1-A8_1_8113.d,2,2,P02067|HBB_PIG,Oxidation (M),M14:Oxidation (M):1000.00,PEAKS DB
DYTPKPEPS,41.34,1032.4763,9,-1.1,517.2449,8.69,0.8364-0.8653,2.0116E3,15,3123,230524 Sample 40 D1_S1-A8_1_8113.d,1,1,P27917|APOC3_PIG,,,PEAKS DB
EVSGSVSPGTKSEVHT,41.31,1599.7740,16,3.1,534.2670,7.97,0.7783-0.8074,0,15,2682,230524 Sample 40 D1_S1-A8_1_8113.d,0,0,tr|F1RX36|F1RX36_PIG,,,PEAKS DB
VVYPWTQRFFESFGDLSNADAV,41.30,2547.2070,22,2.5,1274.6140,42.35,1.3714-1.3990,0,15,26329,230524 Sample 40 D1_S1-A8_1_8113.d,0,0,P02067|HBB_PIG,,,PEAKS DB
TPPEWKALLETRQV,41.29,1666.9042,14,3.6,834.4623,42.14,1.1212-1.1494,3.5138E2,15,25731,230524 Sample 40 D1_S1-A8_1_8113.d,1,1,tr|F1RX36|F1RX36_PIG,,,PEAKS DB
DKFLANVSTVLTSKY,41.19,1684.9036,15,-2.4,843.4570,42.15,1.1008-1.1291,0,15,25813,230524 Sample 40 D1_S1-A8_1_8113.d,0,0,P01965|HBA_PIG,,,PEAKS DB
APPISAGGYQPRPAKVAIGQ,41.13,1977.0795,20,1.6,660.0348,17.54,0.8398-0.8688,1.9502E3,15,8507,230524 Sample 40 D1_S1-A8_1_8113.d,1,1,tr|F1RX37|F1RX37_PIG,,,PEAKS DB
TEAPLNPK,41.10,868.4654,8,-1.3,435.2394,7.92,0.7713-0.8004,6.7657E2,15,2612,230524 Sample 40 D1_S1-A8_1_8113.d,1,1,Q6QAQ1|ACTB_PIG,,,PEAKS DB
FNLSHGSDQV,41.08,1102.5043,10,1.9,552.2604,15.41,0.8711-0.8999,0,15,7242,230524 Sample 40 D1_S1-A8_1_8113.d,0,0,P01965|HBA_PIG,,,PEAKS DB
HGAEALERMFLGFPT,41.07,1674.8187,15,-2.9,838.4142,42.36,1.1008-1.1291,6.9627E2,15,26405,230524 Sample 40 D1_S1-A8_1_8113.d,1,1,P01965|HBA_PIG,,,PEAKS DB
EDTSLLDKMQDYVKQ,41.04,1811.8611,15,-5.9,604.9574,40.30,0.8167-0.8456,1.4292E2,15,23639,230524 Sample 40 D1_S1-A8_1_8113.d,1,1,P27917|APOC3_PIG,,,PEAKS DB
SVKESEVAQQA,41.02,1174.5830,11,1.8,588.2999,7.05,0.8618-0.8907,2.4008E3,15,2042,230524 Sample 40 D1_S1-A8_1_8113.d,1,1,P27917|APOC3_PIG,,,PEAKS DB
GGSISHGPGSVPGTGSPGGLKPG,41.02,1958.9810,23,2.2,654.0024,13.49,0.8259-0.8549,1.0672E2,15,5797,230524 Sample 40 D1_S1-A8_1_8113.d,1,1,tr|F1RX36|F1RX36_PIG,,,PEAKS DB
FFESFGDLSNAD,40.96,1347.5619,12,-3.6,674.7858,32.55,0.9642-0.9928,9.4813E1,15,17689,230524 Sample 40 D1_S1-A8_1_8113.d,1,1,P02067|HBB_PIG,,,PEAKS DB
LQSFSDGLKHLDNLKGTFA,40.93,2090.0796,19,3.6,697.7030,42.24,0.9665-0.9951,2.0333E3,15,25989,230524 Sample 40 D1_S1-A8_1_8113.d,1,1,P02067|HBB_PIG,,,PEAKS DB
EDEDGRPKV,40.92,1043.4883,9,2.4,522.7527,5.47,0.8155-0.8445,4.7633E3,15,1002,230524 Sample 40 D1_S1-A8_1_8113.d,1,1,tr|F1RX37|F1RX37_PIG,,,PEAKS DB
ADKANVKAAWGKVGGQAGAHGAEAL,40.90,2376.2297,25,-0.9,595.0641,42.25,0.9183-0.9470,1.4459E3,15,26020,230524 Sample 40 D1_S1-A8_1_8113.d,2,2,P01965|HBA_PIG,,,PEAKS DB
SFGDLSNADAVM(+15.99)GNPK,40.89,1637.7355,16,-0.2,819.8749,17.67,1.0736-1.1020,0,15,8652,230524 Sample 40 D1_S1-A8_1_8113.d,0,0,P02067|HBB_PIG,Oxidation (M),M12:Oxidation (M):1000.00,PEAKS DB
GGQAGAHGAEAL,40.87,1037.4890,12,0.2,519.7519,8.25,0.8190-0.8479,1.4682E3,15,2769,230524 Sample 40 D1_S1-A8_1_8113.d,1,1,P01965|HBA_PIG,,,PEAKS DB
VHLSAEEKEAVLG,40.76,1380.7249,13,3.7,691.3723,37.73,0.9780-1.0065,6.0392E2,15,21233,230524 Sample 40 D1_S1-A8_1_8113.d,2,2,P02067|HBB_PIG,,,PEAKS DB
YDEDEDGRPKVH,40.71,1458.6375,12,1.8,487.2206,5.46,0.7608-0.7900,6.0067E3,15,1030,230524 Sample 40 D1_S1-A8_1_8113.d,2,2,tr|F1RX37|F1RX37_PIG,,,PEAKS DB
TKDNPVKGSPGAPSFAAGPPISEG,40.69,2280.1384,24,-4.6,761.0499,19.21,0.8803-0.9091,0,15,9806,230524 Sample 40 D1_S1-A8_1_8113.d,0,0,O19084|CDSN_PIG,,,PEAKS DB
NPLPSKETIEQEKQAGES,40.64,1983.9749,18,3.3,662.3344,11.52,0.8317-0.8607,2.9344E2,15,4790,230524 Sample 40 D1_S1-A8_1_8113.d,1,1,Q95274|TYB4_PIG,,,PEAKS DB
EEAPSLRPVAPPISAGGYQPRPAKVAIGQ,40.63,2955.5930,29,2.9,739.9077,22.82,0.9917-1.0202,5.0712E2,15,11829,230524 Sample 40 D1_S1-A8_1_8113.d,2,2,tr|F1RX37|F1RX37_PIG,,,PEAKS DB
AGVANALAHKYH,40.61,1250.6520,12,-2.2,417.8904,39.69,0.7468-0.7760,2.3407E3,15,23033,230524 Sample 40 D1_S1-A8_1_8113.d,1,1,P02067|HBB_PIG,,,PEAKS DB
VLSAADKANVKAAWGKVGGQAGAH,40.60,2305.2290,24,-0.1,577.3145,42.21,0.9149-0.9436,0,15,25952,230524 Sample 40 D1_S1-A8_1_8113.d,0,0,P01965|HBA_PIG,,,PEAKS DB
SYSTTALVSSPKEGAL,40.59,1609.8198,16,1.3,805.9182,21.47,1.0702-1.0986,2.63E2,15,11192,230524 Sample 40 D1_S1-A8_1_8113.d,1,1,P50390|TTHY_PIG,,,PEAKS DB
DKANVKAAWGKVGGQAGA,40.51,1726.9114,18,-0.6,576.6440,12.68,0.7841-0.8132,5.0867E2,15,5318,230524 Sample 40 D1_S1-A8_1_8113.d,2,2,P01965|HBA_PIG,,,PEAKS DB
YDKRREEAPSLRPVAPPISAGGYQPRPA,40.44,3077.6157,28,2.1,616.5317,17.71,0.8294-0.8584,0,15,8682,230524 Sample 40 D1_S1-A8_1_8113.d,0,0,tr|F1RX37|F1RX37_PIG,,,PEAKS DB
GGYQPRPAKVAIGQ,40.44,1440.7837,14,1.8,721.4004,11.74,1.0088-1.0373,0,15,4868,230524 Sample 40 D1_S1-A8_1_8113.d,0,0,tr|F1RX37|F1RX37_PIG,,,PEAKS DB
KGEFLAEGGGVR,40.41,1218.6356,12,-3.8,407.2176,37.30,0.7246-0.7538,2.7449E3,15,20696,230524 Sample 40 D1_S1-A8_1_8113.d,3,3,tr|F1RX36|F1RX36_PIG,,,PEAKS DB
NEEQEYIKT,40.40,1152.5299,9,1.7,577.2732,11.61,0.8745-0.9034,0,15,4828,230524 Sample 40 D1_S1-A8_1_8113.d,0,0,P19619|ANXA1_PIG,,,PEAKS DB
VLSAADKANV,40.36,986.5396,10,0.9,494.2775,10.95,0.8085-0.8375,9.6095E3,15,4404,230524 Sample 40 D1_S1-A8_1_8113.d,1,1,P01965|HBA_PIG,,,PEAKS DB
TYFPHFNL,40.32,1037.4971,8,0.6,519.7561,32.14,0.8618-0.8907,8.118E2,15,17492,230524 Sample 40 D1_S1-A8_1_8113.d,1,1,P01965|HBA_PIG,,,PEAKS DB
WGKVGGQAGAHGAEALE,40.30,1636.7957,17,-2.0,819.4034,13.80,1.0236-1.0521,1.6129E4,15,5993,230524 Sample 40 D1_S1-A8_1_8113.d,4,4,P01965|HBA_PIG,,,PEAKS DB
ADALTKAVG,40.21,844.4654,9,-1.8,423.2392,11.75,0.7165-0.7457,2.6817E3,15,4832,230524 Sample 40 D1_S1-A8_1_8113.d,1,1,P01965|HBA_PIG,,,PEAKS DB
EDEADSEEGLDLKGGHV,40.20,1798.7856,17,-4.2,600.6000,15.88,0.8895-0.9183,0,15,7555,230524 Sample 40 D1_S1-A8_1_8113.d,0,0,tr|F1RX36|F1RX36_PIG,,,PEAKS DB
PLPSKETIEQEKQAGES,40.16,1869.9319,17,0.0,624.3179,10.97,0.8097-0.8387,5.1362E3,15,4474,230524 Sample 40 D1_S1-A8_1_8113.d,1,1,Q95274|TYB4_PIG,,,PEAKS DB
VGGQAGAHGAEALERM(+15.99),40.16,1568.7365,16,-2.8,523.9180,8.67,0.8109-0.8398,1.6776E3,15,3096,230524 Sample 40 D1_S1-A8_1_8113.d,1,1,P01965|HBA_PIG,Oxidation (M),M16:Oxidation (M):1000.00,PEAKS DB
ADALTKAVGHLDDLPGAL,40.12,1775.9417,18,-3.2,888.9753,42.15,1.1415-1.1697,0,15,25803,230524 Sample 40 D1_S1-A8_1_8113.d,0,0,P01965|HBA_PIG,,,PEAKS DB
EDTSLLDKM(+15.99)QDYV,40.11,1571.7025,13,2.9,786.8608,21.37,1.0509-1.0793,5.5577E1,15,11162,230524 Sample 40 D1_S1-A8_1_8113.d,1,1,P27917|APOC3_PIG,Oxidation (M),M9:Oxidation (M):1000.00,PEAKS DB
LSAADKANVKA,40.08,1086.6033,11,0.1,544.3090,6.88,0.8641-0.8930,0,15,1992,230524 Sample 40 D1_S1-A8_1_8113.d,0,0,P01965|HBA_PIG,,,PEAKS DB
VLQPQPAGADAGATPV,40.01,1490.7728,16,5.5,746.3978,18.35,1.0077-1.0361,4.5474E2,15,9098,230524 Sample 40 D1_S1-A8_1_8113.d,1,1,P29700|FETUA_PIG,,,PEAKS DB
SPLPDITPADF,39.92,1171.5760,11,-0.2,586.7952,35.91,0.8976-0.9264,6.4932E2,15,19539,230524 Sample 40 D1_S1-A8_1_8113.d,1,1,tr|F1RX36|F1RX36_PIG,,,PEAKS DB
EVSGSVSPGTKSEVHTS,39.84,1686.8060,17,-0.7,563.2756,7.15,0.7969-0.8259,7.9617E3,15,2093,230524 Sample 40 D1_S1-A8_1_8113.d,1,1,tr|F1RX36|F1RX36_PIG,,,PEAKS DB
ETSLSRDPFPDFFSPV,39.84,1839.8679,16,-3.2,920.9383,40.78,1.1031-1.1314,2.7208E2,15,24046,230524 Sample 40 D1_S1-A8_1_8113.d,1,1,tr|F1RX36|F1RX36_PIG,,,PEAKS DB
DALTKAVGHLDDLPGALSA,39.82,1862.9738,19,2.7,932.4966,42.12,1.1854-1.2134,5.7709E2,15,25668,230524 Sample 40 D1_S1-A8_1_8113.d,1,1,P01965|HBA_PIG,,,PEAKS DB
GKVNVDEVGGEALG,39.81,1342.6729,14,-1.4,672.3428,17.17,0.9367-0.9654,3.49E3,15,8274,230524 Sample 40 D1_S1-A8_1_8113.d,1,1,P02067|HBB_PIG,,,PEAKS DB
STVLTSKY,39.73,897.4807,8,-1.1,449.7471,12.91,0.7760-0.8051,3.1079E3,15,5375,230524 Sample 40 D1_S1-A8_1_8113.d,1,1,P01965|HBA_PIG,,,PEAKS DB
EDEDGRPK,39.73,944.4199,8,6.8,473.2204,2.03,0.7841-0.8132,0,15,101,230524 Sample 40 D1_S1-A8_1_8113.d,0,0,tr|F1RX37|F1RX37_PIG,,,PEAKS DB
LDDFQNKWQEEMETY,39.71,1974.8306,15,-2.0,988.4206,29.34,1.1392-1.1674,1.3415E2,15,15949,230524 Sample 40 D1_S1-A8_1_8113.d,1,1,P18648|APOA1_PIG,,,PEAKS DB
ADALTKAV,39.69,787.4440,8,1.5,394.7299,12.32,0.7270-0.7562,1.0402E3,15,5094,230524 Sample 40 D1_S1-A8_1_8113.d,1,1,P01965|HBA_PIG,,,PEAKS DB
TQARETPPEWKALLET,39.67,1868.9631,16,5.3,623.9983,42.10,0.8445-0.8734,3.6769E2,15,25623,230524 Sample 40 D1_S1-A8_1_8113.d,1,1,tr|F1RX36|F1RX36_PIG,,,PEAKS DB
EGFTVQNEANKY,39.65,1398.6415,12,6.5,700.3326,16.13,0.9665-0.9951,0,15,7717,230524 Sample 40 D1_S1-A8_1_8113.d,0,0,tr|F1RX37|F1RX37_PIG,,,PEAKS DB
VLSAADKANVKAAW,39.64,1442.7881,14,-5.6,722.3973,16.94,1.0111-1.0396,8.7392E1,15,8180,230524 Sample 40 D1_S1-A8_1_8113.d,1,1,P01965|HBA_PIG,,,PEAKS DB
PPPNFPGPR,39.61,977.5082,9,2.3,489.7625,14.41,0.8213-0.8503,6.9543E2,15,6557,230524 Sample 40 D1_S1-A8_1_8113.d,1,1,P51524|PF11_PIG,,,PEAKS DB
GRPKVHVDA,39.49,977.5406,9,-5.2,489.7751,40.10,0.8503-0.8791,9.4651E2,15,23572,230524 Sample 40 D1_S1-A8_1_8113.d,1,1,tr|F1RX37|F1RX37_PIG,,,PEAKS DB
DEDEDGRP,39.40,931.3519,8,0.2,466.6833,4.17,0.7737-0.8027,1.7287E3,15,279,230524 Sample 40 D1_S1-A8_1_8113.d,1,1,tr|F1RX37|F1RX37_PIG,,,PEAKS DB
TSVKESEVAQQA,39.37,1275.6306,12,-0.9,638.8220,7.86,0.8895-0.9183,6.3842E3,15,2554,230524 Sample 40 D1_S1-A8_1_8113.d,1,1,P27917|APOC3_PIG,,,PEAKS DB
LPPRIPPGFPPRFPP,39.36,1683.9612,15,-2.7,562.3262,42.16,0.8109-0.8398,5.6218E2,15,25862,230524 Sample 40 D1_S1-A8_1_8113.d,1,1,P80054|PR39_PIG,,,PEAKS DB
VLSAADKANVKAAWGKVGGQAGAHGAEALERMFLGFPT,39.32,3824.9783,38,1.5,957.2532,42.43,1.2056-1.2336,0,15,26559,230524 Sample 40 D1_S1-A8_1_8113.d,0,0,P01965|HBA_PIG,,,PEAKS DB
VLSAADKANVKAAWGKVG,39.24,1783.9944,18,3.7,595.6743,42.13,0.9103-0.9390,1.1236E3,15,25664,230524 Sample 40 D1_S1-A8_1_8113.d,1,1,P01965|HBA_PIG,,,PEAKS DB
YDEDEDGRPKVHVD,39.20,1672.7328,14,-6.8,558.5811,8.47,0.8178-0.8468,2.9052E2,15,2968,230524 Sample 40 D1_S1-A8_1_8113.d,1,1,tr|F1RX37|F1RX37_PIG,,,PEAKS DB
SAADKANVKAAWGKVGGQAGA,39.19,1956.0177,21,-2.0,653.0119,39.65,0.8664-0.8953,3.9168E3,15,23172,230524 Sample 40 D1_S1-A8_1_8113.d,3,3,P01965|HBA_PIG,,,PEAKS DB
EDTSLLDKM(+15.99)QD,39.18,1309.5708,11,1.2,655.7935,12.68,0.9424-0.9711,3.215E2,15,5301,230524 Sample 40 D1_S1-A8_1_8113.d,1,1,P27917|APOC3_PIG,Oxidation (M),M9:Oxidation (M):1000.00,PEAKS DB
VKQATRTAQDALTSVKESEVAQQA,39.15,2558.3301,24,-0.6,853.7834,39.09,0.9985-1.0270,1.6583E2,15,22570,230524 Sample 40 D1_S1-A8_1_8113.d,1,1,P27917|APOC3_PIG,,,PEAKS DB
PPPNVPGPR,39.13,929.5082,9,0.6,465.7617,25.00,0.8039-0.8329,6.7928E2,15,13086,230524 Sample 40 D1_S1-A8_1_8113.d,1,1,P51524|PF11_PIG,,,PEAKS DB
LSAADKANVK,39.11,1015.5662,10,11.7,508.7963,5.30,0.8352-0.8641,0,15,960,230524 Sample 40 D1_S1-A8_1_8113.d,0,0,P01965|HBA_PIG,,,PEAKS DB
PPISAGGYQPRPA,39.05,1309.6779,13,-1.0,655.8455,13.75,0.9310-0.9596,1.0435E2,15,5989,230524 Sample 40 D1_S1-A8_1_8113.d,1,1,tr|F1RX37|F1RX37_PIG,,,PEAKS DB
SAADKANVKAAWGKVGGQAGAHGAEALER,39.05,2819.4426,29,-5.0,705.8644,15.10,0.9493-0.9780,0,15,7051,230524 Sample 40 D1_S1-A8_1_8113.d,0,0,P01965|HBA_PIG,,,PEAKS DB
VGHLDDLPGALSALSDLHAHKL,39.05,2278.2070,22,-1.8,570.5580,42.39,0.8757-0.9045,0,15,26467,230524 Sample 40 D1_S1-A8_1_8113.d,0,0,P01965|HBA_PIG,,,PEAKS DB
ASLDKFLANVSTVLTSKY,39.04,1956.0568,18,3.5,979.0391,42.38,1.2157-1.2437,4.4743E2,15,26428,230524 Sample 40 D1_S1-A8_1_8113.d,1,1,P01965|HBA_PIG,,,PEAKS DB
IPPGFPPRFPP,39.03,1220.6705,11,-8.7,611.3372,29.99,0.8884-0.9172,5.756E3,15,16374,230524 Sample 40 D1_S1-A8_1_8113.d,4,4,P80054|PR39_PIG,,,PEAKS DB
FFESFGDLSNADAVM(+15.99)GNPK,38.83,2060.9148,19,-4.1,1031.4604,28.87,1.1787-1.2067,1.7834E2,15,15717,230524 Sample 40 D1_S1-A8_1_8113.d,1,1,P02067|HBB_PIG,Oxidation (M),M15:Oxidation (M):1000.00,PEAKS DB
VLSAADKAN,38.76,887.4712,9,-1.1,444.7424,5.74,0.7492-0.7783,1.7723E3,15,1202,230524 Sample 40 D1_S1-A8_1_8113.d,1,1,P01965|HBA_PIG,,,PEAKS DB
SAADKANVKAAWGKVGGQAGAHGAEALERM(+15.99)FLGFPT,38.73,3628.8208,36,-11.3,908.2022,42.33,1.1438-1.1719,0,15,26300,230524 Sample 40 D1_S1-A8_1_8113.d,0,0,P01965|HBA_PIG,Oxidation (M),M30:Oxidation (M):1000.00,PEAKS DB
GGGSLAEYQAKAQEQL,38.72,1648.8057,16,9.2,825.4177,19.85,1.0657-1.0940,0,15,10163,230524 Sample 40 D1_S1-A8_1_8113.d,0,0,P18648|APOA1_PIG,,,PEAKS DB
SAADKANVKA,38.58,973.5192,10,1.0,487.7674,4.26,0.7934-0.8225,0,15,346,230524 Sample 40 D1_S1-A8_1_8113.d,0,0,P01965|HBA_PIG,,,PEAKS DB
PPPGPPPPGPPPPGP,38.53,1353.7080,15,-0.6,677.8609,17.77,0.9287-0.9573,7.7291E3,15,8791,230524 Sample 40 D1_S1-A8_1_8113.d,1,1,Q95JC9|PRP_PIG,,,PEAKS DB
APPGARPPPGPPPPPPGP,38.49,1651.8833,18,-5.2,826.9446,14.89,1.0339-1.0623,3.3023E2,15,6882,230524 Sample 40 D1_S1-A8_1_8113.d,1,1,Q95JC9|PRP_PIG,,,PEAKS DB
FFHPDGPEY,38.47,1107.4661,9,-0.8,554.7399,19.07,0.8456-0.8745,0,15,9721,230524 Sample 40 D1_S1-A8_1_8113.d,0,0,tr|F1RX36|F1RX36_PIG,,,PEAKS DB
FFESFGDLSNADAVMGNPK,38.39,2044.9199,19,-4.0,1023.4631,32.53,1.1775-1.2056,0,15,17678,230524 Sample 40 D1_S1-A8_1_8113.d,0,0,P02067|HBB_PIG,,,PEAKS DB
AIDEASKKLN,38.39,1087.5873,10,0.9,544.8014,6.41,0.8768-0.9057,0,15,1712,230524 Sample 40 D1_S1-A8_1_8113.d,0,0,P18648|APOA1_PIG,,,PEAKS DB
AIDYDEDEDGRPK,38.38,1521.6582,13,2.7,508.2281,8.57,0.8074-0.8364,0,15,3075,230524 Sample 40 D1_S1-A8_1_8113.d,0,0,tr|F1RX37|F1RX37_PIG,,,PEAKS DB
TSVKESEVAQ,38.37,1076.5349,10,0.8,539.2751,6.10,0.8433-0.8722,1.4185E3,15,1429,230524 Sample 40 D1_S1-A8_1_8113.d,1,1,P27917|APOC3_PIG,,,PEAKS DB
ESFGDLSNADAV,38.36,1223.5305,12,-0.4,612.7723,24.90,0.9114-0.9401,1.6873E3,15,13118,230524 Sample 40 D1_S1-A8_1_8113.d,1,1,P02067|HBB_PIG,,,PEAKS DB
TSLLDKMQDYVKQAT,38.32,1739.8763,15,-0.8,870.9448,42.13,1.1212-1.1494,0,15,25717,230524 Sample 40 D1_S1-A8_1_8113.d,0,0,P27917|APOC3_PIG,,,PEAKS DB
FEKSSLEDKTEKELFESYIEG,38.30,2507.1953,21,2.4,836.7410,42.23,0.9677-0.9962,1.3161E3,15,25977,230524 Sample 40 D1_S1-A8_1_8113.d,1,1,Q19AZ8|THRB_PIG,,,PEAKS DB
FPPPNFPGPR,38.28,1124.5767,10,-2.0,563.2945,22.03,0.8722-0.9010,6.52E4,15,11647,230524 Sample 40 D1_S1-A8_1_8113.d,2,2,P51524|PF11_PIG,,,PEAKS DB
VGHLDDLPGALS,38.27,1192.6088,12,-3.0,597.3099,23.56,0.8930-0.9218,0,15,12203,230524 Sample 40 D1_S1-A8_1_8113.d,0,0,P01965|HBA_PIG,,,PEAKS DB
PGARPPPGPPPPGPPPPGP,38.24,1734.9204,19,-1.6,868.4661,15.23,1.0634-1.0918,1.9078E3,15,7010,230524 Sample 40 D1_S1-A8_1_8113.d,1,1,Q95JC9|PRP_PIG,,,PEAKS DB
YTPKPEPSSS,38.09,1091.5134,10,-1.6,546.7631,6.17,0.8433-0.8722,5.8484E2,15,1554,230524 Sample 40 D1_S1-A8_1_8113.d,1,1,P27917|APOC3_PIG,,,PEAKS DB
ANVSTVLTSKY,38.09,1181.6292,11,2.8,591.8235,19.57,0.8941-0.9229,2.2781E2,15,9973,230524 Sample 40 D1_S1-A8_1_8113.d,1,1,P01965|HBA_PIG,,,PEAKS DB
FLGFPTTKT,38.08,1010.5436,9,-1.7,506.2783,38.82,0.8236-0.8526,3.2238E3,15,22035,230524 Sample 40 D1_S1-A8_1_8113.d,1,1,P01965|HBA_PIG,,,PEAKS DB
AGVANALAH,38.07,822.4348,9,-1.1,412.2242,11.01,0.7760-0.8051,9.3001E2,15,4507,230524 Sample 40 D1_S1-A8_1_8113.d,1,1,P02067|HBB_PIG,,,PEAKS DB
KNPLPSKETIEQEKQAGES,38.01,2112.0698,19,-1.7,705.0294,10.03,0.8514-0.8803,8.3019E3,15,3795,230524 Sample 40 D1_S1-A8_1_8113.d,1,1,Q95274|TYB4_PIG,,,PEAKS DB
GGQAGAHGAEALERM(+15.99),38.01,1469.6681,15,-8.9,490.8923,7.23,0.7725-0.8016,0,15,2237,230524 Sample 40 D1_S1-A8_1_8113.d,0,0,P01965|HBA_PIG,Oxidation (M),M15:Oxidation (M):1000.00,PEAKS DB
IDYDEDEDGRPK,37.93,1450.6211,12,-0.4,484.5475,7.83,0.7748-0.8039,0,15,2600,230524 Sample 40 D1_S1-A8_1_8113.d,0,0,tr|F1RX37|F1RX37_PIG,,,PEAKS DB
GFFHPDGPEYSSSS,37.87,1512.6157,14,1.4,757.3162,19.53,0.9757-1.0042,5.7468E1,15,9988,230524 Sample 40 D1_S1-A8_1_8113.d,1,1,tr|F1RX36|F1RX36_PIG,,,PEAKS DB
DKANVKAAWGKVGGQA,37.86,1598.8528,16,-3.3,533.9564,12.31,0.7795-0.8085,0,15,5129,230524 Sample 40 D1_S1-A8_1_8113.d,0,0,P01965|HBA_PIG,,,PEAKS DB
LPGKGSLDEFFHR,37.85,1501.7677,13,2.0,501.5975,42.25,0.7725-0.8016,0,15,26062,230524 Sample 40 D1_S1-A8_1_8113.d,0,0,tr|F1RX36|F1RX36_PIG,,,PEAKS DB
ADKANVKAA,37.83,886.4872,9,-5.1,444.2486,2.12,0.7492-0.7783,0,15,129,230524 Sample 40 D1_S1-A8_1_8113.d,0,0,P01965|HBA_PIG,,,PEAKS DB
DLDGDDINSRVEMKPK,37.77,1830.8782,16,-2.8,611.2983,38.01,0.8745-0.9034,1.7374E3,15,21493,230524 Sample 40 D1_S1-A8_1_8113.d,1,1,Q6PQZ1|AQP1_PIG,,,PEAKS DB
EAPLPKPATQSAEITIPVT,37.73,1962.0673,19,-8.1,982.0330,26.59,1.1910-1.2190,2.4698E2,15,14175,230524 Sample 40 D1_S1-A8_1_8113.d,1,1,Q5S1U1|HSPB1_PIG,,,PEAKS DB
TQARETPPEW,37.71,1213.5728,10,-6.9,607.7895,15.53,0.8826-0.9114,1.2309E2,15,7316,230524 Sample 40 D1_S1-A8_1_8113.d,1,1,tr|F1RX36|F1RX36_PIG,,,PEAKS DB
ELPDGQVITIGNE,37.58,1383.6881,13,2.5,692.8531,27.24,0.9551-0.9837,1.7763E2,15,14662,230524 Sample 40 D1_S1-A8_1_8113.d,1,1,Q6QAQ1|ACTB_PIG,,,PEAKS DB
GQAGAHGAEAL,37.57,980.4675,11,-2.1,491.2400,8.20,0.8004-0.8294,0,15,2813,230524 Sample 40 D1_S1-A8_1_8113.d,0,0,P01965|HBA_PIG,,,PEAKS DB
ELDQPPKADEDPGTP,37.49,1607.7314,15,3.0,804.8754,12.65,1.0134-1.0418,2.5263E2,15,5305,230524 Sample 40 D1_S1-A8_1_8113.d,1,1,P51524|PF11_PIG:P80054|PR39_PIG,,,PEAKS DB
TQEKNPLPSKETIEQEKQAGES,37.48,2470.2188,22,1.8,618.5630,10.75,0.8976-0.9264,7.2524E3,15,4257,230524 Sample 40 D1_S1-A8_1_8113.d,2,2,Q95274|TYB4_PIG,,,PEAKS DB
PPPGPPPPGPPPP,37.43,1199.6338,13,0.4,600.8244,16.71,0.9195-0.9482,1.8926E4,15,7995,230524 Sample 40 D1_S1-A8_1_8113.d,1,1,Q95JC9|PRP_PIG,,,PEAKS DB
DDFNPSVHASLDKFLANV,37.42,1987.9639,18,0.7,994.9899,42.21,1.1876-1.2157,0,15,25932,230524 Sample 40 D1_S1-A8_1_8113.d,0,0,P01965|HBA_PIG,,,PEAKS DB
QAFPPPNVPGPR,37.40,1275.6724,12,-2.4,638.8419,24.69,0.9010-0.9298,1.6676E3,15,13050,230524 Sample 40 D1_S1-A8_1_8113.d,1,1,P51524|PF11_PIG,,,PEAKS DB
EDGRPKVHVDA,37.38,1221.6101,11,-1.4,611.8115,6.90,0.9022-0.9310,2.1949E3,15,1974,230524 Sample 40 D1_S1-A8_1_8113.d,2,2,tr|F1RX37|F1RX37_PIG,,,PEAKS DB
DSSTLSRNIIELL,37.38,1459.7882,13,0.7,730.9019,41.53,1.0293-1.0578,5.9305E2,15,24673,230524 Sample 40 D1_S1-A8_1_8113.d,1,1,tr|F1RX36|F1RX36_PIG,,,PEAKS DB
LPPGVDPTQVSSSLSPEGTLS,37.28,2067.0371,21,-5.0,1034.5206,29.91,1.1854-1.2134,4.8943E2,15,16292,230524 Sample 40 D1_S1-A8_1_8113.d,1,1,Q5S1U1|HSPB1_PIG,,,PEAKS DB
NVDEVGGEALGRLLV,37.27,1539.8257,15,-2.6,770.9181,42.01,1.0532-1.0816,8.7547E2,15,25486,230524 Sample 40 D1_S1-A8_1_8113.d,1,1,P02067|HBB_PIG,,,PEAKS DB
SPPRPPPGPPPQ,37.26,1222.6458,12,-16.1,612.3203,9.16,0.8953-0.9241,3.8574E2,15,3401,230524 Sample 40 D1_S1-A8_1_8113.d,1,1,Q95JC9|PRP_PIG,,,PEAKS DB
DEVGGEALGRL,37.23,1114.5618,11,-0.4,558.2880,21.74,0.8537-0.8826,8.8454E2,15,11276,230524 Sample 40 D1_S1-A8_1_8113.d,1,1,P02067|HBB_PIG,,,PEAKS DB
EFDGKTHPG,37.07,986.4457,9,-0.7,494.2298,5.33,0.8155-0.8445,1.0099E3,15,921,230524 Sample 40 D1_S1-A8_1_8113.d,1,1,tr|F1RX36|F1RX36_PIG,,,PEAKS DB
HM(+15.99)LPGKGSLDEFFH,37.03,1629.7609,14,3.1,544.2626,42.24,0.8987-0.9275,2.4216E2,15,26011,230524 Sample 40 D1_S1-A8_1_8113.d,1,1,tr|F1RX36|F1RX36_PIG,Oxidation (M),M2:Oxidation (M):1000.00,PEAKS DB
HHPDDFNPSVHA,37.01,1371.5956,12,19.4,458.2147,39.52,0.7725-0.8016,0,15,22891,230524 Sample 40 D1_S1-A8_1_8113.d,0,0,P01965|HBA_PIG,,,PEAKS DB
QAFPPPNVPGPRFPPPNFPGPR,36.95,2382.2385,22,-3.0,795.0844,32.95,1.0543-1.0827,6.6155E2,15,17898,230524 Sample 40 D1_S1-A8_1_8113.d,1,1,P51524|PF11_PIG,,,PEAKS DB
DETSLSRDPFP,36.95,1262.5779,11,11.8,632.3036,22.82,0.9091-0.9378,0,15,11845,230524 Sample 40 D1_S1-A8_1_8113.d,0,0,tr|F1RX36|F1RX36_PIG,,,PEAKS DB
LQSFSDGLKH,36.95,1130.5720,10,0.3,566.2935,13.02,0.9010-0.9298,1.1845E2,15,5534,230524 Sample 40 D1_S1-A8_1_8113.d,1,1,P02067|HBB_PIG,,,PEAKS DB
GVDPTQVSSSLSPEGTLSVE,36.90,1987.9585,20,3.6,994.9901,28.74,1.1629-1.1910,2.0251E2,15,15633,230524 Sample 40 D1_S1-A8_1_8113.d,1,1,Q5S1U1|HSPB1_PIG,,,PEAKS DB
LSAADKANVKAAWGKVGGQAGAHGAEALE,36.88,2776.4255,29,-9.4,695.1071,42.21,0.9470-0.9757,0,15,25973,230524 Sample 40 D1_S1-A8_1_8113.d,0,0,P01965|HBA_PIG,,,PEAKS DB
DSGDGVTHTVPIYEGY,36.87,1708.7581,16,-5.7,855.3814,24.17,1.0725-1.1008,5.7362E2,15,12668,230524 Sample 40 D1_S1-A8_1_8113.d,1,1,Q6QAQ1|ACTB_PIG,,,PEAKS DB
VGHLDDLPGAL,36.71,1105.5768,11,-0.1,553.7956,26.17,0.8630-0.8918,5.746E2,15,13855,230524 Sample 40 D1_S1-A8_1_8113.d,1,1,P01965|HBA_PIG,,,PEAKS DB
EEAPSLRPVAPPIS,36.69,1461.7827,14,2.7,731.9006,22.46,0.9825-1.0111,2.0205E2,15,11707,230524 Sample 40 D1_S1-A8_1_8113.d,1,1,tr|F1RX37|F1RX37_PIG,,,PEAKS DB
HRPYDKRREEAPSLRPVAPPISAGGYQPRPA,36.62,3467.8286,31,-7.7,694.5677,16.34,0.9413-0.9699,0,15,7870,230524 Sample 40 D1_S1-A8_1_8113.d,0,0,tr|F1RX37|F1RX37_PIG,,,PEAKS DB
RPVAPPISAGGYQP,36.60,1408.7462,14,4.7,705.3837,18.62,0.9608-0.9894,7.2654E1,15,9418,230524 Sample 40 D1_S1-A8_1_8113.d,1,1,tr|F1RX37|F1RX37_PIG,,,PEAKS DB
SAADKANVKAAWGKVGGQAGAHGAEALE,36.56,2663.3416,28,-0.3,666.8425,42.21,0.9298-0.9585,4.1559E3,15,25943,230524 Sample 40 D1_S1-A8_1_8113.d,1,1,P01965|HBA_PIG,,,PEAKS DB
IPPGFPPR,36.55,879.4966,8,-2.0,440.7547,18.12,0.7865-0.8155,3.4616E3,15,9049,230524 Sample 40 D1_S1-A8_1_8113.d,1,1,P80054|PR39_PIG,,,PEAKS DB
NVDEVGGEALGRLL,36.54,1440.7572,14,-0.5,721.3855,41.38,1.0008-1.0293,5.1112E2,15,24598,230524 Sample 40 D1_S1-A8_1_8113.d,1,1,P02067|HBB_PIG,,,PEAKS DB
HHPDDFNPSVH,36.44,1300.5585,11,-4.2,434.5249,8.34,0.7702-0.7993,0,15,2897,230524 Sample 40 D1_S1-A8_1_8113.d,0,0,P01965|HBA_PIG,,,PEAKS DB
APPGARPPPGPPPPGPPPPGP,36.42,1903.0104,21,-1.4,952.5111,16.20,1.1381-1.1663,2.2556E4,15,7868,230524 Sample 40 D1_S1-A8_1_8113.d,1,1,Q95JC9|PRP_PIG,,,PEAKS DB
TVLTSKYR,36.41,966.5498,8,2.2,484.2833,8.07,0.8364-0.8653,0,15,2734,230524 Sample 40 D1_S1-A8_1_8113.d,0,0,P01965|HBA_PIG,,,PEAKS DB
GDTTPSNPDWGTF,36.39,1393.5786,13,-3.7,697.7940,27.73,0.9596-0.9882,2.5372E2,15,14972,230524 Sample 40 D1_S1-A8_1_8113.d,1,1,tr|F1RX36|F1RX36_PIG,,,PEAKS DB
ETPPEWKALLETRQV,36.37,1795.9468,15,-2.1,599.6550,42.11,0.8097-0.8387,5.2235E2,15,25581,230524 Sample 40 D1_S1-A8_1_8113.d,1,1,tr|F1RX36|F1RX36_PIG,,,PEAKS DB
NLESLPLVDT,36.36,1099.5760,10,4.3,550.7977,31.68,0.8722-0.9010,9.0133E2,15,17254,230524 Sample 40 D1_S1-A8_1_8113.d,1,1,P02543|VIME_PIG,,,PEAKS DB
TTFKNLQTVNVDEN,36.34,1621.7948,14,-1.3,811.9036,18.22,1.0600-1.0884,0,15,9028,230524 Sample 40 D1_S1-A8_1_8113.d,0,0,P62901|RL31_PIG,,,PEAKS DB
ASLDKFLAN,36.07,977.5182,9,-15.0,489.7590,21.88,0.8201-0.8491,0,15,11400,230524 Sample 40 D1_S1-A8_1_8113.d,0,0,P01965|HBA_PIG,,,PEAKS DB
TLVTYVPVTTFKNLQTVNVDEN,35.98,2494.2954,22,-2.7,1248.1516,33.77,1.3604-1.3880,5.4093E2,15,18290,230524 Sample 40 D1_S1-A8_1_8113.d,1,1,P62901|RL31_PIG,,,PEAKS DB
RVDPVNFKLL,35.95,1199.7026,10,3.6,600.8608,42.24,0.9424-0.9711,4.7752E2,15,26043,230524 Sample 40 D1_S1-A8_1_8113.d,1,1,P01965|HBA_PIG,,,PEAKS DB
GKVNVDEVGGEA,35.94,1172.5673,12,-3.1,587.2891,11.08,0.8641-0.8930,3.2751E2,15,4578,230524 Sample 40 D1_S1-A8_1_8113.d,1,1,P02067|HBB_PIG,,,PEAKS DB
HSFSGVASVESASGEAFHVGKTPK,35.91,2415.1819,24,7.5,604.8073,19.11,0.8964-0.9252,0,15,9738,230524 Sample 40 D1_S1-A8_1_8113.d,0,0,P29700|FETUA_PIG,,,PEAKS DB
AEVQDKGEF,35.90,1021.4716,9,5.0,511.7456,10.26,0.8201-0.8491,1.4573E2,15,3977,230524 Sample 40 D1_S1-A8_1_8113.d,1,1,tr|F1RX36|F1RX36_PIG,,,PEAKS DB
FPPPNFPGPRFPPPNFPGP,35.89,2075.0417,19,-1.5,1038.5266,37.17,1.2011-1.2291,4.3984E2,15,20584,230524 Sample 40 D1_S1-A8_1_8113.d,1,1,P51524|PF11_PIG,,,PEAKS DB
TKTINREGGAVES,35.86,1360.6946,13,2.9,681.3565,5.28,0.9424-0.9711,0,15,942,230524 Sample 40 D1_S1-A8_1_8113.d,0,0,tr|F1RX36|F1RX36_PIG,,,PEAKS DB
RPPPGPPPPGPPPPG,35.77,1412.7563,15,1.2,707.3863,12.31,0.9677-0.9962,6.3782E2,15,5095,230524 Sample 40 D1_S1-A8_1_8113.d,1,1,Q95JC9|PRP_PIG,,,PEAKS DB
FLGFPTTK,35.76,909.4960,8,-4.1,455.7534,26.12,0.7923-0.8213,1.2923E2,15,13873,230524 Sample 40 D1_S1-A8_1_8113.d,1,1,P01965|HBA_PIG,,,PEAKS DB
FHPDGPEYSSSS,35.61,1308.5259,12,5.0,655.2735,10.52,0.9264-0.9551,0,15,4156,230524 Sample 40 D1_S1-A8_1_8113.d,0,0,tr|F1RX36|F1RX36_PIG,,,PEAKS DB
