Peptide,-10lgP,Mass,Length,ppm,m/z,RT,1/k0 Range,Area Sample 40,Fraction,Precursor Id,Source File,#Feature,#Feature Sample 40,Accession,PTM,AScore,Found By
EEAPSLRPVAPPISAGGYQPRPA,75.91,2359.2283,23,1.6,787.4139,20.89,0.9117-0.9402,2.056E4,55,10472,230609 Sample 39 D1_S1-G2_1_8196.d,1,1,tr|F1RX37|F1RX37_PIG,,,PEAKS DB
EAPSLRPVAPPISAGGYQPRPA,73.21,2230.1858,22,0.0,744.3987,20.39,0.8705-0.8991,3.2765E3,55,10323,230609 Sample 39 D1_S1-G2_1_8196.d,1,1,tr|F1RX37|F1RX37_PIG,,,PEAKS DB
EVQDKGEFLAEGGGV,72.12,1533.7311,15,0.4,767.8693,19.04,1.0312-1.0595,1.1469E6,55,9640,230609 Sample 39 D1_S1-G2_1_8196.d,6,6,tr|F1RX36|F1RX36_PIG,,,PEAKS DB
AEVQDKGEFLAEGGGVR,72.06,1760.8693,17,3.4,587.9627,14.03,0.8751-0.9037,1.376E5,55,6600,230609 Sample 39 D1_S1-G2_1_8196.d,7,7,tr|F1RX36|F1RX36_PIG,,,PEAKS DB
AEVQDKGEFLAEGGGV,72.04,1604.7682,16,3.8,803.3903,18.78,1.0663-1.0947,2.0403E5,55,9490,230609 Sample 39 D1_S1-G2_1_8196.d,5,5,tr|F1RX36|F1RX36_PIG,,,PEAKS DB
DYDEDEDGRPKV,71.64,1436.6055,12,-0.8,719.3058,8.65,0.9721-1.0005,8.5878E3,55,3109,230609 Sample 39 D1_S1-G2_1_8196.d,2,2,tr|F1RX37|F1RX37_PIG,,,PEAKS DB
EEAPSLRPVAPPISAGGYQPRP,71.14,2288.1912,22,1.7,763.7351,21.19,0.9162-0.9447,1.2931E5,55,10673,230609 Sample 39 D1_S1-G2_1_8196.d,14,14,tr|F1RX37|F1RX37_PIG,,,PEAKS DB
M(+15.99)EDEADSEEGLDLKGGHV,70.65,1945.8210,18,-0.6,649.6106,14.40,0.9254-0.9539,3.1865E3,55,6818,230609 Sample 39 D1_S1-G2_1_8196.d,2,2,tr|F1RX36|F1RX36_PIG,Oxidation (M),M1:Oxidation (M):1000.00,PEAKS DB
TAQDALTSVKESEVAQQA,70.59,1874.9221,18,1.1,938.4646,16.57,1.1274-1.1557,6.2372E4,55,8153,230609 Sample 39 D1_S1-G2_1_8196.d,3,3,P27917|APOC3_PIG,,,PEAKS DB
DGPEYSSSSKISS,70.07,1342.5889,13,-5.2,672.2948,8.67,0.9197-0.9482,3.9262E2,55,3145,230609 Sample 39 D1_S1-G2_1_8196.d,1,1,tr|F1RX36|F1RX36_PIG,,,PEAKS DB
DYDEDEDGRPKVHVDA,69.01,1858.7969,16,3.3,930.4041,13.27,1.0697-1.0980,2.7567E5,55,5925,230609 Sample 39 D1_S1-G2_1_8196.d,19,19,tr|F1RX37|F1RX37_PIG,,,PEAKS DB
FTDFWDYTPKPEPS,68.81,1728.7671,14,1.5,865.3878,30.19,1.0901-1.1184,2.7504E3,55,14682,230609 Sample 39 D1_S1-G2_1_8196.d,1,1,P27917|APOC3_PIG,,,PEAKS DB
DDFQNKWQEEM(+15.99)ET,68.65,1714.6781,13,0.6,858.3425,16.14,1.0357-1.0641,1.7912E3,55,7883,230609 Sample 39 D1_S1-G2_1_8196.d,1,1,P18648|APOA1_PIG,Oxidation (M),M11:Oxidation (M):1000.00,PEAKS DB
EVQDKGEFLAEGGGVR,68.47,1689.8322,16,4.4,564.2843,13.57,0.8545-0.8831,3.4839E5,55,6293,230609 Sample 39 D1_S1-G2_1_8196.d,24,24,tr|F1RX36|F1RX36_PIG,,,PEAKS DB
EEAPSLRPVAPPISAGGYQPRPAKVAIGQ,67.62,2955.5930,29,-0.5,739.9014,21.25,0.9971-1.0255,5.3095E3,55,10723,230609 Sample 39 D1_S1-G2_1_8196.d,1,1,tr|F1RX37|F1RX37_PIG,,,PEAKS DB
FTDFWDYTPKPEPSSS,67.52,1902.8312,16,0.5,952.4185,29.79,1.1455-1.1737,1.4858E4,55,14471,230609 Sample 39 D1_S1-G2_1_8196.d,1,1,P27917|APOC3_PIG,,,PEAKS DB
EAPSLRPVAPPISAGGYQPRP,66.83,2159.1487,21,0.0,720.7198,20.84,0.8717-0.9002,1.8169E4,55,10426,230609 Sample 39 D1_S1-G2_1_8196.d,1,1,tr|F1RX37|F1RX37_PIG,,,PEAKS DB
VQDKGEFLAEGGGV,66.57,1404.6885,14,3.0,703.3500,18.10,0.9516-0.9800,1.8122E5,55,8800,230609 Sample 39 D1_S1-G2_1_8196.d,1,1,tr|F1RX36|F1RX36_PIG,,,PEAKS DB
TDFWDYTPKPEPSSS,66.23,1755.7627,15,-0.8,878.8835,25.58,1.0391-1.0675,7.4271E3,55,12771,230609 Sample 39 D1_S1-G2_1_8196.d,3,3,P27917|APOC3_PIG,,,PEAKS DB
QDALTSVKESEVAQQA,66.20,1702.8373,16,-0.6,852.4211,15.40,1.0980-1.1263,2.4348E3,55,7498,230609 Sample 39 D1_S1-G2_1_8196.d,1,1,P27917|APOC3_PIG,,,PEAKS DB
DSEEGLDLKGGHV,66.06,1354.6365,13,-0.4,678.3218,13.86,0.9789-1.0073,2.0342E3,55,6434,230609 Sample 39 D1_S1-G2_1_8196.d,1,1,tr|F1RX36|F1RX36_PIG,,,PEAKS DB
DETSLSRDPFPDFFSPV,65.95,1954.8948,17,3.7,978.4534,41.76,1.1229-1.1512,1.824E4,55,22726,230609 Sample 39 D1_S1-G2_1_8196.d,2,2,tr|F1RX36|F1RX36_PIG,,,PEAKS DB
AQDALTSVKESEVAQQA,65.75,1773.8744,17,0.6,887.9405,15.42,1.1003-1.1286,3.1129E3,55,7509,230609 Sample 39 D1_S1-G2_1_8196.d,1,1,P27917|APOC3_PIG,,,PEAKS DB
AIDYDEDEDGRPKVHVDA,65.43,2042.9181,18,-4.7,681.9733,13.29,0.9311-0.9596,9.0214E5,55,5889,230609 Sample 39 D1_S1-G2_1_8196.d,18,18,tr|F1RX37|F1RX37_PIG,,,PEAKS DB
ESFGDLSNADAVMGNPK,64.87,1750.7832,17,-1.1,876.3934,22.86,1.1161-1.1444,1.7584E3,55,11332,230609 Sample 39 D1_S1-G2_1_8196.d,2,2,P02067|HBB_PIG,,,PEAKS DB
DKGEFLAEGGGV,64.73,1177.5615,12,-1.3,589.7843,19.29,0.8888-0.9174,1.269E6,55,9872,230609 Sample 39 D1_S1-G2_1_8196.d,4,4,tr|F1RX36|F1RX36_PIG,,,PEAKS DB
NNPTDLLAIDSKTGIIT,64.72,1784.9519,17,0.5,893.4792,30.41,1.1286-1.1568,2.6669E3,55,14831,230609 Sample 39 D1_S1-G2_1_8196.d,1,1,Q3BDI7|DSG1_PIG,,,PEAKS DB
FTKDNPVKGSPGAPSFAAGPPISEG,64.34,2427.2070,25,0.8,810.0728,19.24,0.9379-0.9664,4.1909E3,55,9743,230609 Sample 39 D1_S1-G2_1_8196.d,1,1,O19084|CDSN_PIG,,,PEAKS DB
DNEEQEYIKTV,64.33,1366.6252,11,3.5,684.3188,16.85,0.9482-0.9766,2.9373E3,55,8325,230609 Sample 39 D1_S1-G2_1_8196.d,1,1,P19619|ANXA1_PIG,,,PEAKS DB
DNEEQEYIKTVK,64.27,1494.7202,12,2.6,748.3655,11.97,1.0255-1.0539,2.2132E2,55,5067,230609 Sample 39 D1_S1-G2_1_8196.d,1,1,P19619|ANXA1_PIG,,,PEAKS DB
TAQDALTSVKESEV,64.18,1476.7307,14,-2.0,739.3674,16.22,1.0039-1.0323,1.6485E3,55,7925,230609 Sample 39 D1_S1-G2_1_8196.d,1,1,P27917|APOC3_PIG,,,PEAKS DB
DNEEQEYIKT,64.03,1267.5568,10,2.4,634.7839,12.39,0.9048-0.9333,2.5318E3,55,5251,230609 Sample 39 D1_S1-G2_1_8196.d,1,1,P19619|ANXA1_PIG,,,PEAKS DB
RPVAPPISAGGYQPRPA,63.90,1732.9373,17,1.8,578.6511,14.03,0.8156-0.8442,0,55,6680,230609 Sample 39 D1_S1-G2_1_8196.d,0,0,tr|F1RX37|F1RX37_PIG,,,PEAKS DB
M(+15.99)EDEADSEEGLDLKGGHVIK,63.78,2187.0000,20,-0.1,547.7545,13.47,0.8236-0.8522,0,55,6211,230609 Sample 39 D1_S1-G2_1_8196.d,0,0,tr|F1RX36|F1RX36_PIG,Oxidation (M),M1:Oxidation (M):1000.00,PEAKS DB
SFGDLSNADAVM(+15.99)GNPK,63.75,1637.7355,16,2.2,819.8727,16.38,1.0641-1.0924,1.5095E2,55,8081,230609 Sample 39 D1_S1-G2_1_8196.d,1,1,P02067|HBB_PIG,Oxidation (M),M12:Oxidation (M):1000.00,PEAKS DB
EDTSLLDKM(+15.99)QDYVKQAT,63.60,1999.9408,17,0.6,667.6512,17.21,0.8316-0.8602,2.8158E4,55,8373,230609 Sample 39 D1_S1-G2_1_8196.d,2,2,P27917|APOC3_PIG,Oxidation (M),M9:Oxidation (M):1000.00,PEAKS DB
RPVAPPISAGGYQPRP,63.03,1661.9001,16,2.8,554.9727,14.42,0.8121-0.8408,0,55,6935,230609 Sample 39 D1_S1-G2_1_8196.d,0,0,tr|F1RX37|F1RX37_PIG,,,PEAKS DB
SLRPVAPPISAGGYQPRP,62.90,1862.0162,18,16.0,621.6862,18.09,0.7949-0.8236,0,55,9083,230609 Sample 39 D1_S1-G2_1_8196.d,0,0,tr|F1RX37|F1RX37_PIG,,,PEAKS DB
IDNEEQEYIKTV,62.74,1479.7092,12,2.9,740.8603,17.34,0.9982-1.0266,1.6323E2,55,8607,230609 Sample 39 D1_S1-G2_1_8196.d,1,1,P19619|ANXA1_PIG,,,PEAKS DB
ESFGDLSNADAVM(+15.99)GNPKV,62.65,1865.8466,18,-1.7,933.9242,20.80,1.1308-1.1591,2.6613E3,55,10450,230609 Sample 39 D1_S1-G2_1_8196.d,1,1,P02067|HBB_PIG,Oxidation (M),M13:Oxidation (M):1000.00,PEAKS DB
SLRPVAPPISAGGYQPRPA,62.59,1933.0533,19,5.0,645.3583,17.71,0.8006-0.8293,1.3079E2,55,8833,230609 Sample 39 D1_S1-G2_1_8196.d,1,1,tr|F1RX37|F1RX37_PIG,,,PEAKS DB
EDTSLLDKM(+15.99)QDY,62.58,1472.6340,12,1.9,737.3220,16.06,0.9835-1.0119,2.5151E3,55,7841,230609 Sample 39 D1_S1-G2_1_8196.d,1,1,P27917|APOC3_PIG,Oxidation (M),M9:Oxidation (M):1000.00,PEAKS DB
FFESFGDLSNADAVM(+15.99)GNPK,62.24,2060.9148,19,0.9,1031.4603,27.58,1.1951-1.2233,5.099E2,55,13586,230609 Sample 39 D1_S1-G2_1_8196.d,1,1,P02067|HBB_PIG,Oxidation (M),M15:Oxidation (M):1000.00,PEAKS DB
YDEDEDGRPKVHVDA,62.14,1743.7699,15,3.6,872.8909,13.27,1.0391-1.0675,5.8279E5,55,5904,230609 Sample 39 D1_S1-G2_1_8196.d,9,9,tr|F1RX37|F1RX37_PIG,,,PEAKS DB
EEIPPADLSDQVPDTESET,62.04,2070.9116,19,3.0,1036.4609,23.09,1.1737-1.2019,4.638E2,55,11417,230609 Sample 39 D1_S1-G2_1_8196.d,2,2,P01025|CO3_PIG,,,PEAKS DB
FADDTYTESYISTIGVDFK,61.96,2170.9946,19,6.0,1086.5056,33.21,1.2266-1.2547,8.301E2,55,16326,230609 Sample 39 D1_S1-G2_1_8196.d,1,1,Q52NJ2|RAB1A_PIG:Q06AU7|RAB1B_PIG,,,PEAKS DB
EEAPSLRPVAPPISAGGYQP,61.95,2035.0374,20,2.4,1018.5232,24.57,1.1737-1.2019,1.8465E3,55,12224,230609 Sample 39 D1_S1-G2_1_8196.d,1,1,tr|F1RX37|F1RX37_PIG,,,PEAKS DB
TAQDALTSVKESEVAQQ,61.93,1803.8850,17,-2.7,902.9428,15.08,1.0935-1.1218,8.7617E2,55,7317,230609 Sample 39 D1_S1-G2_1_8196.d,2,2,P27917|APOC3_PIG,,,PEAKS DB
NPTDLLAIDSKTGIIT,61.87,1670.9091,16,-0.5,836.4572,30.36,1.1037-1.1320,2.4862E3,55,14792,230609 Sample 39 D1_S1-G2_1_8196.d,1,1,Q3BDI7|DSG1_PIG,,,PEAKS DB
DDLPGALSALSDLHAH,61.86,1630.7950,16,0.0,816.4007,30.48,1.1500-1.1782,2.9909E3,55,14910,230609 Sample 39 D1_S1-G2_1_8196.d,3,3,P01965|HBA_PIG,,,PEAKS DB
APPISAGGYQPRPA,61.79,1380.7150,14,0.3,691.3615,13.46,0.9664-0.9948,4.5653E3,55,6122,230609 Sample 39 D1_S1-G2_1_8196.d,2,2,tr|F1RX37|F1RX37_PIG,,,PEAKS DB
EDTSLLDKMQDYVKQAT,61.73,1983.9459,17,1.7,662.3204,31.88,0.8465-0.8751,3.3328E4,55,15549,230609 Sample 39 D1_S1-G2_1_8196.d,3,3,P27917|APOC3_PIG,,,PEAKS DB
DDLPGALSALSDLHA,61.64,1493.7361,15,-6.4,747.8668,36.51,1.0210-1.0493,1.3264E3,55,18278,230609 Sample 39 D1_S1-G2_1_8196.d,2,2,P01965|HBA_PIG,,,PEAKS DB
ESFGDLSNADAVM(+15.99)GNPK,61.58,1766.7781,17,1.6,884.3932,17.33,1.0935-1.1218,5.2325E3,55,8569,230609 Sample 39 D1_S1-G2_1_8196.d,1,1,P02067|HBB_PIG,Oxidation (M),M13:Oxidation (M):1000.00,PEAKS DB
DEDEDGRPKVHVDA,61.52,1580.7067,14,2.7,791.3588,13.29,1.0107-1.0391,1.6531E5,55,5899,230609 Sample 39 D1_S1-G2_1_8196.d,21,21,tr|F1RX37|F1RX37_PIG,,,PEAKS DB
REEAPSLRPVAPPISAGGYQPRPA,61.33,2515.3293,24,2.0,629.8377,18.16,0.9379-0.9664,4.1209E2,55,9096,230609 Sample 39 D1_S1-G2_1_8196.d,1,1,tr|F1RX37|F1RX37_PIG,,,PEAKS DB
VLSAADKANVKAA,61.26,1256.7087,13,-0.5,629.3582,7.42,0.9162-0.9447,9.2106E3,55,2350,230609 Sample 39 D1_S1-G2_1_8196.d,2,2,P01965|HBA_PIG,,,PEAKS DB
RTAQDALTSVKESEVAQQA,61.25,2031.0232,19,1.6,678.0126,14.68,0.8465-0.8751,1.0714E4,55,7033,230609 Sample 39 D1_S1-G2_1_8196.d,1,1,P27917|APOC3_PIG,,,PEAKS DB
EDTSLLDKM(+15.99)QDYV,61.24,1571.7025,13,2.4,786.8564,20.15,1.0210-1.0493,1.7624E3,55,10192,230609 Sample 39 D1_S1-G2_1_8196.d,1,1,P27917|APOC3_PIG,Oxidation (M),M9:Oxidation (M):1000.00,PEAKS DB
EEAPSLRPVAPPISAG,60.95,1589.8413,16,3.2,795.9265,21.34,1.0482-1.0765,2.2262E2,55,10781,230609 Sample 39 D1_S1-G2_1_8196.d,1,1,tr|F1RX37|F1RX37_PIG,,,PEAKS DB
DDFQNKWQEEMET,60.79,1698.6831,13,5.1,850.3488,22.82,1.0448-1.0731,2.1799E2,55,11333,230609 Sample 39 D1_S1-G2_1_8196.d,1,1,P18648|APOA1_PIG,,,PEAKS DB
DLAGFFHPDGPEYSSSS,60.77,1811.7638,17,1.6,906.8860,29.93,1.1048-1.1331,2.1197E3,55,14623,230609 Sample 39 D1_S1-G2_1_8196.d,1,1,tr|F1RX36|F1RX36_PIG,,,PEAKS DB
YDEDEDGRPK,60.69,1222.5101,10,-2.1,612.2579,4.03,0.8957-0.9242,3.0564E2,55,297,230609 Sample 39 D1_S1-G2_1_8196.d,1,1,tr|F1RX37|F1RX37_PIG,,,PEAKS DB
APSLRPVAPPISAGGYQPRP,60.68,2030.1061,20,-9.5,677.6995,19.93,0.8648-0.8934,2.5433E2,55,10088,230609 Sample 39 D1_S1-G2_1_8196.d,1,1,tr|F1RX37|F1RX37_PIG,,,PEAKS DB
EEAPSLRPVAPPISA,60.65,1532.8198,15,7.0,767.4186,22.46,1.0062-1.0346,4.3579E3,55,11226,230609 Sample 39 D1_S1-G2_1_8196.d,3,3,tr|F1RX37|F1RX37_PIG,,,PEAKS DB
DTTPSNPDWGTFKEV,60.38,1692.7631,15,0.2,847.3846,24.43,1.0425-1.0709,1.3026E3,55,12124,230609 Sample 39 D1_S1-G2_1_8196.d,1,1,tr|F1RX36|F1RX36_PIG,,,PEAKS DB
VGGQAGAHGAEAL,60.32,1136.5574,13,-4.0,569.2808,8.80,0.8820-0.9105,1.7232E4,55,3249,230609 Sample 39 D1_S1-G2_1_8196.d,1,1,P01965|HBA_PIG,,,PEAKS DB
VGGQAGAHGAEALE,60.32,1265.6000,14,2.4,633.8056,8.75,0.9105-0.9390,2.6234E4,55,3096,230609 Sample 39 D1_S1-G2_1_8196.d,1,1,P01965|HBA_PIG,,,PEAKS DB
VHLSAEEKEAV,60.30,1210.6194,11,3.3,606.3159,9.21,0.9071-0.9356,1.8734E3,55,3412,230609 Sample 39 D1_S1-G2_1_8196.d,2,2,P02067|HBB_PIG,,,PEAKS DB
YDEDEDGRPKV,60.25,1321.5786,11,-0.4,661.7930,7.07,0.9379-0.9664,2.0599E3,55,2170,230609 Sample 39 D1_S1-G2_1_8196.d,2,2,tr|F1RX37|F1RX37_PIG,,,PEAKS DB
EDTSLLDKM(+15.99)QD,60.14,1309.5708,11,-2.6,655.7877,11.73,0.9436-0.9721,1.231E3,55,4925,230609 Sample 39 D1_S1-G2_1_8196.d,1,1,P27917|APOC3_PIG,Oxidation (M),M9:Oxidation (M):1000.00,PEAKS DB
DALTSVKESEVAQQA,60.01,1574.7787,15,1.8,788.3940,16.12,1.0573-1.0856,1.1218E4,55,7879,230609 Sample 39 D1_S1-G2_1_8196.d,1,1,P27917|APOC3_PIG,,,PEAKS DB
LDDFQNKWQEEM(+15.99)ETY,59.99,1990.8254,15,0.8,996.4158,21.85,1.1286-1.1568,9.6383E1,55,11012,230609 Sample 39 D1_S1-G2_1_8196.d,1,1,P18648|APOA1_PIG,Oxidation (M),M12:Oxidation (M):1000.00,PEAKS DB
DEADSEEGLDLKGGHV,59.53,1669.7430,16,2.5,835.8766,14.89,1.0629-1.0913,1.0292E3,55,7207,230609 Sample 39 D1_S1-G2_1_8196.d,2,2,tr|F1RX36|F1RX36_PIG,,,PEAKS DB
GGSISHGPGSVPGTGSPGGLKPGSYGP,59.37,2363.1504,27,1.8,788.7215,15.49,0.9014-0.9299,3.5395E2,55,7586,230609 Sample 39 D1_S1-G2_1_8196.d,1,1,tr|F1RX36|F1RX36_PIG,,,PEAKS DB
ESFGDLSNADAVMGNPKV,58.96,1849.8516,18,-0.4,925.9280,26.01,1.1591-1.1872,4.9827E2,55,12923,230609 Sample 39 D1_S1-G2_1_8196.d,1,1,P02067|HBB_PIG,,,PEAKS DB
VQDKGEFLAEGGGVR,58.90,1560.7896,15,5.1,781.4020,12.60,1.0073-1.0357,1.4253E4,55,5416,230609 Sample 39 D1_S1-G2_1_8196.d,7,7,tr|F1RX36|F1RX36_PIG,,,PEAKS DB
TITKTINREGGAVES,58.87,1574.8264,15,2.8,788.4187,7.86,1.0380-1.0663,5.8176E2,55,2634,230609 Sample 39 D1_S1-G2_1_8196.d,1,1,tr|F1RX36|F1RX36_PIG,,,PEAKS DB
DYDEDEDGRPK,58.77,1337.5371,11,0.4,669.7727,4.85,0.9231-0.9516,1.0982E4,55,749,230609 Sample 39 D1_S1-G2_1_8196.d,2,2,tr|F1RX37|F1RX37_PIG,,,PEAKS DB
VGTGASEAEKTGAQEL,58.77,1546.7474,16,1.0,774.3779,11.51,1.0107-1.0391,4.5014E2,55,4824,230609 Sample 39 D1_S1-G2_1_8196.d,1,1,P20305|GELS_PIG,,,PEAKS DB
EGGGSLAEYQAKAQEQL,58.44,1777.8481,17,3.0,889.9295,19.37,1.1003-1.1286,3.4222E2,55,9781,230609 Sample 39 D1_S1-G2_1_8196.d,1,1,P18648|APOA1_PIG,,,PEAKS DB
EDTSLLDKMQDY,58.28,1456.6392,12,2.9,729.3253,25.06,0.9891-1.0176,1.3538E3,55,12458,230609 Sample 39 D1_S1-G2_1_8196.d,1,1,P27917|APOC3_PIG,,,PEAKS DB
SISSSTSAPSDNQ,58.08,1279.5527,13,0.2,640.7805,6.80,0.9094-0.9379,1.3643E3,55,2031,230609 Sample 39 D1_S1-G2_1_8196.d,1,1,P18650|APOE_PIG,,,PEAKS DB
DFWDYTPKPEPSSS,58.05,1654.7151,14,0.6,828.3611,26.35,1.0403-1.0686,1.0507E4,55,13012,230609 Sample 39 D1_S1-G2_1_8196.d,1,1,P27917|APOC3_PIG,,,PEAKS DB
DGPEYSSSSKISSHS,57.90,1566.6798,15,5.7,784.3477,6.73,1.0062-1.0346,1.0645E3,55,2000,230609 Sample 39 D1_S1-G2_1_8196.d,2,2,tr|F1RX36|F1RX36_PIG,,,PEAKS DB
LGGSAVISLEGKPL,57.85,1339.7711,14,-1.6,670.8884,25.87,0.9607-0.9891,1.9157E3,55,12838,230609 Sample 39 D1_S1-G2_1_8196.d,1,1,P10668|COF1_PIG,,,PEAKS DB
EDEDGRPKVHVDA,57.85,1465.6797,13,3.6,733.8460,9.91,0.9766-1.0051,1.6167E5,55,3916,230609 Sample 39 D1_S1-G2_1_8196.d,6,6,tr|F1RX37|F1RX37_PIG,,,PEAKS DB
REEAPSLRPVAPPISAGGYQPRP,57.77,2444.2922,23,6.2,612.0810,26.85,0.9299-0.9584,2.5564E3,55,13311,230609 Sample 39 D1_S1-G2_1_8196.d,1,1,tr|F1RX37|F1RX37_PIG,,,PEAKS DB
DSGDGVTHTVPIYEG,57.60,1545.6947,15,0.3,773.8510,18.83,0.9960-1.0244,1.1828E3,55,9497,230609 Sample 39 D1_S1-G2_1_8196.d,1,1,Q6QAQ1|ACTB_PIG,,,PEAKS DB
EADSEEGLDLKGGHV,57.50,1554.7161,15,1.0,519.2438,13.53,0.8247-0.8534,2.4575E2,55,6215,230609 Sample 39 D1_S1-G2_1_8196.d,1,1,tr|F1RX36|F1RX36_PIG,,,PEAKS DB
DKGEFLAEGGGVR,57.46,1333.6626,13,3.2,667.8373,12.97,0.9436-0.9721,2.5144E5,55,5597,230609 Sample 39 D1_S1-G2_1_8196.d,24,24,tr|F1RX36|F1RX36_PIG,,,PEAKS DB
EDEADSEEGLDLKGGHV,57.24,1798.7856,17,-0.5,600.5991,14.54,0.8900-0.9185,2.7062E3,55,6950,230609 Sample 39 D1_S1-G2_1_8196.d,2,2,tr|F1RX36|F1RX36_PIG,,,PEAKS DB
MEDEADSEEGLDLKGGHV,57.23,1929.8262,18,1.8,644.2806,15.44,0.9174-0.9459,0,55,7574,230609 Sample 39 D1_S1-G2_1_8196.d,0,0,tr|F1RX36|F1RX36_PIG,,,PEAKS DB
DEDEDGRPKV,57.17,1158.5153,10,2.3,580.2633,5.63,0.8579-0.8865,5.7525E4,55,1167,230609 Sample 39 D1_S1-G2_1_8196.d,2,2,tr|F1RX37|F1RX37_PIG,,,PEAKS DB
VVYPWTQRFFESFGDLSNADAV,57.02,2547.2070,22,5.8,1274.6117,42.27,1.3735-1.4014,0,55,23827,230609 Sample 39 D1_S1-G2_1_8196.d,0,0,P02067|HBB_PIG,,,PEAKS DB
ISWYDNEFGYSNRVVDL,56.98,2075.9587,17,3.8,1038.9854,33.58,1.2086-1.2368,2.1531E3,55,16550,230609 Sample 39 D1_S1-G2_1_8196.d,2,2,P00355|G3P_PIG,,,PEAKS DB
FIDNEEQEYIKT,56.94,1527.7092,12,0.8,764.8586,17.80,1.0096-1.0380,1.7663E2,55,8890,230609 Sample 39 D1_S1-G2_1_8196.d,1,1,P19619|ANXA1_PIG,,,PEAKS DB
ESFGDLSNADAVM(+15.99)GN,56.88,1541.6304,15,-4.4,771.8151,20.97,1.0130-1.0414,2.5667E2,55,10603,230609 Sample 39 D1_S1-G2_1_8196.d,1,1,P02067|HBB_PIG,Oxidation (M),M13:Oxidation (M):1000.00,PEAKS DB
KGEFLAEGGGV,56.85,1062.5345,11,0.6,532.2722,17.09,0.8316-0.8602,6.152E4,55,8191,230609 Sample 39 D1_S1-G2_1_8196.d,2,2,tr|F1RX36|F1RX36_PIG,,,PEAKS DB
EEAPSLRPVAPPISAGGYQPR,56.84,2191.1384,21,8.6,731.3893,20.22,0.9288-0.9573,0,55,10259,230609 Sample 39 D1_S1-G2_1_8196.d,0,0,tr|F1RX37|F1RX37_PIG,,,PEAKS DB
TRTAQDALTSVKESEVAQQA,56.66,2132.0708,20,0.7,711.6945,15.10,0.8854-0.9139,9.0492E3,55,7301,230609 Sample 39 D1_S1-G2_1_8196.d,1,1,P27917|APOC3_PIG,,,PEAKS DB
TKDNPVKGSPGAPSFAAGPPISEG,56.48,2280.1384,24,3.2,761.0520,17.64,0.8820-0.9105,3.3449E3,55,8687,230609 Sample 39 D1_S1-G2_1_8196.d,1,1,O19084|CDSN_PIG,,,PEAKS DB
LAWIQEHTTS,56.45,1184.5825,10,0.8,593.2960,18.67,0.8614-0.8900,7.9155E4,55,9092,230609 Sample 39 D1_S1-G2_1_8196.d,2,2,O97507|FA12_PIG,,,PEAKS DB
EGLQGHAVQETDVPR,56.45,1634.8013,15,2.7,545.9398,10.45,0.7960-0.8247,8.9727E2,55,4288,230609 Sample 39 D1_S1-G2_1_8196.d,1,1,P50447|A1AT_PIG,,,PEAKS DB
EFIATDLDTGLPSTTVR,56.37,1834.9313,17,-0.9,918.4675,27.77,1.1365-1.1647,0,55,13688,230609 Sample 39 D1_S1-G2_1_8196.d,0,0,Q3BDI7|DSG1_PIG,,,PEAKS DB
SISHGPGSVPGTGSPGGLKPG,56.20,1844.9380,21,-8.0,615.9786,11.87,0.8178-0.8465,0,55,5044,230609 Sample 39 D1_S1-G2_1_8196.d,0,0,tr|F1RX36|F1RX36_PIG,,,PEAKS DB
WDYTPKPEPSSS,56.19,1392.6198,12,3.2,697.3159,14.12,0.9493-0.9778,1.8694E3,55,6654,230609 Sample 39 D1_S1-G2_1_8196.d,1,1,P27917|APOC3_PIG,,,PEAKS DB
HLDDLPGALSALSDLHAH,56.05,1880.9380,18,8.3,627.9886,30.54,0.9607-0.9891,0,55,14941,230609 Sample 39 D1_S1-G2_1_8196.d,0,0,P01965|HBA_PIG,,,PEAKS DB
LANVSTVLTSKY,55.99,1294.7133,12,-1.8,648.3594,22.56,0.9390-0.9675,2.8863E2,55,11247,230609 Sample 39 D1_S1-G2_1_8196.d,1,1,P01965|HBA_PIG,,,PEAKS DB
SPLPDITPADFK,55.81,1299.6710,12,-0.2,650.8394,26.96,0.9664-0.9948,1.1264E3,55,13300,230609 Sample 39 D1_S1-G2_1_8196.d,1,1,tr|F1RX36|F1RX36_PIG,,,PEAKS DB
GGSISHGPGSVPGTGSPGGLKPG,55.75,1958.9810,23,0.8,653.9981,12.03,0.8270-0.8557,3.5542E2,55,5110,230609 Sample 39 D1_S1-G2_1_8196.d,1,1,tr|F1RX36|F1RX36_PIG,,,PEAKS DB
EDTSLLDKMQDYV,55.65,1555.7075,13,-1.6,778.8558,31.38,1.0266-1.0550,1.2583E3,55,15312,230609 Sample 39 D1_S1-G2_1_8196.d,1,1,P27917|APOC3_PIG,,,PEAKS DB
GGSISHGPGSVPGTGSPGGLKPGS,55.57,2046.0129,24,-11.2,683.0005,11.79,0.8442-0.8728,0,55,5002,230609 Sample 39 D1_S1-G2_1_8196.d,0,0,tr|F1RX36|F1RX36_PIG,,,PEAKS DB
FFESFGDLSNADAVM(+15.99)GNPKV,55.53,2159.9834,20,-2.8,1080.9905,29.64,1.2300-1.2581,0,55,14528,230609 Sample 39 D1_S1-G2_1_8196.d,0,0,P02067|HBB_PIG,Oxidation (M),M15:Oxidation (M):1000.00,PEAKS DB
QDKGEFLAEGGGV,55.52,1305.6200,13,2.6,653.8157,17.73,0.9482-0.9766,7.5674E4,55,9410,230609 Sample 39 D1_S1-G2_1_8196.d,1,1,tr|F1RX36|F1RX36_PIG,,,PEAKS DB
TAQDALTSVKESEVAQ,55.45,1675.8264,16,-2.7,838.9139,15.12,1.0777-1.1060,2.9718E2,55,7364,230609 Sample 39 D1_S1-G2_1_8196.d,1,1,P27917|APOC3_PIG,,,PEAKS DB
GHLDDLPGALSALSDLHAHKLRVDPV,55.41,2745.4561,26,-0.9,687.3672,41.91,0.9732-1.0017,1.2287E3,55,23083,230609 Sample 39 D1_S1-G2_1_8196.d,1,1,P01965|HBA_PIG,,,PEAKS DB
DDLPGALSALSDLH,55.35,1422.6990,14,4.6,712.3564,34.67,1.0062-1.0346,1.9927E2,55,17097,230609 Sample 39 D1_S1-G2_1_8196.d,1,1,P01965|HBA_PIG,,,PEAKS DB
DEVNQDFTNRIN,55.24,1463.6641,12,-3.2,732.8333,15.34,0.9630-0.9914,4.3937E2,55,7488,230609 Sample 39 D1_S1-G2_1_8196.d,1,1,tr|F1RX36|F1RX36_PIG,,,PEAKS DB
DLEKDIISDTSGDF,55.23,1553.7096,14,-0.1,777.8581,30.52,1.0221-1.0505,2.4656E2,55,14898,230609 Sample 39 D1_S1-G2_1_8196.d,1,1,P19620|ANXA2_PIG,,,PEAKS DB
EVSGSVSPGTKSEVHTS,55.21,1686.8060,17,1.5,563.2739,6.26,0.7903-0.8190,1.1914E4,55,1669,230609 Sample 39 D1_S1-G2_1_8196.d,2,2,tr|F1RX36|F1RX36_PIG,,,PEAKS DB
DTSLLDKMQDYVKQAT,55.20,1854.9033,16,-4.2,619.3027,32.79,0.8075-0.8362,2.9322E3,55,16075,230609 Sample 39 D1_S1-G2_1_8196.d,2,2,P27917|APOC3_PIG,,,PEAKS DB
GPKPTLPEGTEDTVKEDAAN,55.17,2067.9961,20,4.1,690.3386,12.29,0.8682-0.8968,1.9729E2,55,5229,230609 Sample 39 D1_S1-G2_1_8196.d,1,1,P20305|GELS_PIG,,,PEAKS DB
DLSNADAVMGNPKV,55.14,1429.6871,14,2.2,715.8488,19.79,0.9698-0.9982,8.2838E2,55,9984,230609 Sample 39 D1_S1-G2_1_8196.d,1,1,P02067|HBB_PIG,,,PEAKS DB
EEAPSLRPVAPPIS,55.12,1461.7827,14,3.6,731.8976,21.05,0.9835-1.0119,2.3208E3,55,10582,230609 Sample 39 D1_S1-G2_1_8196.d,1,1,tr|F1RX37|F1RX37_PIG,,,PEAKS DB
DYDEDEDGRPKVH,54.97,1573.6644,13,-7.0,787.8300,5.72,1.0039-1.0323,1.0256E4,55,1348,230609 Sample 39 D1_S1-G2_1_8196.d,3,3,tr|F1RX37|F1RX37_PIG,,,PEAKS DB
GSDLAGFFHPDGPEYSSSS,54.81,1955.8173,19,1.5,978.9124,27.59,1.1557-1.1839,2.0121E3,55,13531,230609 Sample 39 D1_S1-G2_1_8196.d,1,1,tr|F1RX36|F1RX36_PIG,,,PEAKS DB
DETSLSRDPFPDF,54.73,1524.6732,13,1.2,763.3409,31.25,0.9982-1.0266,1.8267E3,55,15204,230609 Sample 39 D1_S1-G2_1_8196.d,1,1,tr|F1RX36|F1RX36_PIG,,,PEAKS DB
SGVASVESASGEAFHVG,54.67,1589.7322,17,4.0,795.8725,20.61,1.0425-1.0709,3.2399E2,55,10403,230609 Sample 39 D1_S1-G2_1_8196.d,1,1,P29700|FETUA_PIG,,,PEAKS DB
DTSLLDKM(+15.99)QDY,54.66,1343.5914,11,2.1,672.8010,16.74,0.9299-0.9584,7.5399E2,55,8270,230609 Sample 39 D1_S1-G2_1_8196.d,1,1,P27917|APOC3_PIG,Oxidation (M),M8:Oxidation (M):1000.00,PEAKS DB
DEADSEEGLDLKGGHVIK,54.66,1910.9221,18,-3.1,637.9761,13.91,0.8922-0.9208,1.668E2,55,6561,230609 Sample 39 D1_S1-G2_1_8196.d,1,1,tr|F1RX36|F1RX36_PIG,,,PEAKS DB
DEDGRPKVHVDA,54.55,1336.6371,12,4.7,669.3256,9.91,0.9493-0.9778,1.9991E5,55,3923,230609 Sample 39 D1_S1-G2_1_8196.d,12,12,tr|F1RX37|F1RX37_PIG,,,PEAKS DB
FWDYTPKPEPSSS,54.47,1539.6881,13,1.5,770.8486,19.64,1.0028-1.0312,2.3234E3,55,9879,230609 Sample 39 D1_S1-G2_1_8196.d,1,1,P27917|APOC3_PIG,,,PEAKS DB
TVETRDGQVINETSQ,54.43,1675.8013,15,1.1,838.9046,9.19,1.0255-1.0539,5.0131E1,55,3447,230609 Sample 39 D1_S1-G2_1_8196.d,1,1,P02543|VIME_PIG,,,PEAKS DB
YDEDEDGRPKVHVD,54.38,1672.7328,14,1.2,558.5827,9.91,0.8316-0.8602,4.3915E2,55,3929,230609 Sample 39 D1_S1-G2_1_8196.d,1,1,tr|F1RX37|F1RX37_PIG,,,PEAKS DB
TAQDALTSVKESEVAQQARG,54.38,2088.0447,20,0.8,697.0192,14.62,0.8774-0.9060,2.1207E2,55,7045,230609 Sample 39 D1_S1-G2_1_8196.d,1,1,P27917|APOC3_PIG,,,PEAKS DB
EEAPSLRPVAPPISAGGY,54.24,1809.9260,18,-4.9,905.9612,24.53,1.1218-1.1500,0,55,12225,230609 Sample 39 D1_S1-G2_1_8196.d,0,0,tr|F1RX37|F1RX37_PIG,,,PEAKS DB
TDVANYLAWIQEHTTS,54.11,1847.8690,16,11.3,924.9476,36.97,1.1252-1.1534,2.8085E2,55,18557,230609 Sample 39 D1_S1-G2_1_8196.d,1,1,O97507|FA12_PIG,,,PEAKS DB
FFESFGDLSNADAV,54.04,1517.6674,14,0.2,759.8373,35.11,1.0232-1.0516,6.6923E3,55,17309,230609 Sample 39 D1_S1-G2_1_8196.d,1,1,P02067|HBB_PIG,,,PEAKS DB
DLLAIDSKTGIIT,53.96,1358.7656,13,1.7,680.3878,30.01,0.9664-0.9948,1.4333E3,55,14656,230609 Sample 39 D1_S1-G2_1_8196.d,1,1,Q3BDI7|DSG1_PIG,,,PEAKS DB
FESFGDLSNADAVM(+15.99)GNPK,53.84,1913.8464,18,1.0,957.9266,22.07,1.1274-1.1557,1.9907E2,55,11074,230609 Sample 39 D1_S1-G2_1_8196.d,1,1,P02067|HBB_PIG,Oxidation (M),M14:Oxidation (M):1000.00,PEAKS DB
TQARETPPEWKALLETRQV,53.67,2252.1912,19,1.3,751.7349,23.12,0.9185-0.9470,1.0575E4,55,11454,230609 Sample 39 D1_S1-G2_1_8196.d,11,11,tr|F1RX36|F1RX36_PIG,,,PEAKS DB
ALTSVKESEVAQQA,53.55,1459.7518,14,-0.5,730.8792,11.90,0.9960-1.0244,1.0592E3,55,5019,230609 Sample 39 D1_S1-G2_1_8196.d,1,1,P27917|APOC3_PIG,,,PEAKS DB
DLPGALSALSDLH,53.50,1307.6721,13,8.9,654.8458,35.20,0.9641-0.9926,0,55,17432,230609 Sample 39 D1_S1-G2_1_8196.d,0,0,P01965|HBA_PIG,,,PEAKS DB
DTSLLDKMQDYV,53.45,1426.6650,12,0.1,714.3362,32.69,0.9778-1.0062,1.4504E3,55,16039,230609 Sample 39 D1_S1-G2_1_8196.d,1,1,P27917|APOC3_PIG,,,PEAKS DB
VLSAADKANVKA,53.39,1185.6716,12,1.9,593.8412,7.40,0.9037-0.9322,8.0974E3,55,2322,230609 Sample 39 D1_S1-G2_1_8196.d,2,2,P01965|HBA_PIG,,,PEAKS DB
DLSNADAVM(+15.99)GNPK,53.22,1346.6136,13,3.3,674.3129,9.51,0.9333-0.9618,2.9893E3,55,3577,230609 Sample 39 D1_S1-G2_1_8196.d,1,1,P02067|HBB_PIG,Oxidation (M),M9:Oxidation (M):1000.00,PEAKS DB
DFWDYTPKPEPS,53.21,1480.6510,12,3.7,741.3317,26.88,0.9960-1.0244,1.211E3,55,13290,230609 Sample 39 D1_S1-G2_1_8196.d,1,1,P27917|APOC3_PIG,,,PEAKS DB
SLDKFLANVSTVLTSKY,53.20,1885.0197,17,1.3,943.5135,42.14,1.1985-1.2266,2.6187E2,55,23538,230609 Sample 39 D1_S1-G2_1_8196.d,1,1,P01965|HBA_PIG,,,PEAKS DB
EFIATDLDTGLPSTTV,53.02,1678.8301,16,-1.3,840.4170,34.03,1.0890-1.1173,2.0336E3,55,16700,230609 Sample 39 D1_S1-G2_1_8196.d,1,1,Q3BDI7|DSG1_PIG,,,PEAKS DB
EVAQQARGWVTD,53.00,1358.6578,12,-2.0,680.3314,14.71,0.9390-0.9675,3.9204E2,55,7093,230609 Sample 39 D1_S1-G2_1_8196.d,1,1,P27917|APOC3_PIG,,,PEAKS DB
DGRPKVHVDA,52.89,1092.5676,10,3.0,547.2900,9.91,0.9139-0.9425,6.5975E3,55,3887,230609 Sample 39 D1_S1-G2_1_8196.d,2,2,tr|F1RX37|F1RX37_PIG,,,PEAKS DB
DEDEDGRPK,52.84,1059.4468,9,1.8,530.7289,2.05,0.8270-0.8557,1.0177E3,55,89,230609 Sample 39 D1_S1-G2_1_8196.d,1,1,tr|F1RX37|F1RX37_PIG,,,PEAKS DB
EVQDKGEFLAEGGG,52.78,1434.6626,14,1.8,718.3362,14.44,0.9550-0.9835,5.1679E3,55,6917,230609 Sample 39 D1_S1-G2_1_8196.d,1,1,tr|F1RX36|F1RX36_PIG,,,PEAKS DB
APPISAGGYQPRP,52.72,1309.6779,13,-3.7,655.8405,13.97,0.9288-0.9573,1.8484E2,55,6631,230609 Sample 39 D1_S1-G2_1_8196.d,1,1,tr|F1RX37|F1RX37_PIG,,,PEAKS DB
RREEAPSLRPVAPPISAGGYQPRP,52.55,2600.3936,24,-5.9,651.0985,16.56,0.9185-0.9470,1.5902E2,55,8223,230609 Sample 39 D1_S1-G2_1_8196.d,1,1,tr|F1RX37|F1RX37_PIG,,,PEAKS DB
EEAEERADIAESQVN,52.47,1688.7489,15,7.1,845.3834,10.72,1.0312-1.0595,1.7042E2,55,4445,230609 Sample 39 D1_S1-G2_1_8196.d,1,1,Q9TV63|MYH2_PIG:Q9TV62|MYH4_PIG:Q9TV61|MYH1_PIG,,,PEAKS DB
DEDEDGRPKVH,52.45,1295.5742,11,1.1,648.7918,3.91,0.9025-0.9311,3.1901E4,55,258,230609 Sample 39 D1_S1-G2_1_8196.d,2,2,tr|F1RX37|F1RX37_PIG,,,PEAKS DB
RVDPVNFKLLSH,52.37,1423.7936,12,-11.3,475.5974,19.26,0.7754-0.8041,0,55,9774,230609 Sample 39 D1_S1-G2_1_8196.d,0,0,P01965|HBA_PIG,,,PEAKS DB
EDTSLLDKMQDYVKQATRTAQDALTSVKESEVAQQA,52.37,3996.9585,36,4.0,1000.2458,42.22,1.1026-1.1308,0,55,23708,230609 Sample 39 D1_S1-G2_1_8196.d,0,0,P27917|APOC3_PIG,,,PEAKS DB
VGM(+15.99)GQKDSYVGDEAQS,52.35,1685.7202,16,1.8,843.8646,7.72,1.0380-1.0663,4.8365E2,55,2562,230609 Sample 39 D1_S1-G2_1_8196.d,1,1,Q6QAQ1|ACTB_PIG,Oxidation (M),M3:Oxidation (M):1000.00,PEAKS DB
VLSAADKANVK,52.33,1114.6345,11,1.0,558.3223,5.81,0.8774-0.9060,9.9901E3,55,1412,230609 Sample 39 D1_S1-G2_1_8196.d,2,2,P01965|HBA_PIG,,,PEAKS DB
DTTPSNPDWGT,52.28,1189.4888,11,-1.7,595.7476,16.05,0.8419-0.8705,8.6401E2,55,7864,230609 Sample 39 D1_S1-G2_1_8196.d,1,1,tr|F1RX36|F1RX36_PIG,,,PEAKS DB
DDFQPFFNEKT,52.23,1386.6091,11,-3.7,694.3057,26.26,0.9447-0.9732,6.4501E2,55,13013,230609 Sample 39 D1_S1-G2_1_8196.d,1,1,Q19AZ8|THRB_PIG,,,PEAKS DB
DALTSVKESEVAQQ,52.21,1503.7416,14,-0.5,752.8739,14.49,1.0028-1.0312,2.358E2,55,6974,230609 Sample 39 D1_S1-G2_1_8196.d,1,1,P27917|APOC3_PIG,,,PEAKS DB
WTQRFFESFGDLSNADAV,52.19,2088.9541,18,-3.5,1045.4753,35.21,1.1963-1.2244,4.0499E2,55,17377,230609 Sample 39 D1_S1-G2_1_8196.d,1,1,P02067|HBB_PIG,,,PEAKS DB
SYSTTALVSSPKEGAL,52.07,1609.8198,16,1.2,805.9141,19.77,1.0675-1.0958,8.9129E1,55,10004,230609 Sample 39 D1_S1-G2_1_8196.d,1,1,P50390|TTHY_PIG,,,PEAKS DB
EEIPPADLSDQVPDTESETKILLQGTPV,52.06,3020.5076,28,2.4,1007.8405,34.05,1.0471-1.0754,2.9048E3,55,16810,230609 Sample 39 D1_S1-G2_1_8196.d,1,1,P01025|CO3_PIG,,,PEAKS DB
VGGQAGAHGAEALERM(+15.99),51.91,1568.7365,16,1.2,523.9174,7.56,0.8305-0.8591,2.0789E3,55,2479,230609 Sample 39 D1_S1-G2_1_8196.d,2,2,P01965|HBA_PIG,Oxidation (M),M16:Oxidation (M):1000.00,PEAKS DB
M(+15.99)AEVQDKGEFLAEGGGV,51.86,1751.8036,17,1.6,876.9060,19.01,1.0652-1.0935,3.5203E2,55,9690,230609 Sample 39 D1_S1-G2_1_8196.d,1,1,tr|F1RX36|F1RX36_PIG,Oxidation (M),M1:Oxidation (M):1000.00,PEAKS DB
DYDEDEDGRP,51.85,1209.4421,10,4.8,605.7281,7.14,0.8705-0.8991,1.2854E3,55,2218,230609 Sample 39 D1_S1-G2_1_8196.d,1,1,tr|F1RX37|F1RX37_PIG,,,PEAKS DB
DDLPGALSALSD,51.83,1172.5560,12,3.1,587.2841,31.97,0.8808-0.9094,1.1304E3,55,15692,230609 Sample 39 D1_S1-G2_1_8196.d,1,1,P01965|HBA_PIG,,,PEAKS DB
GKVGGQAGAHGAEALER,51.81,1606.8175,17,-2.2,536.6092,5.71,0.7857-0.8144,7.3959E2,55,1334,230609 Sample 39 D1_S1-G2_1_8196.d,1,1,P01965|HBA_PIG,,,PEAKS DB
DSGDGVTHTVPIYEGY,51.80,1708.7581,16,0.3,855.3823,23.18,1.0493-1.0777,9.67E2,55,11490,230609 Sample 39 D1_S1-G2_1_8196.d,1,1,Q6QAQ1|ACTB_PIG,,,PEAKS DB
TAQDALTSVKESEVA,51.70,1547.7678,15,7.0,774.8927,15.95,1.0255-1.0539,1.8075E2,55,7821,230609 Sample 39 D1_S1-G2_1_8196.d,1,1,P27917|APOC3_PIG,,,PEAKS DB
GGLGGGLGGGLGGGGG,51.65,1098.5417,16,-0.5,550.2751,19.84,0.8557-0.8842,5.6827E2,55,10022,230609 Sample 39 D1_S1-G2_1_8196.d,1,1,O02773|MA1A1_PIG,,,PEAKS DB
DTTPSNPDWGTF,51.64,1336.5571,12,-2.2,669.2810,28.32,0.8888-0.9174,8.6868E2,55,13907,230609 Sample 39 D1_S1-G2_1_8196.d,2,2,tr|F1RX36|F1RX36_PIG,,,PEAKS DB
DALTSVKESEVAQ,51.64,1375.6831,13,-2.8,688.8434,14.57,0.9687-0.9971,7.1707E2,55,6984,230609 Sample 39 D1_S1-G2_1_8196.d,1,1,P27917|APOC3_PIG,,,PEAKS DB
DTSLLDKMQDY,51.61,1327.5966,11,-3.4,664.7999,26.18,0.9299-0.9584,2.6513E2,55,12993,230609 Sample 39 D1_S1-G2_1_8196.d,1,1,P27917|APOC3_PIG,,,PEAKS DB
YDEDEDGRP,51.43,1094.4152,9,-0.6,548.2117,5.51,0.8247-0.8534,1.5741E3,55,1223,230609 Sample 39 D1_S1-G2_1_8196.d,2,2,tr|F1RX37|F1RX37_PIG,,,PEAKS DB
IDEASKKLNAQ,51.31,1215.6459,11,5.3,608.8303,5.15,0.9105-0.9390,1.4893E2,55,946,230609 Sample 39 D1_S1-G2_1_8196.d,1,1,P18648|APOA1_PIG,,,PEAKS DB
VNVDEVGGEALGR,51.31,1313.6575,13,1.9,657.8339,16.62,0.9447-0.9732,3.9194E2,55,8242,230609 Sample 39 D1_S1-G2_1_8196.d,1,1,P02067|HBB_PIG,,,PEAKS DB
FESFGDLSNADAVM(+15.99)GNPKV,51.28,2012.9149,19,-8.8,1007.4507,24.81,1.1557-1.1839,2.5824E2,55,12359,230609 Sample 39 D1_S1-G2_1_8196.d,1,1,P02067|HBB_PIG,Oxidation (M),M14:Oxidation (M):1000.00,PEAKS DB
DLEPTVIDEVRTGT,51.25,1543.7729,14,-0.6,772.8894,25.05,1.0335-1.0618,8.1576E2,55,12481,230609 Sample 39 D1_S1-G2_1_8196.d,1,1,P02550|TBA1A_PIG:Q2XVP4|TBA1B_PIG,,,PEAKS DB
DLSNADAVM(+15.99)GNPKV,51.24,1445.6820,14,2.8,723.8466,14.00,0.9516-0.9800,8.9248E2,55,6686,230609 Sample 39 D1_S1-G2_1_8196.d,1,1,P02067|HBB_PIG,Oxidation (M),M9:Oxidation (M):1000.00,PEAKS DB
DEDGRPKV,51.22,914.4457,8,2.8,458.2291,4.87,0.7777-0.8064,9.4173E4,55,540,230609 Sample 39 D1_S1-G2_1_8196.d,2,2,tr|F1RX37|F1RX37_PIG,,,PEAKS DB
EEAPSLRPVAPPISAGGYQPRPAKV,51.21,2586.3916,25,0.2,647.6021,19.30,0.9766-1.0051,3.8666E2,55,9782,230609 Sample 39 D1_S1-G2_1_8196.d,1,1,tr|F1RX37|F1RX37_PIG,,,PEAKS DB
AIDYDEDEDGRP,51.07,1393.5634,12,6.0,697.7896,10.93,0.9584-0.9869,6.0671E1,55,4585,230609 Sample 39 D1_S1-G2_1_8196.d,1,1,tr|F1RX37|F1RX37_PIG,,,PEAKS DB
DDFNPSVHASLD,51.05,1315.5680,12,2.1,658.7893,18.35,0.9162-0.9447,1.6123E3,55,9151,230609 Sample 39 D1_S1-G2_1_8196.d,1,1,P01965|HBA_PIG,,,PEAKS DB
DEVGGEALGRL,51.04,1114.5618,11,2.3,558.2866,20.26,0.8591-0.8877,3.3373E2,55,10248,230609 Sample 39 D1_S1-G2_1_8196.d,1,1,P02067|HBB_PIG,,,PEAKS DB
TLDPEHKGQQGVQ,50.87,1435.7056,13,-3.6,718.8538,5.58,0.9596-0.9880,3.3522E3,55,1287,230609 Sample 39 D1_S1-G2_1_8196.d,2,2,P01025|CO3_PIG,,,PEAKS DB
NEEQEYIKT,50.81,1152.5299,9,4.2,577.2717,10.53,0.8671-0.8957,8.0156E2,55,4338,230609 Sample 39 D1_S1-G2_1_8196.d,1,1,P19619|ANXA1_PIG,,,PEAKS DB
DYDEDEDGRPKVHVD,50.74,1787.7598,15,5.1,596.9272,8.85,0.8350-0.8637,1.873E3,55,3235,230609 Sample 39 D1_S1-G2_1_8196.d,1,1,tr|F1RX37|F1RX37_PIG,,,PEAKS DB
VLSAADKANVKAAWGKVGGQAGAHGAEALER,50.72,3031.5950,31,-5.4,607.3199,29.66,0.9379-0.9664,0,55,14536,230609 Sample 39 D1_S1-G2_1_8196.d,0,0,P01965|HBA_PIG,,,PEAKS DB
NEEQEYIKTV,50.62,1251.5983,10,1.2,626.8040,14.36,0.9060-0.9345,3.0608E2,55,6875,230609 Sample 39 D1_S1-G2_1_8196.d,1,1,P19619|ANXA1_PIG,,,PEAKS DB
HLSAEEKEAV,50.60,1111.5509,10,1.1,556.7805,6.28,0.8545-0.8831,1.0077E4,55,1912,230609 Sample 39 D1_S1-G2_1_8196.d,2,2,P02067|HBB_PIG,,,PEAKS DB
M(+15.99)EDEADSEEGLDLKGGHVI,50.57,2058.9050,19,7.3,687.3105,18.74,0.9698-0.9982,3.3277E2,55,9449,230609 Sample 39 D1_S1-G2_1_8196.d,1,1,tr|F1RX36|F1RX36_PIG,Oxidation (M),M1:Oxidation (M):1000.00,PEAKS DB
HLSAEEKEAVLG,50.57,1281.6565,12,-0.3,641.8321,10.75,0.9527-0.9812,8.3121E2,55,4425,230609 Sample 39 D1_S1-G2_1_8196.d,1,1,P02067|HBB_PIG,,,PEAKS DB
VHLSAEEKEA,50.45,1111.5509,10,1.1,556.7805,6.28,0.8522-0.8808,9.8971E3,55,1555,230609 Sample 39 D1_S1-G2_1_8196.d,1,1,P02067|HBB_PIG,,,PEAKS DB
HPDDFNPSVHASLD,50.41,1549.6797,14,8.1,775.8495,14.94,1.0176-1.0459,2.7889E2,55,7225,230609 Sample 39 D1_S1-G2_1_8196.d,1,1,P01965|HBA_PIG,,,PEAKS DB
TINREGGAVES,50.36,1131.5520,11,1.5,566.7812,5.34,0.8293-0.8579,1.1861E4,55,1065,230609 Sample 39 D1_S1-G2_1_8196.d,1,1,tr|F1RX36|F1RX36_PIG,,,PEAKS DB
DKRREEAPSLRPVAPPISAGGYQPRP,50.30,2843.5154,26,5.0,569.7103,15.98,0.7788-0.8075,0,55,7853,230609 Sample 39 D1_S1-G2_1_8196.d,0,0,tr|F1RX37|F1RX37_PIG,,,PEAKS DB
IDYDEDEDGRPKVHVDA,50.26,1971.8810,17,4.7,658.3007,13.27,0.8785-0.9071,5.0207E4,55,5972,230609 Sample 39 D1_S1-G2_1_8196.d,9,9,tr|F1RX37|F1RX37_PIG,,,PEAKS DB
VGGQAGAHGAEALER,50.22,1421.7010,15,9.5,711.8610,6.80,1.0028-1.0312,1.4783E3,55,2047,230609 Sample 39 D1_S1-G2_1_8196.d,2,2,P01965|HBA_PIG,,,PEAKS DB
EDGRPKVHVDA,50.09,1221.6101,11,2.1,611.8105,9.91,0.9242-0.9527,5.898E3,55,3902,230609 Sample 39 D1_S1-G2_1_8196.d,3,3,tr|F1RX37|F1RX37_PIG,,,PEAKS DB
FPPPNFPGPRFPPPNFPGP,50.09,2075.0417,19,-6.0,692.6802,34.46,0.8659-0.8945,7.4261E4,55,16976,230609 Sample 39 D1_S1-G2_1_8196.d,16,16,P51524|PF11_PIG,,,PEAKS DB
HHPDDFNPSVHASLDKFLANVSTVLTS,50.04,2947.4463,27,-0.8,983.4836,42.13,1.0720-1.1003,1.0456E3,55,23516,230609 Sample 39 D1_S1-G2_1_8196.d,1,1,P01965|HBA_PIG,,,PEAKS DB
DTSLLDKM(+15.99)QDYVKQAT,50.03,1870.8982,16,1.3,624.6376,17.64,0.8144-0.8431,4.3939E3,55,8612,230609 Sample 39 D1_S1-G2_1_8196.d,1,1,P27917|APOC3_PIG,Oxidation (M),M8:Oxidation (M):1000.00,PEAKS DB
DTSLLDKMQD,50.00,1164.5332,10,1.0,583.2715,19.77,0.8682-0.8968,3.9248E2,55,9962,230609 Sample 39 D1_S1-G2_1_8196.d,1,1,P27917|APOC3_PIG,,,PEAKS DB
DDPQSPWDR,50.00,1114.4679,9,6.4,558.2419,13.44,0.8247-0.8534,2.6391E2,55,6130,230609 Sample 39 D1_S1-G2_1_8196.d,1,1,P18648|APOA1_PIG,,,PEAKS DB
DGRGAAQNIIPASTGAA,49.99,1568.7906,17,2.6,785.4007,16.77,0.9812-1.0096,7.4192E2,55,8318,230609 Sample 39 D1_S1-G2_1_8196.d,1,1,P00355|G3P_PIG,,,PEAKS DB
GGSISHGPGSVPGTGSPGGLKPGSY,49.97,2209.0762,25,1.0,737.3630,14.50,0.8934-0.9219,0,55,7000,230609 Sample 39 D1_S1-G2_1_8196.d,0,0,tr|F1RX36|F1RX36_PIG,,,PEAKS DB
GQAGAHGAEAL,49.95,980.4675,11,2.1,491.2396,6.83,0.7949-0.8236,7.8307E2,55,2036,230609 Sample 39 D1_S1-G2_1_8196.d,1,1,P01965|HBA_PIG,,,PEAKS DB
EDEDGRPKV,49.93,1043.4883,9,0.7,522.7491,4.77,0.8293-0.8579,6.2541E3,55,704,230609 Sample 39 D1_S1-G2_1_8196.d,2,2,tr|F1RX37|F1RX37_PIG,,,PEAKS DB
RPVAPPISAGGYQP,49.79,1408.7462,14,13.1,705.3860,16.90,0.9584-0.9869,0,55,8402,230609 Sample 39 D1_S1-G2_1_8196.d,0,0,tr|F1RX37|F1RX37_PIG,,,PEAKS DB
GRPKVHVDA,49.78,977.5406,9,0.9,489.7756,13.27,0.8385-0.8671,5.1686E3,55,5890,230609 Sample 39 D1_S1-G2_1_8196.d,3,3,tr|F1RX37|F1RX37_PIG,,,PEAKS DB
TAQDALTSVKE,49.66,1161.5876,11,11.3,581.8047,11.54,0.8648-0.8934,3.0762E2,55,4835,230609 Sample 39 D1_S1-G2_1_8196.d,1,1,P27917|APOC3_PIG,,,PEAKS DB
EEAPSLRPV,49.58,996.5240,9,2.7,499.2681,13.75,0.7960-0.8247,2.8591E3,55,6349,230609 Sample 39 D1_S1-G2_1_8196.d,1,1,tr|F1RX37|F1RX37_PIG,,,PEAKS DB
ESEVAQQARGWVTD,49.49,1574.7324,14,-4.6,788.3659,17.29,1.0210-1.0493,0,55,8590,230609 Sample 39 D1_S1-G2_1_8196.d,0,0,P27917|APOC3_PIG,,,PEAKS DB
ATRTAQDALTSVKESEVAQQA,49.37,2203.1079,21,2.5,735.3747,15.20,0.9105-0.9390,1.9733E2,55,7418,230609 Sample 39 D1_S1-G2_1_8196.d,1,1,P27917|APOC3_PIG,,,PEAKS DB
DTTPSNPDWGTFKE,49.22,1593.6947,14,-1.0,797.8498,19.95,1.0221-1.0505,3.7409E2,55,10092,230609 Sample 39 D1_S1-G2_1_8196.d,1,1,tr|F1RX36|F1RX36_PIG,,,PEAKS DB
DGPEYSSSSKI,49.19,1168.5248,11,-2.9,585.2650,10.52,0.8705-0.8991,3.2481E2,55,4346,230609 Sample 39 D1_S1-G2_1_8196.d,1,1,tr|F1RX36|F1RX36_PIG,,,PEAKS DB
GARPPPPPPPPADEPQQGP,49.19,1900.9431,19,-1.1,634.6511,11.64,0.8408-0.8694,3.7147E2,55,4892,230609 Sample 39 D1_S1-G2_1_8196.d,1,1,Q95JC9|PRP_PIG,,,PEAKS DB
VGHLDDLPGALSA,49.16,1263.6459,13,-0.7,632.8265,23.93,0.9117-0.9402,6.1233E3,55,11841,230609 Sample 39 D1_S1-G2_1_8196.d,1,1,P01965|HBA_PIG,,,PEAKS DB
FWDYTPKPEPS,49.01,1365.6240,11,-2.1,683.8144,20.12,0.9402-0.9687,1.3463E2,55,10193,230609 Sample 39 D1_S1-G2_1_8196.d,1,1,P27917|APOC3_PIG,,,PEAKS DB
RPPPGPPPPGPPPPGP,48.99,1509.8091,16,4.0,755.9110,12.99,0.9755-1.0039,5.4468E3,55,5739,230609 Sample 39 D1_S1-G2_1_8196.d,2,2,Q95JC9|PRP_PIG,,,PEAKS DB
DEDEDGRPKVHVD,48.94,1509.6696,13,3.2,504.2295,6.36,0.7673-0.7960,1.2636E4,55,1699,230609 Sample 39 D1_S1-G2_1_8196.d,2,2,tr|F1RX37|F1RX37_PIG,,,PEAKS DB
GDTTPSNPDWGTFKEV,48.94,1749.7845,16,0.3,875.8954,23.12,1.0641-1.0924,4.1708E2,55,11443,230609 Sample 39 D1_S1-G2_1_8196.d,1,1,tr|F1RX36|F1RX36_PIG,,,PEAKS DB
LPLIKISPLPDITPADF,48.91,1849.0601,17,11.1,925.5428,42.22,1.1794-1.2075,0,55,23731,230609 Sample 39 D1_S1-G2_1_8196.d,0,0,tr|F1RX36|F1RX36_PIG,,,PEAKS DB
DKGEFLAEGGG,48.88,1078.4930,11,2.9,540.2526,13.81,0.8316-0.8602,4.4124E3,55,6417,230609 Sample 39 D1_S1-G2_1_8196.d,1,1,tr|F1RX36|F1RX36_PIG,,,PEAKS DB
PGVTVKDVNQQEFV,48.88,1558.7991,14,3.7,780.4058,19.36,1.0323-1.0607,1.3007E2,55,9796,230609 Sample 39 D1_S1-G2_1_8196.d,1,1,Q29308|RS19_PIG,,,PEAKS DB
DLSNADAVMGNPK,48.86,1330.6187,13,0.1,666.3133,15.00,0.9333-0.9618,1.3365E3,55,7239,230609 Sample 39 D1_S1-G2_1_8196.d,1,1,P02067|HBB_PIG,,,PEAKS DB
DTSLLDKM(+15.99)QDYV,48.86,1442.6599,12,1.8,722.3348,21.10,0.9812-1.0096,2.0315E3,55,10593,230609 Sample 39 D1_S1-G2_1_8196.d,1,1,P27917|APOC3_PIG,Oxidation (M),M8:Oxidation (M):1000.00,PEAKS DB
DKMQDYVKQ,48.82,1153.5437,9,0.8,577.7767,8.40,0.8625-0.8911,1.2333E2,55,2955,230609 Sample 39 D1_S1-G2_1_8196.d,1,1,P27917|APOC3_PIG,,,PEAKS DB
TSIAIDTIINQK,48.79,1315.7347,12,5.1,658.8746,24.37,0.9561-0.9846,1.3268E2,55,12146,230609 Sample 39 D1_S1-G2_1_8196.d,1,1,P80021|ATPA_PIG,,,PEAKS DB
TDFWDYTPKPEPS,48.77,1581.6987,13,8.5,791.8594,26.14,1.0300-1.0584,0,55,13007,230609 Sample 39 D1_S1-G2_1_8196.d,0,0,P27917|APOC3_PIG,,,PEAKS DB
NPLPSKETIEQEKQAGES,48.75,1983.9749,18,-1.4,662.3279,10.53,0.8305-0.8591,4.3225E2,55,4337,230609 Sample 39 D1_S1-G2_1_8196.d,1,1,Q95274|TYB4_PIG,,,PEAKS DB
DNPVKGSPGAPS,48.59,1124.5461,12,2.0,563.2786,6.97,0.8305-0.8591,3.4612E3,55,2134,230609 Sample 39 D1_S1-G2_1_8196.d,1,1,O19084|CDSN_PIG,,,PEAKS DB
GHLDDLPGALSA,48.56,1164.5775,12,-4.2,583.2906,21.88,0.8842-0.9128,0,55,11028,230609 Sample 39 D1_S1-G2_1_8196.d,0,0,P01965|HBA_PIG,,,PEAKS DB
VPPGIPPVH,48.56,911.5228,9,-0.4,456.7662,15.01,0.7880-0.8167,0,55,7315,230609 Sample 39 D1_S1-G2_1_8196.d,0,0,P29700|FETUA_PIG,,,PEAKS DB
NVDEVGGEALGR,48.54,1214.5891,12,0.9,608.2993,12.75,0.8980-0.9265,8.3112E2,55,5508,230609 Sample 39 D1_S1-G2_1_8196.d,1,1,P02067|HBB_PIG,,,PEAKS DB
GM(+15.99)GQKDSYVGDEAQS,48.52,1586.6519,15,2.1,794.3308,6.62,0.9982-1.0266,0,55,1965,230609 Sample 39 D1_S1-G2_1_8196.d,0,0,Q6QAQ1|ACTB_PIG,Oxidation (M),M2:Oxidation (M):1000.00,PEAKS DB
IPPADLSDQVPDTESET,48.50,1812.8264,17,0.9,907.4167,21.23,1.1184-1.1466,9.8268E2,55,10703,230609 Sample 39 D1_S1-G2_1_8196.d,1,1,P01025|CO3_PIG,,,PEAKS DB
APPISAGGYQPRPAKVAIGQ,48.41,1977.0795,20,-0.8,660.0299,15.87,0.8442-0.8728,1.4711E3,55,7756,230609 Sample 39 D1_S1-G2_1_8196.d,2,2,tr|F1RX37|F1RX37_PIG,,,PEAKS DB
PPPGPPPPGPPPPGP,48.40,1353.7080,15,-2.3,677.8563,17.23,0.9197-0.9482,3.9213E3,55,8431,230609 Sample 39 D1_S1-G2_1_8196.d,1,1,Q95JC9|PRP_PIG,,,PEAKS DB
DGRGAAQNIIPASTGAAKAVG,48.39,1924.0126,21,0.6,642.3419,15.92,0.8006-0.8293,0,55,7829,230609 Sample 39 D1_S1-G2_1_8196.d,0,0,P00355|G3P_PIG,,,PEAKS DB
DEVGGEALGRLL,48.34,1227.6459,12,-10.1,614.8209,29.56,0.9105-0.9390,9.1972E1,55,14479,230609 Sample 39 D1_S1-G2_1_8196.d,1,1,P02067|HBB_PIG,,,PEAKS DB
EEGLDLKGGHV,48.18,1152.5775,11,-2.9,577.2914,12.76,0.8968-0.9254,2.6731E2,55,5542,230609 Sample 39 D1_S1-G2_1_8196.d,1,1,tr|F1RX36|F1RX36_PIG,,,PEAKS DB
WGKVNVDEVGGEALG,48.18,1528.7521,15,-2.5,765.3775,22.22,0.9948-1.0232,2.4422E2,55,11120,230609 Sample 39 D1_S1-G2_1_8196.d,1,1,P02067|HBB_PIG,,,PEAKS DB
YTPKPEPSSS,48.12,1091.5134,10,-5.3,546.7583,5.41,0.8259-0.8545,1.4814E2,55,1126,230609 Sample 39 D1_S1-G2_1_8196.d,1,1,P27917|APOC3_PIG,,,PEAKS DB
GGEALGRLLVVYPWTQRFFESFGDLSNADAV,48.10,3413.7043,31,-2.9,1138.8997,42.35,1.1354-1.1636,0,55,24004,230609 Sample 39 D1_S1-G2_1_8196.d,0,0,P02067|HBB_PIG,,,PEAKS DB
DDFNPSVHA,48.07,1000.4250,9,2.4,501.2184,13.37,0.7983-0.8270,1.4726E3,55,6044,230609 Sample 39 D1_S1-G2_1_8196.d,1,1,P01965|HBA_PIG,,,PEAKS DB
EAPSLRPVAPPISA,48.06,1403.7772,14,4.2,702.8953,21.76,0.9368-0.9652,5.2471E1,55,10973,230609 Sample 39 D1_S1-G2_1_8196.d,1,1,tr|F1RX37|F1RX37_PIG,,,PEAKS DB
DTSLLDKM(+15.99)QD,48.05,1180.5282,10,0.3,591.2686,12.00,0.8717-0.9002,8.8971E2,55,5053,230609 Sample 39 D1_S1-G2_1_8196.d,1,1,P27917|APOC3_PIG,Oxidation (M),M8:Oxidation (M):1000.00,PEAKS DB
DETSLSRDP,48.05,1018.4567,9,3.7,510.2349,8.03,0.8041-0.8327,1.095E3,55,2735,230609 Sample 39 D1_S1-G2_1_8196.d,1,1,tr|F1RX36|F1RX36_PIG,,,PEAKS DB
RPVAPPISA,48.02,906.5287,9,4.6,454.2714,12.77,0.7650-0.7938,0,55,5561,230609 Sample 39 D1_S1-G2_1_8196.d,0,0,tr|F1RX37|F1RX37_PIG,,,PEAKS DB
GGQAGAHGAEALERM(+15.99),48.00,1469.6681,15,-2.8,490.8928,6.21,0.7754-0.8041,0,55,1683,230609 Sample 39 D1_S1-G2_1_8196.d,0,0,P01965|HBA_PIG,Oxidation (M),M15:Oxidation (M):1000.00,PEAKS DB
FESFGDLSNADAV,48.00,1370.5990,13,2.3,686.3049,29.21,0.9755-1.0039,4.75E3,55,14260,230609 Sample 39 D1_S1-G2_1_8196.d,1,1,P02067|HBB_PIG,,,PEAKS DB
GGQAGAHGAEALE,47.97,1166.5316,13,0.1,584.2702,7.01,0.8327-0.8614,2.5383E3,55,2126,230609 Sample 39 D1_S1-G2_1_8196.d,1,1,P01965|HBA_PIG,,,PEAKS DB
DDPQSPWDRVKDFATVY,47.91,2037.9431,17,1.0,680.3188,33.51,0.8373-0.8659,2.5439E4,55,16670,230609 Sample 39 D1_S1-G2_1_8196.d,1,1,P18648|APOA1_PIG,,,PEAKS DB
RPPPGPPPPGPPPP,47.90,1355.7349,14,-0.7,678.8708,12.02,0.9641-0.9926,1.289E3,55,5042,230609 Sample 39 D1_S1-G2_1_8196.d,2,2,Q95JC9|PRP_PIG,,,PEAKS DB
TTADDFQPFFNEKTFGAGEAD,47.88,2306.9966,21,2.1,1154.5022,31.00,1.2435-1.2716,4.5728E2,55,15135,230609 Sample 39 D1_S1-G2_1_8196.d,1,1,Q19AZ8|THRB_PIG,,,PEAKS DB
LPDITPADFK,47.76,1115.5862,10,3.0,558.7992,24.47,0.8728-0.9014,1.5576E2,55,12192,230609 Sample 39 D1_S1-G2_1_8196.d,1,1,tr|F1RX36|F1RX36_PIG,,,PEAKS DB
EDTSLLDKM(+15.99)QDYVKQA,47.76,1898.8931,16,1.9,633.9696,15.85,0.8052-0.8339,3.5967E2,55,7775,230609 Sample 39 D1_S1-G2_1_8196.d,1,1,P27917|APOC3_PIG,Oxidation (M),M9:Oxidation (M):1000.00,PEAKS DB
ETDAIQRTEELEEA,47.70,1632.7478,14,1.4,817.3782,16.90,1.0323-1.0607,0,55,8401,230609 Sample 39 D1_S1-G2_1_8196.d,0,0,Q9TV63|MYH2_PIG:Q9TV62|MYH4_PIG:Q9TV61|MYH1_PIG,,,PEAKS DB
EFLAEGGGVR,47.67,1033.5192,10,1.0,517.7648,14.59,0.8156-0.8442,8.2729E4,55,6742,230609 Sample 39 D1_S1-G2_1_8196.d,1,1,tr|F1RX36|F1RX36_PIG,,,PEAKS DB
FPPPNFPGPRFPPP,47.64,1562.8033,14,-0.3,782.4047,30.04,1.0244-1.0527,7.3629E3,55,14501,230609 Sample 39 D1_S1-G2_1_8196.d,1,1,P51524|PF11_PIG,,,PEAKS DB
VLERVGGDE,47.51,972.4876,9,-1.1,487.2481,8.20,0.7949-0.8236,1.0554E3,55,2816,230609 Sample 39 D1_S1-G2_1_8196.d,1,1,tr|F1RX36|F1RX36_PIG,,,PEAKS DB
VLSAADKANVKAAWG,47.47,1499.8096,15,3.5,750.9109,14.50,1.0142-1.0425,1.3614E2,55,6961,230609 Sample 39 D1_S1-G2_1_8196.d,1,1,P01965|HBA_PIG,,,PEAKS DB
DTESETKILLQGTPV,47.47,1629.8461,15,2.1,815.9279,27.90,1.0471-1.0754,1.1684E2,55,13763,230609 Sample 39 D1_S1-G2_1_8196.d,1,1,P01025|CO3_PIG,,,PEAKS DB
EEAPSLRPVAPPI,47.42,1374.7506,13,-3.6,688.3766,23.70,0.9493-0.9778,0,55,11823,230609 Sample 39 D1_S1-G2_1_8196.d,0,0,tr|F1RX37|F1RX37_PIG,,,PEAKS DB
TINREGGAVESKSY,47.39,1509.7423,14,-1.1,504.2516,6.48,0.7294-0.7581,4.958E2,55,1835,230609 Sample 39 D1_S1-G2_1_8196.d,1,1,tr|F1RX36|F1RX36_PIG,,,PEAKS DB
IDYDEDEDGRPK,47.38,1450.6211,12,-2.6,484.5439,7.07,0.7708-0.7995,0,55,2209,230609 Sample 39 D1_S1-G2_1_8196.d,0,0,tr|F1RX37|F1RX37_PIG,,,PEAKS DB
DYDEDEDGRPKVHV,47.33,1672.7328,14,4.4,558.5845,9.71,0.7915-0.8201,1.6581E2,55,3725,230609 Sample 39 D1_S1-G2_1_8196.d,1,1,tr|F1RX37|F1RX37_PIG,,,PEAKS DB
IEAEDTSLLDKMQDYVKQAT,47.30,2297.1096,20,0.4,766.7069,32.39,0.9128-0.9413,0,55,15966,230609 Sample 39 D1_S1-G2_1_8196.d,0,0,P27917|APOC3_PIG,,,PEAKS DB
LDDLPGALSALSD,47.28,1285.6401,13,1.8,643.8253,34.42,0.9368-0.9652,2.2171E2,55,16922,230609 Sample 39 D1_S1-G2_1_8196.d,1,1,P01965|HBA_PIG,,,PEAKS DB
GKVNVDEVGGEALG,47.26,1342.6729,14,0.3,672.3405,15.62,0.9299-0.9584,2.3205E3,55,7621,230609 Sample 39 D1_S1-G2_1_8196.d,1,1,P02067|HBB_PIG,,,PEAKS DB
AAVPSGASTGIYEALELR,47.24,1803.9366,18,-7.1,902.9646,29.75,1.1274-1.1557,2.2088E2,55,14544,230609 Sample 39 D1_S1-G2_1_8196.d,1,1,Q1KYT0|ENOB_PIG,,,PEAKS DB
HPDDFNPSVHA,47.18,1234.5366,11,-1.3,618.2717,10.59,0.8888-0.9174,5.238E2,55,4351,230609 Sample 39 D1_S1-G2_1_8196.d,1,1,P01965|HBA_PIG,,,PEAKS DB
HPDDFNPSVH,47.18,1163.4995,10,8.6,582.7591,8.63,0.8751-0.9037,0,55,3138,230609 Sample 39 D1_S1-G2_1_8196.d,0,0,P01965|HBA_PIG,,,PEAKS DB
EDTSLLDKMQDYVKQA,47.17,1882.8982,16,2.9,628.6387,29.57,0.8098-0.8385,0,55,14503,230609 Sample 39 D1_S1-G2_1_8196.d,0,0,P27917|APOC3_PIG,,,PEAKS DB
DSEEGLDLKGGHVIK,47.14,1595.8154,15,2.3,532.9443,12.94,0.8133-0.8419,1.8215E2,55,5675,230609 Sample 39 D1_S1-G2_1_8196.d,1,1,tr|F1RX36|F1RX36_PIG,,,PEAKS DB
SPLPDITPADF,47.12,1171.5760,11,3.1,586.7941,34.84,0.8842-0.9128,1.8906E3,55,17135,230609 Sample 39 D1_S1-G2_1_8196.d,1,1,tr|F1RX36|F1RX36_PIG,,,PEAKS DB
ETSLSRDPFPDFFSPV,47.12,1839.8679,16,2.1,920.9385,38.65,1.1082-1.1365,1.3563E3,55,19895,230609 Sample 39 D1_S1-G2_1_8196.d,1,1,tr|F1RX36|F1RX36_PIG,,,PEAKS DB
QDKGEFLAEGGGVR,47.11,1461.7212,14,6.0,731.8685,12.03,0.9744-1.0028,6.3361E3,55,5096,230609 Sample 39 D1_S1-G2_1_8196.d,2,2,tr|F1RX36|F1RX36_PIG,,,PEAKS DB
DTDQVDKKEDQIDPR,47.10,1800.8489,15,-1.3,601.2864,6.97,0.8488-0.8774,4.9791E3,55,2122,230609 Sample 39 D1_S1-G2_1_8196.d,1,1,Q9GLP2|PROC_PIG,,,PEAKS DB
DGKTHPGGPGSDL,47.09,1236.5735,13,-1.2,619.2902,6.75,0.9048-0.9333,1.9172E3,55,2121,230609 Sample 39 D1_S1-G2_1_8196.d,1,1,tr|F1RX36|F1RX36_PIG,,,PEAKS DB
VLSAADKANV,47.03,986.5396,10,-1.3,494.2739,9.66,0.7903-0.8190,5.2762E3,55,3743,230609 Sample 39 D1_S1-G2_1_8196.d,1,1,P01965|HBA_PIG,,,PEAKS DB
PGPRFPPPN,47.00,977.5082,9,-5.0,489.7565,11.68,0.7915-0.8201,1.8072E3,55,4948,230609 Sample 39 D1_S1-G2_1_8196.d,1,1,P51524|PF11_PIG,,,PEAKS DB
TTADDFQPFFNEKT,46.97,1659.7416,14,0.6,830.8743,26.11,1.0403-1.0686,4.9105E2,55,12971,230609 Sample 39 D1_S1-G2_1_8196.d,1,1,Q19AZ8|THRB_PIG,,,PEAKS DB
DTYKSEIAHR,46.96,1218.5992,10,-4.4,407.2032,5.14,0.7006-0.7294,0,55,966,230609 Sample 39 D1_S1-G2_1_8196.d,0,0,P08835|ALBU_PIG,,,PEAKS DB
STTALVSSPKEGAL,46.74,1359.7245,14,6.3,680.8704,16.28,0.9835-1.0119,1.6578E2,55,8018,230609 Sample 39 D1_S1-G2_1_8196.d,1,1,P50390|TTHY_PIG,,,PEAKS DB
LGEAYEGAKDM(+15.99)L,46.71,1311.6017,12,3.9,656.8074,14.94,0.9470-0.9755,2.6026E2,55,7226,230609 Sample 39 D1_S1-G2_1_8196.d,1,1,P0DSO0|SAA2_PIG,Oxidation (M),M11:Oxidation (M):1000.00,PEAKS DB
SPPRPPPGPPP,46.67,1094.5872,11,12.3,548.3048,9.06,0.8236-0.8522,5.1607E2,55,3373,230609 Sample 39 D1_S1-G2_1_8196.d,1,1,Q95JC9|PRP_PIG,,,PEAKS DB
HLDDLPGALSA,46.62,1107.5560,11,4.2,554.7848,21.76,0.8659-0.8945,0,55,10983,230609 Sample 39 D1_S1-G2_1_8196.d,0,0,P01965|HBA_PIG,,,PEAKS DB
NPIIPSHSSSSSNI,46.62,1438.7052,14,-0.7,720.3557,14.19,0.9789-1.0073,1.6662E3,55,6714,230609 Sample 39 D1_S1-G2_1_8196.d,1,1,O19084|CDSN_PIG,,,PEAKS DB
GEFLAEGGGVR,46.57,1090.5406,11,2.6,546.2762,14.89,0.8534-0.8820,1.947E4,55,7306,230609 Sample 39 D1_S1-G2_1_8196.d,1,1,tr|F1RX36|F1RX36_PIG,,,PEAKS DB
DNPVKGSPGAPSFAAGPPISEG,46.56,2050.9958,22,-6.2,1026.4937,22.29,1.1557-1.1839,4.3781E2,55,11201,230609 Sample 39 D1_S1-G2_1_8196.d,1,1,O19084|CDSN_PIG,,,PEAKS DB
TTADDFQPFFNE,46.50,1430.5990,12,-6.0,716.2988,32.37,0.9573-0.9857,1.2016E2,55,15975,230609 Sample 39 D1_S1-G2_1_8196.d,1,1,Q19AZ8|THRB_PIG,,,PEAKS DB
DTYKSEIAH,46.49,1062.4982,9,-2.3,532.2524,6.02,0.8591-0.8877,0,55,1547,230609 Sample 39 D1_S1-G2_1_8196.d,0,0,P08835|ALBU_PIG,,,PEAKS DB
GGPGTASRPSSSRSYVTTST,46.36,1954.9344,20,2.2,652.6502,7.20,0.8270-0.8557,5.6241E2,55,2248,230609 Sample 39 D1_S1-G2_1_8196.d,1,1,P02543|VIME_PIG,,,PEAKS DB
M(+15.99)EDEADSEEGLDLKGGHVIKRVYT,46.29,2706.2805,24,2.2,677.5754,15.11,0.9231-0.9516,0,55,7377,230609 Sample 39 D1_S1-G2_1_8196.d,0,0,tr|F1RX36|F1RX36_PIG,Oxidation (M),M1:Oxidation (M):1000.00,PEAKS DB
KTETQEKNPLPSKETIEQEKQAGES,46.24,2828.4038,25,-7.3,708.0995,8.65,0.9037-0.9322,0,55,3155,230609 Sample 39 D1_S1-G2_1_8196.d,0,0,Q95274|TYB4_PIG,,,PEAKS DB
KPTLPEGTEDTVKEDAAN,46.22,1913.9218,18,-11.2,638.9708,11.16,0.8408-0.8694,0,55,4677,230609 Sample 39 D1_S1-G2_1_8196.d,0,0,P20305|GELS_PIG,,,PEAKS DB
QATRTAQDALTSVKESEVAQQA,46.22,2331.1665,22,1.5,778.0600,15.71,0.9219-0.9504,8.8107E2,55,7691,230609 Sample 39 D1_S1-G2_1_8196.d,1,1,P27917|APOC3_PIG,,,PEAKS DB
YDEDEDGRPKVH,46.15,1458.6375,12,2.6,487.2186,4.88,0.7512-0.7800,4.6605E3,55,776,230609 Sample 39 D1_S1-G2_1_8196.d,2,2,tr|F1RX37|F1RX37_PIG,,,PEAKS DB
DSSTLSRNIIELL,46.08,1459.7882,13,1.7,730.8989,39.90,1.0198-1.0482,1.2706E4,55,21142,230609 Sample 39 D1_S1-G2_1_8196.d,1,1,tr|F1RX36|F1RX36_PIG,,,PEAKS DB
EVNPSLGKTPEEVTRTVNTA,46.07,2141.0964,20,0.6,714.7029,16.57,0.8785-0.9071,0,55,8233,230609 Sample 39 D1_S1-G2_1_8196.d,0,0,Q95JC8|ARGI1_PIG,,,PEAKS DB
VGGQAGAHGAEALERM(+15.99)FLGFPT,46.02,2231.0793,22,0.5,744.6970,30.82,0.9857-1.0142,1.1156E4,55,15345,230609 Sample 39 D1_S1-G2_1_8196.d,1,1,P01965|HBA_PIG,Oxidation (M),M16:Oxidation (M):1000.00,PEAKS DB
ERLEQQVPVNQVFGQDEM(+15.99)IDVIGVTK,45.99,2986.5068,26,1.8,996.5063,28.85,1.0278-1.0561,3.2733E3,55,14121,230609 Sample 39 D1_S1-G2_1_8196.d,1,1,Q29293|RL3_PIG,Oxidation (M),M18:Oxidation (M):1000.00,PEAKS DB
PLPSKETIEQEKQAGES,45.99,1869.9319,17,0.7,624.3152,9.93,0.8121-0.8408,1.0331E2,55,3995,230609 Sample 39 D1_S1-G2_1_8196.d,1,1,Q95274|TYB4_PIG,,,PEAKS DB
EDTSLLDKMQD,45.89,1293.5758,11,1.5,647.7928,18.85,0.9470-0.9755,8.7309E2,55,9496,230609 Sample 39 D1_S1-G2_1_8196.d,1,1,P27917|APOC3_PIG,,,PEAKS DB
DGPEYSSSSKISSHSKQT,45.88,1923.8810,18,-1.1,642.2970,5.25,0.8190-0.8476,7.3581E1,55,1051,230609 Sample 39 D1_S1-G2_1_8196.d,1,1,tr|F1RX36|F1RX36_PIG,,,PEAKS DB
KVGGQAGAHGAEALE,45.85,1393.6949,15,-1.3,697.8503,6.56,0.9527-0.9812,1.1814E3,55,1929,230609 Sample 39 D1_S1-G2_1_8196.d,1,1,P01965|HBA_PIG,,,PEAKS DB
EEAPSLRPVAPP,45.84,1261.6666,12,0.9,631.8380,17.10,0.8934-0.9219,1.9681E2,55,8461,230609 Sample 39 D1_S1-G2_1_8196.d,1,1,tr|F1RX37|F1RX37_PIG,,,PEAKS DB
PKVHVDA,45.84,764.4181,7,-0.8,383.2141,13.28,0.7374-0.7662,1.0039E3,55,5884,230609 Sample 39 D1_S1-G2_1_8196.d,2,2,tr|F1RX37|F1RX37_PIG,,,PEAKS DB
QAFPPPNVPGPRFPPPNFPGP,45.78,2226.1375,21,1.9,1114.0725,39.20,1.2345-1.2626,4.5953E4,55,20108,230609 Sample 39 D1_S1-G2_1_8196.d,4,4,P51524|PF11_PIG,,,PEAKS DB
AIDYDEDEDGRPK,45.77,1521.6582,13,0.8,508.2245,7.67,0.8075-0.8362,5.3383E2,55,2540,230609 Sample 39 D1_S1-G2_1_8196.d,1,1,tr|F1RX37|F1RX37_PIG,,,PEAKS DB
GHYTEGAELVDSVLDVVR,45.77,1957.9745,18,-1.7,653.6610,35.33,0.9561-0.9846,4.8126E2,55,17484,230609 Sample 39 D1_S1-G2_1_8196.d,1,1,P02554|TBB_PIG:Q767L7|TBB5_PIG,,,PEAKS DB
DGVTHTVPIYE,45.70,1229.5928,11,-1.2,615.7998,17.81,0.8854-0.9139,5.1244E2,55,8878,230609 Sample 39 D1_S1-G2_1_8196.d,1,1,Q6QAQ1|ACTB_PIG,,,PEAKS DB
ESFGDLSNADAV,45.70,1223.5305,12,2.6,612.7710,24.05,0.9117-0.9402,3.7132E3,55,11944,230609 Sample 39 D1_S1-G2_1_8196.d,1,1,P02067|HBB_PIG,,,PEAKS DB
WGKVNVDEVGGEA,45.69,1358.6466,13,-0.7,680.3267,16.86,0.9185-0.9470,4.7075E1,55,8371,230609 Sample 39 D1_S1-G2_1_8196.d,1,1,P02067|HBB_PIG,,,PEAKS DB
EVSGSVSPGTKSEVHTSKL,45.63,1927.9851,19,4.1,643.6683,8.10,0.9139-0.9425,0,55,2798,230609 Sample 39 D1_S1-G2_1_8196.d,0,0,tr|F1RX36|F1RX36_PIG,,,PEAKS DB
EAPSLRPVAPPISAGGYQPRPAKVAIGQ,45.58,2826.5503,28,6.1,707.6456,20.89,1.0369-1.0652,0,55,10544,230609 Sample 39 D1_S1-G2_1_8196.d,0,0,tr|F1RX37|F1RX37_PIG,,,PEAKS DB
ADALTKAVG,45.56,844.4654,9,2.6,423.2389,10.30,0.7317-0.7604,7.8034E2,55,4199,230609 Sample 39 D1_S1-G2_1_8196.d,1,1,P01965|HBA_PIG,,,PEAKS DB
SLDKFLANVSTVLTS,45.55,1593.8613,15,1.8,797.9353,40.16,1.0618-1.0901,1.4953E3,55,21229,230609 Sample 39 D1_S1-G2_1_8196.d,1,1,P01965|HBA_PIG,,,PEAKS DB
VGHLDDLPGALSAL,45.50,1376.7300,14,-10.0,689.3619,33.07,0.9778-1.0062,0,55,16284,230609 Sample 39 D1_S1-G2_1_8196.d,0,0,P01965|HBA_PIG,,,PEAKS DB
TTADDFQPFFNEKTF,45.47,1806.8101,15,7.0,904.4141,31.96,1.1048-1.1331,5.2522E2,55,15678,230609 Sample 39 D1_S1-G2_1_8196.d,1,1,Q19AZ8|THRB_PIG,,,PEAKS DB
LTSVKESEVAQQA,45.46,1388.7147,13,9.7,695.3679,9.99,0.9470-0.9755,2.3623E2,55,4090,230609 Sample 39 D1_S1-G2_1_8196.d,1,1,P27917|APOC3_PIG,,,PEAKS DB
EFIATDLDTGLPSTT,45.45,1579.7617,15,1.5,790.8853,31.09,1.0516-1.0799,2.5154E2,55,15234,230609 Sample 39 D1_S1-G2_1_8196.d,1,1,Q3BDI7|DSG1_PIG,,,PEAKS DB
NLSHGSDQVKA,45.42,1154.5680,11,1.1,578.2890,4.77,0.8648-0.8934,0,55,750,230609 Sample 39 D1_S1-G2_1_8196.d,0,0,P01965|HBA_PIG,,,PEAKS DB
ADALTKAV,45.41,787.4440,8,7.0,394.7300,10.75,0.7179-0.7466,0,55,4490,230609 Sample 39 D1_S1-G2_1_8196.d,0,0,P01965|HBA_PIG,,,PEAKS DB
STVLTSKYR,45.39,1053.5818,9,16.4,527.8041,7.22,0.8648-0.8934,3.5032E2,55,2266,230609 Sample 39 D1_S1-G2_1_8196.d,1,1,P01965|HBA_PIG,,,PEAKS DB
GGGLGGGLGGGLGGGGG,45.36,1155.5632,17,8.2,578.7907,19.78,0.8659-0.8945,0,55,10035,230609 Sample 39 D1_S1-G2_1_8196.d,0,0,O02773|MA1A1_PIG,,,PEAKS DB
PPNFPGPR,45.34,880.4555,8,0.7,441.2331,12.01,0.7949-0.8236,0,55,5116,230609 Sample 39 D1_S1-G2_1_8196.d,0,0,P51524|PF11_PIG,,,PEAKS DB
AEVQDKGEFLAEGGG,45.29,1505.6997,15,0.2,753.8535,14.76,0.9800-1.0085,2.1726E2,55,7110,230609 Sample 39 D1_S1-G2_1_8196.d,1,1,tr|F1RX36|F1RX36_PIG,,,PEAKS DB
DGVTHTVPIYEG,45.27,1286.6143,12,9.4,644.3172,17.66,0.9128-0.9413,2.3993E2,55,8806,230609 Sample 39 D1_S1-G2_1_8196.d,1,1,Q6QAQ1|ACTB_PIG,,,PEAKS DB
VLSAADKANVKAAWGK,45.27,1627.9045,16,2.1,543.6405,11.68,0.8511-0.8797,1.2394E3,55,4912,230609 Sample 39 D1_S1-G2_1_8196.d,1,1,P01965|HBA_PIG,,,PEAKS DB
IEAEDTSLLDKMQDYVKQATRTAQDALTSVKESEVAQQA,45.19,4310.1221,39,2.6,1078.5352,42.22,1.1568-1.1850,0,55,23707,230609 Sample 39 D1_S1-G2_1_8196.d,0,0,P27917|APOC3_PIG,,,PEAKS DB
SNPIIPSHSSSSSNI,45.16,1525.7372,15,-1.0,763.8712,14.35,0.9914-1.0198,6.7011E2,55,6830,230609 Sample 39 D1_S1-G2_1_8196.d,1,1,O19084|CDSN_PIG,,,PEAKS DB
TQRFFESFGDLSNADAV,45.13,1902.8748,17,2.9,952.4426,30.91,1.1534-1.1816,7.6286E2,55,15071,230609 Sample 39 D1_S1-G2_1_8196.d,1,1,P02067|HBB_PIG,,,PEAKS DB
DLDTGLPSTTVR,45.11,1273.6514,12,-0.4,637.8295,18.22,0.9151-0.9436,2.1908E2,55,9105,230609 Sample 39 D1_S1-G2_1_8196.d,1,1,Q3BDI7|DSG1_PIG,,,PEAKS DB
EVQDKGEFLAEGG,45.08,1377.6411,13,1.5,689.8254,14.65,0.9276-0.9561,7.1703E2,55,7044,230609 Sample 39 D1_S1-G2_1_8196.d,1,1,tr|F1RX36|F1RX36_PIG,,,PEAKS DB
DYTPKPEPSSS,45.07,1206.5404,11,1.2,604.2751,7.83,0.8671-0.8957,2.4941E3,55,2614,230609 Sample 39 D1_S1-G2_1_8196.d,1,1,P27917|APOC3_PIG,,,PEAKS DB
QAFPPPNVPGPR,44.99,1275.6724,12,0.9,638.8408,23.94,0.8820-0.9105,8.2434E3,55,11912,230609 Sample 39 D1_S1-G2_1_8196.d,1,1,P51524|PF11_PIG,,,PEAKS DB
TEAPLNPK,44.79,868.4654,8,3.6,435.2393,6.81,0.7708-0.7995,1.8642E2,55,2050,230609 Sample 39 D1_S1-G2_1_8196.d,1,1,Q6QAQ1|ACTB_PIG,,,PEAKS DB
VGHLDDLPGALSALSD,44.77,1578.7889,16,-0.2,790.3976,31.52,1.0369-1.0652,1.1412E3,55,15405,230609 Sample 39 D1_S1-G2_1_8196.d,1,1,P01965|HBA_PIG,,,PEAKS DB
TASRGAPQARAPQGR,44.76,1522.8076,15,3.6,381.7086,3.93,0.6948-0.7236,0,55,266,230609 Sample 39 D1_S1-G2_1_8196.d,0,0,P20305|GELS_PIG,,,PEAKS DB
HQGVM(+15.99)VGMGQKDSYVGDEAQS,44.74,2237.9680,21,-1.3,746.9919,12.03,0.8705-0.8991,0,55,5122,230609 Sample 39 D1_S1-G2_1_8196.d,0,0,Q6QAQ1|ACTB_PIG,Oxidation (M),M5:Oxidation (M):12.33,PEAKS DB
WVTDSISSLKDYWST,44.72,1786.8413,15,4.4,894.4274,34.04,1.0845-1.1128,1.5246E2,55,16711,230609 Sample 39 D1_S1-G2_1_8196.d,1,1,P27917|APOC3_PIG,,,PEAKS DB
TQARETPPEWKALLET,44.71,1868.9631,16,-1.9,623.9907,24.55,0.8877-0.9162,0,55,12246,230609 Sample 39 D1_S1-G2_1_8196.d,0,0,tr|F1RX36|F1RX36_PIG,,,PEAKS DB
GLWGKVNVDEVGGEALG,44.68,1698.8577,17,3.5,850.4348,28.17,1.0697-1.0980,4.4288E2,55,13855,230609 Sample 39 D1_S1-G2_1_8196.d,1,1,P02067|HBB_PIG,,,PEAKS DB
GNNPTDLLAIDSKTGIIT,44.60,1841.9734,18,8.1,921.9968,30.30,1.1308-1.1591,1.1069E2,55,14842,230609 Sample 39 D1_S1-G2_1_8196.d,1,1,Q3BDI7|DSG1_PIG,,,PEAKS DB
AIDYDEDEDGRPKVH,44.55,1757.7856,15,-2.7,586.9313,8.38,0.8201-0.8488,1.1634E3,55,2914,230609 Sample 39 D1_S1-G2_1_8196.d,1,1,tr|F1RX37|F1RX37_PIG,,,PEAKS DB
NVDEVGGEALGRLLV,44.52,1539.8257,15,1.3,770.9172,32.25,1.0312-1.0595,0,55,15901,230609 Sample 39 D1_S1-G2_1_8196.d,0,0,P02067|HBB_PIG,,,PEAKS DB
DYTPKPEPS,44.47,1032.4763,9,2.0,517.2438,8.01,0.8190-0.8476,1.5025E3,55,2721,230609 Sample 39 D1_S1-G2_1_8196.d,1,1,P27917|APOC3_PIG,,,PEAKS DB
HRDETSLSRDPFPDFFSPV,44.46,2248.0549,19,1.9,750.3566,33.20,0.8991-0.9276,6.9333E3,55,16362,230609 Sample 39 D1_S1-G2_1_8196.d,9,9,tr|F1RX36|F1RX36_PIG,,,PEAKS DB
LDDLPGALSA,44.46,970.4971,10,0.0,486.2533,25.99,0.8052-0.8339,0,55,12946,230609 Sample 39 D1_S1-G2_1_8196.d,0,0,P01965|HBA_PIG,,,PEAKS DB
SSNPIIPSHSSSSSNI,44.43,1612.7693,16,5.8,807.3925,14.56,1.0221-1.0505,9.4178E1,55,7013,230609 Sample 39 D1_S1-G2_1_8196.d,1,1,O19084|CDSN_PIG,,,PEAKS DB
DKFLANVSTVLT,44.41,1306.7133,12,-2.9,654.3587,29.50,0.9903-1.0187,6.7906E2,55,14412,230609 Sample 39 D1_S1-G2_1_8196.d,1,1,P01965|HBA_PIG,,,PEAKS DB
PGVTVKDVNQQEF,44.39,1459.7307,13,0.5,730.8693,16.45,0.9744-1.0028,0,55,8150,230609 Sample 39 D1_S1-G2_1_8196.d,0,0,Q29308|RS19_PIG,,,PEAKS DB
KNPLPSKETIEQEKQAGES,44.38,2112.0698,19,2.3,705.0286,8.91,0.8465-0.8751,1.3595E3,55,3260,230609 Sample 39 D1_S1-G2_1_8196.d,1,1,Q95274|TYB4_PIG,,,PEAKS DB
FGDLSNADAVM(+15.99)GNPK,44.35,1550.7035,15,15.8,776.3674,14.48,1.0176-1.0459,0,55,6983,230609 Sample 39 D1_S1-G2_1_8196.d,0,0,P02067|HBB_PIG,Oxidation (M),M11:Oxidation (M):1000.00,PEAKS DB
CSNGADEHQRCPPGRTCSSHHFTCTNGECIPVEYRCDH,44.32,4245.7139,38,2.3,1416.2413,13.27,1.1444-1.1726,0,55,5995,230609 Sample 39 D1_S1-G2_1_8196.d,0,0,C0HL13|LRP2_PIG,,,PEAKS DB
VVVPSTFEPNKEGDF,44.31,1663.8093,15,10.0,832.9161,24.10,1.0584-1.0867,9.3416E1,55,12004,230609 Sample 39 D1_S1-G2_1_8196.d,1,1,P35750|CAN1_PIG,,,PEAKS DB
DEDGRPKVHV,44.28,1150.5730,10,1.2,384.5301,6.21,0.6936-0.7225,7.3932E3,55,1619,230609 Sample 39 D1_S1-G2_1_8196.d,2,2,tr|F1RX37|F1RX37_PIG,,,PEAKS DB
FPPPNFPGPRFPPPNFP,44.25,1920.9674,17,-0.2,961.4860,35.18,1.1433-1.1715,6.8358E3,55,17527,230609 Sample 39 D1_S1-G2_1_8196.d,1,1,P51524|PF11_PIG,,,PEAKS DB
EVSGSVSPGTK,44.10,1046.5244,11,-0.2,524.2667,5.06,0.8098-0.8385,1.4424E2,55,910,230609 Sample 39 D1_S1-G2_1_8196.d,1,1,tr|F1RX36|F1RX36_PIG,,,PEAKS DB
FPPPNFPGPRFPPPN,44.03,1676.8463,15,1.0,839.4270,28.32,1.0709-1.0992,7.2793E3,55,13864,230609 Sample 39 D1_S1-G2_1_8196.d,4,4,P51524|PF11_PIG,,,PEAKS DB
AAGPPISEGKY,43.99,1088.5502,11,-0.7,545.2792,12.08,0.8316-0.8602,3.0522E2,55,5129,230609 Sample 39 D1_S1-G2_1_8196.d,1,1,O19084|CDSN_PIG,,,PEAKS DB
PPISAGGYQPRPAKVAIGQ,43.97,1906.0424,19,-7.7,636.3466,15.14,0.9652-0.9937,0,55,7410,230609 Sample 39 D1_S1-G2_1_8196.d,0,0,tr|F1RX37|F1RX37_PIG,,,PEAKS DB
TRTAQDALTSVKESEVAQ,43.82,1932.9752,18,6.6,645.3333,13.80,0.8144-0.8431,0,55,6491,230609 Sample 39 D1_S1-G2_1_8196.d,0,0,P27917|APOC3_PIG,,,PEAKS DB
EAEDTSLLDKM(+15.99)QDY,43.82,1672.7137,14,-0.3,837.3596,16.80,1.0584-1.0867,0,55,8359,230609 Sample 39 D1_S1-G2_1_8196.d,0,0,P27917|APOC3_PIG,Oxidation (M),M11:Oxidation (M):1000.00,PEAKS DB
TRTAQDALTSVKESEVAQQ,43.76,2061.0337,19,1.6,688.0161,13.80,0.8671-0.8957,1.1461E2,55,6473,230609 Sample 39 D1_S1-G2_1_8196.d,1,1,P27917|APOC3_PIG,,,PEAKS DB
GLGGGLGGGLGGGGG,43.57,1041.5203,15,-8.2,521.7605,19.45,0.8098-0.8385,0,55,9873,230609 Sample 39 D1_S1-G2_1_8196.d,0,0,O02773|MA1A1_PIG,,,PEAKS DB
FPPPNFPGPR,43.55,1124.5767,10,0.8,563.2932,20.44,0.8133-0.8419,1.3962E5,55,10749,230609 Sample 39 D1_S1-G2_1_8196.d,2,2,P51524|PF11_PIG,,,PEAKS DB
DLAGRDLTDY,43.54,1137.5302,10,5.1,569.7723,18.38,0.8625-0.8911,0,55,9233,230609 Sample 39 D1_S1-G2_1_8196.d,0,0,Q6QAQ1|ACTB_PIG,,,PEAKS DB
ISWYDNEFGYSNRVVD,43.50,1962.8748,16,-1.4,982.4383,28.17,1.1579-1.1861,1.9254E2,55,13882,230609 Sample 39 D1_S1-G2_1_8196.d,1,1,P00355|G3P_PIG,,,PEAKS DB
DTSLLDKM(+15.99)QDYVKQA,43.33,1769.8506,15,-12.2,590.9473,16.51,0.7915-0.8201,0,55,8194,230609 Sample 39 D1_S1-G2_1_8196.d,0,0,P27917|APOC3_PIG,Oxidation (M),M8:Oxidation (M):1000.00,PEAKS DB
PPPNFPGPRFPPP,43.28,1415.7349,13,0.8,708.8717,24.94,0.9664-0.9948,2.7456E3,55,12227,230609 Sample 39 D1_S1-G2_1_8196.d,1,1,P51524|PF11_PIG,,,PEAKS DB
RPVAPPIS,43.23,835.4916,8,0.8,418.7513,10.79,0.7420-0.7708,0,55,4514,230609 Sample 39 D1_S1-G2_1_8196.d,0,0,tr|F1RX37|F1RX37_PIG,,,PEAKS DB
DEDEDGRP,43.23,931.3519,8,-1.6,466.6801,3.85,0.7639-0.7926,0,55,248,230609 Sample 39 D1_S1-G2_1_8196.d,0,0,tr|F1RX37|F1RX37_PIG,,,PEAKS DB
SLSRDPFPDFFSPV,43.15,1609.7776,14,-0.3,805.8918,37.98,1.0482-1.0765,9.1071E2,55,19310,230609 Sample 39 D1_S1-G2_1_8196.d,1,1,tr|F1RX36|F1RX36_PIG,,,PEAKS DB
ISWYDNEFGYSN,43.14,1493.6099,12,-1.6,747.8072,30.26,1.0073-1.0357,3.6415E2,55,14782,230609 Sample 39 D1_S1-G2_1_8196.d,1,1,P00355|G3P_PIG,,,PEAKS DB
DSSTLSRNIIE,43.11,1233.6201,11,-2.2,617.8129,17.01,0.9048-0.9333,3.469E2,55,8439,230609 Sample 39 D1_S1-G2_1_8196.d,1,1,tr|F1RX36|F1RX36_PIG,,,PEAKS DB
FPGPRFPPP,43.11,1010.5337,9,1.4,506.2722,21.22,0.7983-0.8270,0,55,10737,230609 Sample 39 D1_S1-G2_1_8196.d,0,0,P51524|PF11_PIG,,,PEAKS DB
EAPSLRPVAPPISAGGYQP,43.02,1905.9948,19,2.8,954.0024,24.16,1.1579-1.1861,2.613E2,55,12015,230609 Sample 39 D1_S1-G2_1_8196.d,1,1,tr|F1RX37|F1RX37_PIG,,,PEAKS DB
ELPDGQVITIGNE,42.85,1383.6881,13,-2.9,692.8458,26.39,0.9482-0.9766,2.5457E2,55,13102,230609 Sample 39 D1_S1-G2_1_8196.d,1,1,Q6QAQ1|ACTB_PIG,,,PEAKS DB
TSVKESEVAQQA,42.83,1275.6306,12,2.4,638.8209,6.95,0.9037-0.9322,1.265E3,55,2110,230609 Sample 39 D1_S1-G2_1_8196.d,1,1,P27917|APOC3_PIG,,,PEAKS DB
GKVGGQAGAHGAEALE,42.70,1450.7164,16,-1.1,726.3610,6.72,0.9664-0.9948,2.1473E2,55,2011,230609 Sample 39 D1_S1-G2_1_8196.d,1,1,P01965|HBA_PIG,,,PEAKS DB
DDPQSPWDRVKD,42.66,1456.6582,12,7.8,729.3384,14.73,0.9504-0.9789,4.629E2,55,7090,230609 Sample 39 D1_S1-G2_1_8196.d,1,1,P18648|APOA1_PIG,,,PEAKS DB
EDEADSEEGLDLKGGHVI,42.65,1911.8698,18,1.2,638.2947,19.10,0.9299-0.9584,0,55,9714,230609 Sample 39 D1_S1-G2_1_8196.d,0,0,tr|F1RX36|F1RX36_PIG,,,PEAKS DB
SGDGVTHTVPIYEG,42.56,1430.6677,14,1.6,716.3387,16.56,0.9561-0.9846,1.7976E2,55,8215,230609 Sample 39 D1_S1-G2_1_8196.d,1,1,Q6QAQ1|ACTB_PIG,,,PEAKS DB
TQEKNPLPSKETIEQE,42.51,1869.9319,16,-0.4,624.3145,11.06,0.7983-0.8270,0,55,4643,230609 Sample 39 D1_S1-G2_1_8196.d,0,0,Q95274|TYB4_PIG,,,PEAKS DB
VGGQAGAHGAEALERM(+15.99)FLGFPTT,42.50,2332.1270,23,0.9,778.3797,30.18,0.8968-0.9254,2.6431E3,55,14824,230609 Sample 39 D1_S1-G2_1_8196.d,2,2,P01965|HBA_PIG,Oxidation (M),M16:Oxidation (M):1000.00,PEAKS DB
HLDDLPGALSALSD,42.48,1422.6990,14,7.7,712.3586,30.56,0.9630-0.9914,1.3203E3,55,14916,230609 Sample 39 D1_S1-G2_1_8196.d,1,1,P01965|HBA_PIG,,,PEAKS DB
WGKVGGQAGAHGAEALE,42.44,1636.7957,17,2.9,546.6046,12.08,0.7225-0.7512,5.3659E2,55,5124,230609 Sample 39 D1_S1-G2_1_8196.d,1,1,P01965|HBA_PIG,,,PEAKS DB
DKGEFLAEGG,42.33,1021.4716,10,0.4,511.7407,14.09,0.8282-0.8568,2.2817E3,55,6636,230609 Sample 39 D1_S1-G2_1_8196.d,1,1,tr|F1RX36|F1RX36_PIG,,,PEAKS DB
AAWGKVGGQAGAHGAEALE,42.26,1778.8699,19,-7.0,593.9567,13.88,0.8041-0.8327,0,55,6560,230609 Sample 39 D1_S1-G2_1_8196.d,0,0,P01965|HBA_PIG,,,PEAKS DB
PGPRFPPP,42.24,863.4653,8,1.7,432.7385,13.94,0.7294-0.7581,3.07E3,55,6511,230609 Sample 39 D1_S1-G2_1_8196.d,3,3,P51524|PF11_PIG,,,PEAKS DB
IEAEDTSLLDKM(+15.99)QDYVKQAT,42.20,2313.1045,20,4.4,772.0416,19.26,0.9048-0.9333,0,55,9775,230609 Sample 39 D1_S1-G2_1_8196.d,0,0,P27917|APOC3_PIG,Oxidation (M),M12:Oxidation (M):1000.00,PEAKS DB
IPPGFPPRFPP,42.18,1220.6705,11,1.1,611.3401,31.10,0.8968-0.9254,1.0558E4,55,15414,230609 Sample 39 D1_S1-G2_1_8196.d,4,4,P80054|PR39_PIG,,,PEAKS DB
AAHHPDDFNPSVHASLDKFLANVSTVLTS,42.11,3089.5205,29,-1.6,773.3823,42.10,0.8820-0.9105,1.0816E3,55,23450,230609 Sample 39 D1_S1-G2_1_8196.d,1,1,P01965|HBA_PIG,,,PEAKS DB
VLSAADKANVKAAWGKVGGQAGA,42.09,2168.1702,23,-3.4,723.7245,15.73,0.9493-0.9778,5.7038E2,55,7701,230609 Sample 39 D1_S1-G2_1_8196.d,1,1,P01965|HBA_PIG,,,PEAKS DB
AWGKVGGQAGAHGAEALE,42.07,1707.8328,18,-1.2,570.2813,12.90,0.7915-0.8201,0,55,5647,230609 Sample 39 D1_S1-G2_1_8196.d,0,0,P01965|HBA_PIG,,,PEAKS DB
KVNVDEVGGEALG,42.00,1285.6514,13,2.8,643.8315,15.55,0.9162-0.9447,6.9631E2,55,7614,230609 Sample 39 D1_S1-G2_1_8196.d,1,1,P02067|HBB_PIG,,,PEAKS DB
TQEKNPLPSKETIEQEKQAGES,41.99,2470.2188,22,5.0,618.5619,9.67,0.8694-0.8980,1.43E3,55,3688,230609 Sample 39 D1_S1-G2_1_8196.d,1,1,Q95274|TYB4_PIG,,,PEAKS DB
TLAAHHPDDFNPSVHASLDKFLANVSTVLTS,41.97,3303.6523,31,0.0,826.9162,42.11,0.9368-0.9652,3.0578E3,55,23440,230609 Sample 39 D1_S1-G2_1_8196.d,1,1,P01965|HBA_PIG,,,PEAKS DB
YPWTQRFFESFGDLSNADAV,41.86,2349.0701,20,0.6,1175.5371,41.79,1.2873-1.3153,9.6689E2,55,22840,230609 Sample 39 D1_S1-G2_1_8196.d,1,1,P02067|HBB_PIG,,,PEAKS DB
DEDEDGRPKVHV,41.85,1394.6426,12,-2.3,465.8847,7.09,0.7604-0.7892,2.6136E3,55,2175,230609 Sample 39 D1_S1-G2_1_8196.d,1,1,tr|F1RX37|F1RX37_PIG,,,PEAKS DB
VLSAADKANVKAAWGKVGGQAGAHGAEALERM(+15.99)FLGFPT,41.83,3840.9731,38,-0.3,769.1978,41.84,1.0232-1.0516,1.8334E3,55,22967,230609 Sample 39 D1_S1-G2_1_8196.d,1,1,P01965|HBA_PIG,Oxidation (M),M32:Oxidation (M):1000.00,PEAKS DB
FPHFNLSHGSDQV,41.82,1483.6844,13,3.8,495.5681,20.05,0.7478-0.7765,0,55,10171,230609 Sample 39 D1_S1-G2_1_8196.d,0,0,P01965|HBA_PIG,,,PEAKS DB
DGVTHTVPI,41.70,937.4869,9,-4.5,469.7462,16.25,0.8029-0.8316,2.1915E2,55,7975,230609 Sample 39 D1_S1-G2_1_8196.d,1,1,Q6QAQ1|ACTB_PIG,,,PEAKS DB
GQAGAHGAEALE,41.63,1109.5101,12,-1.0,555.7590,6.90,0.8327-0.8614,1.1446E3,55,2066,230609 Sample 39 D1_S1-G2_1_8196.d,1,1,P01965|HBA_PIG,,,PEAKS DB
GGYQPRPAKVAIGQ,41.61,1440.7837,14,-1.1,481.2655,10.39,0.8018-0.8305,3.4021E2,55,4279,230609 Sample 39 D1_S1-G2_1_8196.d,1,1,tr|F1RX37|F1RX37_PIG,,,PEAKS DB
AEVQDKGEF,41.60,1021.4716,9,0.5,511.7408,9.09,0.8121-0.8408,1.0847E3,55,3342,230609 Sample 39 D1_S1-G2_1_8196.d,1,1,tr|F1RX36|F1RX36_PIG,,,PEAKS DB
EFDGKTHPG,41.59,986.4457,9,-0.4,494.2274,4.65,0.8121-0.8408,7.2231E2,55,619,230609 Sample 39 D1_S1-G2_1_8196.d,1,1,tr|F1RX36|F1RX36_PIG,,,PEAKS DB
SGVASVESASGEAFHVGKTPK,41.57,2044.0225,21,5.9,512.0133,14.42,0.8282-0.8568,0,55,6939,230609 Sample 39 D1_S1-G2_1_8196.d,0,0,P29700|FETUA_PIG,,,PEAKS DB
DEDGRPKVHVD,41.57,1265.6000,11,1.6,422.8725,5.51,0.7167-0.7455,1.4643E3,55,1295,230609 Sample 39 D1_S1-G2_1_8196.d,1,1,tr|F1RX37|F1RX37_PIG,,,PEAKS DB
EVQDKGEFL,41.50,1063.5186,9,-1.3,532.7632,16.04,0.8431-0.8717,3.3409E3,55,8015,230609 Sample 39 D1_S1-G2_1_8196.d,1,1,tr|F1RX36|F1RX36_PIG,,,PEAKS DB
EAPSLRPV,41.49,867.4814,8,0.5,434.7460,12.69,0.7650-0.7938,0,55,5517,230609 Sample 39 D1_S1-G2_1_8196.d,0,0,tr|F1RX37|F1RX37_PIG,,,PEAKS DB
FEALKEGGGSLAEYQA,41.47,1668.7994,16,-1.2,835.4018,19.95,1.0697-1.0980,0,55,10118,230609 Sample 39 D1_S1-G2_1_8196.d,0,0,P18648|APOA1_PIG,,,PEAKS DB
DSISSLKDYWST,41.44,1400.6460,12,-1.7,701.3256,27.34,0.9732-1.0017,3.6598E2,55,13486,230609 Sample 39 D1_S1-G2_1_8196.d,1,1,P27917|APOC3_PIG,,,PEAKS DB
VLSAADKANVKAAW,41.30,1442.7881,14,3.8,481.9360,14.95,0.7823-0.8110,0,55,7272,230609 Sample 39 D1_S1-G2_1_8196.d,0,0,P01965|HBA_PIG,,,PEAKS DB
SGSVSPGTKSEVHTS,41.30,1458.6951,15,-1.0,487.2360,4.61,0.7317-0.7604,6.7066E1,55,612,230609 Sample 39 D1_S1-G2_1_8196.d,1,1,tr|F1RX36|F1RX36_PIG,,,PEAKS DB
GGQAGAHGAEALERM(+15.99)FLGFPT,41.25,2132.0107,21,3.0,711.6760,30.25,0.9561-0.9846,3.7625E3,55,14625,230609 Sample 39 D1_S1-G2_1_8196.d,1,1,P01965|HBA_PIG,Oxidation (M),M15:Oxidation (M):1000.00,PEAKS DB
AKATAGGTAAAPVPPASAPKGAQAPTKAPQ,41.25,2682.4453,30,3.1,671.6172,9.34,0.9413-0.9698,2.5352E2,55,3513,230609 Sample 39 D1_S1-G2_1_8196.d,1,1,Q95281|RL29_PIG,,,PEAKS DB
DLSNADAVM(+15.99)GNPKVKAHG,41.15,1838.8944,18,-0.5,613.9687,7.85,0.8442-0.8728,1.9618E2,55,2649,230609 Sample 39 D1_S1-G2_1_8196.d,1,1,P02067|HBB_PIG,Oxidation (M),M9:Oxidation (M):1000.00,PEAKS DB
HFNLSHGSDQV,41.02,1239.5632,11,1.0,620.7864,10.81,0.8854-0.9139,0,55,4529,230609 Sample 39 D1_S1-G2_1_8196.d,0,0,P01965|HBA_PIG,,,PEAKS DB
EDGRPKV,40.97,799.4188,7,-1.8,400.7139,3.55,0.7202-0.7489,1.7214E3,55,203,230609 Sample 39 D1_S1-G2_1_8196.d,1,1,tr|F1RX37|F1RX37_PIG,,,PEAKS DB
AVGHLDDLPGALSA,40.93,1334.6830,14,0.6,668.3458,24.47,0.9504-0.9789,3.3232E2,55,12198,230609 Sample 39 D1_S1-G2_1_8196.d,1,1,P01965|HBA_PIG,,,PEAKS DB
FLAEGGGVR,40.88,904.4766,9,2.6,453.2445,11.40,0.7788-0.8075,1.0197E4,55,4709,230609 Sample 39 D1_S1-G2_1_8196.d,1,1,tr|F1RX36|F1RX36_PIG,,,PEAKS DB
FESFGDLSNAD,40.83,1200.4934,11,5.2,601.2540,24.94,0.8922-0.9208,0,55,12460,230609 Sample 39 D1_S1-G2_1_8196.d,0,0,P02067|HBB_PIG,,,PEAKS DB
GKVGGQAGAHGAEAL,40.83,1321.6738,15,0.9,661.8414,6.62,0.9835-1.0119,0,55,1979,230609 Sample 39 D1_S1-G2_1_8196.d,0,0,P01965|HBA_PIG,,,PEAKS DB
AEVQDKGEFL,40.72,1134.5557,10,3.1,568.2840,16.19,0.8694-0.8980,3.8696E2,55,7943,230609 Sample 39 D1_S1-G2_1_8196.d,1,1,tr|F1RX36|F1RX36_PIG,,,PEAKS DB
EEIPPADLSDQVPDTESETKILLQGTPVAQM(+15.99)VEDA,40.68,3780.8137,35,9.6,1261.2842,35.59,1.2255-1.2536,0,55,17710,230609 Sample 39 D1_S1-G2_1_8196.d,0,0,P01025|CO3_PIG,Oxidation (M),M31:Oxidation (M):1000.00,PEAKS DB
EEIPPADLSDQVPDTESETK,40.65,2199.0066,20,10.7,1100.5167,19.05,1.2131-1.2413,5.4556E1,55,9704,230609 Sample 39 D1_S1-G2_1_8196.d,1,1,P01025|CO3_PIG,,,PEAKS DB
LNDEDPVVVTKAA,40.57,1369.7089,13,-7.3,685.8532,14.96,0.9482-0.9766,4.2805E1,55,7294,230609 Sample 39 D1_S1-G2_1_8196.d,1,1,Q8WNW3|PLAK_PIG,,,PEAKS DB
RVDPVNF,40.56,845.4395,7,0.1,423.7249,16.20,0.7593-0.7880,4.5789E2,55,7918,230609 Sample 39 D1_S1-G2_1_8196.d,1,1,P01965|HBA_PIG,,,PEAKS DB
PPPNFPGPRFPPPNFPGP,40.54,1927.9733,18,-0.5,964.9885,31.72,1.1500-1.1782,1.9144E3,55,15494,230609 Sample 39 D1_S1-G2_1_8196.d,2,2,P51524|PF11_PIG,,,PEAKS DB
PPPGPPPPGPPPP,40.45,1199.6338,13,-1.6,600.8202,15.82,0.8900-0.9185,4.085E3,55,7875,230609 Sample 39 D1_S1-G2_1_8196.d,1,1,Q95JC9|PRP_PIG,,,PEAKS DB
TKTINREGGAVES,40.43,1360.6946,13,4.5,681.3542,4.59,0.9299-0.9584,0,55,618,230609 Sample 39 D1_S1-G2_1_8196.d,0,0,tr|F1RX36|F1RX36_PIG,,,PEAKS DB
DDPQSPWDRV,40.42,1213.5364,10,4.6,607.7751,20.59,0.8717-0.9002,1.5837E2,55,10417,230609 Sample 39 D1_S1-G2_1_8196.d,1,1,P18648|APOA1_PIG,,,PEAKS DB
ETPPEWKALLETRQV,40.35,1795.9468,15,1.2,599.6539,26.87,0.7972-0.8259,0,55,13325,230609 Sample 39 D1_S1-G2_1_8196.d,0,0,tr|F1RX36|F1RX36_PIG,,,PEAKS DB
PGPRFPPPNFPGPRFPPPNFPGP,40.34,2482.2698,23,-1.1,828.4254,31.84,0.9197-0.9482,0,55,15662,230609 Sample 39 D1_S1-G2_1_8196.d,0,0,P51524|PF11_PIG,,,PEAKS DB
DALTSVKE,40.33,861.4443,8,1.8,431.7280,10.25,0.7455-0.7742,2.3986E2,55,4188,230609 Sample 39 D1_S1-G2_1_8196.d,1,1,P27917|APOC3_PIG,,,PEAKS DB
SAGGYQPRPAKVAIGQ,40.24,1598.8528,16,-0.9,533.9550,10.73,0.8453-0.8740,1.4824E2,55,4465,230609 Sample 39 D1_S1-G2_1_8196.d,1,1,tr|F1RX37|F1RX37_PIG,,,PEAKS DB
SLDKFLANVSTVLT,40.19,1506.8293,14,2.3,754.4199,37.98,1.0482-1.0765,5.9312E2,55,19300,230609 Sample 39 D1_S1-G2_1_8196.d,1,1,P01965|HBA_PIG,,,PEAKS DB
IDYDEDEDGRPKVH,40.06,1686.7485,14,4.1,563.2562,7.82,0.8098-0.8385,2.6586E2,55,2638,230609 Sample 39 D1_S1-G2_1_8196.d,1,1,tr|F1RX37|F1RX37_PIG,,,PEAKS DB
SVKESEVAQQA,39.85,1174.5830,11,-0.1,588.2957,6.13,0.8614-0.8900,3.8894E2,55,1592,230609 Sample 39 D1_S1-G2_1_8196.d,1,1,P27917|APOC3_PIG,,,PEAKS DB
ATAGGTAAAPVPPASAPKGAQAPTKAPQ,39.84,2483.3132,28,3.3,828.7769,10.81,0.9675-0.9960,0,55,4528,230609 Sample 39 D1_S1-G2_1_8196.d,0,0,Q95281|RL29_PIG,,,PEAKS DB
DGLKHLD,39.83,796.4079,7,1.9,399.2100,5.98,0.7478-0.7765,0,55,1532,230609 Sample 39 D1_S1-G2_1_8196.d,0,0,P02067|HBB_PIG,,,PEAKS DB
RPVAPPISAGGY,39.74,1183.6349,12,1.0,592.8223,16.22,0.8797-0.9082,1.8463E2,55,8019,230609 Sample 39 D1_S1-G2_1_8196.d,1,1,tr|F1RX37|F1RX37_PIG,,,PEAKS DB
PPPNFPGPR,39.71,977.5082,9,-0.6,489.7586,13.00,0.8270-0.8557,1.8072E3,55,5613,230609 Sample 39 D1_S1-G2_1_8196.d,1,1,P51524|PF11_PIG,,,PEAKS DB
NLSHGSDQV,39.52,955.4359,9,-2.2,478.7218,5.64,0.7938-0.8224,1.8574E3,55,1265,230609 Sample 39 D1_S1-G2_1_8196.d,1,1,P01965|HBA_PIG,,,PEAKS DB
ETIEQEKQAGES,39.52,1347.6154,12,12.8,674.8202,5.28,0.9185-0.9470,0,55,1054,230609 Sample 39 D1_S1-G2_1_8196.d,0,0,Q95274|TYB4_PIG,,,PEAKS DB
DNIQGITKPA,39.49,1055.5610,10,4.1,528.7873,11.64,0.8305-0.8591,6.0409E2,55,4902,230609 Sample 39 D1_S1-G2_1_8196.d,1,1,P62802|H4_PIG,,,PEAKS DB
SSFLQEAQVPL,39.48,1217.6292,11,1.5,609.8197,33.12,0.9174-0.9459,1.6819E2,55,16322,230609 Sample 39 D1_S1-G2_1_8196.d,1,1,O97507|FA12_PIG,,,PEAKS DB
QAFPPPNVPGPRFPPPNFPGPR,39.45,2382.2385,22,4.2,795.0861,32.20,1.0527-1.0811,7.0791E2,55,15922,230609 Sample 39 D1_S1-G2_1_8196.d,2,2,P51524|PF11_PIG,,,PEAKS DB
DETSLSRDPFPDFFSPVL,39.40,2067.9788,18,8.3,1035.0000,42.37,1.1624-1.1906,0,55,24075,230609 Sample 39 D1_S1-G2_1_8196.d,0,0,tr|F1RX36|F1RX36_PIG,,,PEAKS DB
NPVKGSPGAPSFAAGPPISEG,39.23,1935.9690,21,-2.8,968.9842,19.93,1.1523-1.1805,0,55,10116,230609 Sample 39 D1_S1-G2_1_8196.d,0,0,O19084|CDSN_PIG,,,PEAKS DB
DAIKDSGRDYVAQ,39.17,1436.6896,13,1.3,719.3494,9.06,0.9664-0.9948,1.7055E2,55,3371,230609 Sample 39 D1_S1-G2_1_8196.d,1,1,P18648|APOA1_PIG,,,PEAKS DB
EVQDKGEFLAEG,39.14,1320.6198,12,-2.0,661.3125,14.93,0.9356-0.9641,4.9591E2,55,7208,230609 Sample 39 D1_S1-G2_1_8196.d,1,1,tr|F1RX36|F1RX36_PIG,,,PEAKS DB
AIDYDEDEDGRPKV,38.95,1620.7267,14,-0.3,541.2466,11.65,0.7892-0.8178,2.1181E2,55,4920,230609 Sample 39 D1_S1-G2_1_8196.d,1,1,tr|F1RX37|F1RX37_PIG,,,PEAKS DB
KVLPVPQ,38.89,779.4905,7,-0.2,390.7505,13.13,0.7294-0.7581,8.3562E2,55,5742,230609 Sample 39 D1_S1-G2_1_8196.d,1,1,P39037|CASB_PIG,,,PEAKS DB
LGEAYEGAKDM(+15.99),38.85,1198.5176,11,6.2,600.2667,7.96,0.8774-0.9060,0,55,2738,230609 Sample 39 D1_S1-G2_1_8196.d,0,0,P0DSO0|SAA2_PIG,Oxidation (M),M11:Oxidation (M):1000.00,PEAKS DB
NELRVAPEEHPV,38.72,1388.7048,12,6.7,463.9096,11.68,0.8282-0.8568,2.0846E2,55,4930,230609 Sample 39 D1_S1-G2_1_8196.d,1,1,Q6QAQ1|ACTB_PIG,,,PEAKS DB
SLEDKTEKELFESYIEG,38.71,2015.9575,17,-7.8,672.9844,28.09,0.8293-0.8579,7.2672E2,55,13788,230609 Sample 39 D1_S1-G2_1_8196.d,1,1,Q19AZ8|THRB_PIG,,,PEAKS DB
DGQVINETSQHHDDLE,38.66,1835.7922,16,-2.5,612.9334,10.46,0.7926-0.8213,0,55,4328,230609 Sample 39 D1_S1-G2_1_8196.d,0,0,P02543|VIME_PIG,,,PEAKS DB
EVVGGSSDSYLVPGM(+15.99)T,38.62,1612.7290,16,3.6,807.3706,22.46,1.0425-1.0709,1.0834E2,55,11220,230609 Sample 39 D1_S1-G2_1_8196.d,1,1,O19084|CDSN_PIG,Oxidation (M),M15:Oxidation (M):1000.00,PEAKS DB
GDTTPSNPDWGTF,38.55,1393.5786,13,-7.1,697.7881,26.67,0.9561-0.9846,0,55,13248,230609 Sample 39 D1_S1-G2_1_8196.d,0,0,tr|F1RX36|F1RX36_PIG,,,PEAKS DB
EVVGGSSDSYLVPG,38.47,1364.6460,14,0.6,683.3272,23.13,0.9823-1.0107,2.0734E2,55,11485,230609 Sample 39 D1_S1-G2_1_8196.d,1,1,O19084|CDSN_PIG,,,PEAKS DB
TSVKESEVAQ,38.46,1076.5349,10,-3.6,539.2701,5.32,0.8305-0.8591,2.0238E2,55,1086,230609 Sample 39 D1_S1-G2_1_8196.d,1,1,P27917|APOC3_PIG,,,PEAKS DB
DITPADFK,38.24,905.4494,8,2.2,453.7307,16.76,0.7604-0.7892,0,55,8339,230609 Sample 39 D1_S1-G2_1_8196.d,0,0,tr|F1RX36|F1RX36_PIG,,,PEAKS DB
EVSGSVSPGTKSEVHT,38.15,1599.7740,16,5.8,534.2657,7.02,0.7742-0.8029,1.2996E3,55,2148,230609 Sample 39 D1_S1-G2_1_8196.d,1,1,tr|F1RX36|F1RX36_PIG,,,PEAKS DB
DSSTLSRNIIEL,38.04,1346.7041,12,0.8,674.3564,28.39,0.9584-0.9869,1.6597E3,55,13890,230609 Sample 39 D1_S1-G2_1_8196.d,1,1,tr|F1RX36|F1RX36_PIG,,,PEAKS DB
EVSGSVSPGTKSEVHTSKLVTS,37.92,2215.1331,22,-6.4,554.7842,9.43,0.8637-0.8922,4.4364E2,55,3592,230609 Sample 39 D1_S1-G2_1_8196.d,1,1,tr|F1RX36|F1RX36_PIG,,,PEAKS DB
DNENVINEF,37.87,1092.4723,9,-1.3,547.2399,26.50,0.8327-0.8614,6.7514E2,55,13124,230609 Sample 39 D1_S1-G2_1_8196.d,1,1,tr|F1RX37|F1RX37_PIG,,,PEAKS DB
LANVSTVLTSKYR,37.82,1450.8143,13,-0.5,484.6093,17.39,0.7811-0.8098,0,55,8657,230609 Sample 39 D1_S1-G2_1_8196.d,0,0,P01965|HBA_PIG,,,PEAKS DB
EEQEYIKT,37.79,1038.4869,8,6.3,520.2514,9.76,0.8282-0.8568,0,55,3772,230609 Sample 39 D1_S1-G2_1_8196.d,0,0,P19619|ANXA1_PIG,,,PEAKS DB
AAHHPDDFNPSVH,37.78,1442.6327,13,4.4,481.8845,7.19,0.7903-0.8190,0,55,2267,230609 Sample 39 D1_S1-G2_1_8196.d,0,0,P01965|HBA_PIG,,,PEAKS DB
GGQAGAHGAEAL,37.67,1037.4890,12,-0.8,519.7487,6.93,0.8110-0.8396,3.0139E3,55,2058,230609 Sample 39 D1_S1-G2_1_8196.d,1,1,P01965|HBA_PIG,,,PEAKS DB
TETQEKNPLPSKETIEQE,37.55,2100.0222,18,-2.7,701.0092,11.61,0.8488-0.8774,1.4387E2,55,4918,230609 Sample 39 D1_S1-G2_1_8196.d,1,1,Q95274|TYB4_PIG,,,PEAKS DB
DDFQPFFNEKTFGAGEAD,37.42,2033.8643,18,-0.3,1017.9340,31.55,1.1647-1.1929,1.6083E2,55,15501,230609 Sample 39 D1_S1-G2_1_8196.d,1,1,Q19AZ8|THRB_PIG,,,PEAKS DB
EDTSLLDKM(+15.99)QDYVKQ,37.39,1827.8560,15,4.7,610.2924,14.44,0.7983-0.8270,0,55,6956,230609 Sample 39 D1_S1-G2_1_8196.d,0,0,P27917|APOC3_PIG,Oxidation (M),M9:Oxidation (M):1000.00,PEAKS DB
HHPDDFNPSVHASLDKFLANVSTVLT,37.24,2860.4143,26,0.5,954.4744,42.06,1.0595-1.0879,0,55,23409,230609 Sample 39 D1_S1-G2_1_8196.d,0,0,P01965|HBA_PIG,,,PEAKS DB
TLPEGTEDTVKEDAAN,37.22,1688.7740,16,6.1,845.3951,11.56,1.0550-1.0833,0,55,4885,230609 Sample 39 D1_S1-G2_1_8196.d,0,0,P20305|GELS_PIG,,,PEAKS DB
DDAPRAVFPSIVG,37.20,1342.6881,13,-1.7,672.3468,28.80,0.9231-0.9516,2.0259E2,55,14122,230609 Sample 39 D1_S1-G2_1_8196.d,1,1,Q6QAQ1|ACTB_PIG,,,PEAKS DB
VGHLDDLPG,37.17,921.4556,9,-0.1,461.7327,14.86,0.7846-0.8133,2.6856E2,55,7168,230609 Sample 39 D1_S1-G2_1_8196.d,1,1,P01965|HBA_PIG,,,PEAKS DB
AGVANALAH,37.06,822.4348,9,4.2,412.2243,9.80,0.7650-0.7938,0,55,3789,230609 Sample 39 D1_S1-G2_1_8196.d,0,0,P02067|HBB_PIG,,,PEAKS DB
EDEDGRPKVH,37.05,1180.5472,10,-4.7,394.5192,3.51,0.6983-0.7271,0,55,200,230609 Sample 39 D1_S1-G2_1_8196.d,0,0,tr|F1RX37|F1RX37_PIG,,,PEAKS DB
DEGNSILK,36.97,874.4396,8,-0.9,438.2245,10.63,0.7834-0.8121,0,55,4407,230609 Sample 39 D1_S1-G2_1_8196.d,0,0,Q9GLP1|FA5_PIG,,,PEAKS DB
TITKTINREGGAVESKS,36.85,1789.9534,17,1.8,597.6564,6.85,0.8018-0.8305,6.9664E2,55,2056,230609 Sample 39 D1_S1-G2_1_8196.d,1,1,tr|F1RX36|F1RX36_PIG,,,PEAKS DB
DYEEVKNLQ,36.62,1136.5349,9,2.8,569.2734,12.98,0.8637-0.8922,0,55,5701,230609 Sample 39 D1_S1-G2_1_8196.d,0,0,Q3BDI7|DSG1_PIG,,,PEAKS DB
VLSAADKANVKAAWGKVGGQAGAHGAEALE,36.62,2875.4939,30,-0.2,719.8770,17.80,0.9197-0.9482,8.3581E2,55,8883,230609 Sample 39 D1_S1-G2_1_8196.d,1,1,P01965|HBA_PIG,,,PEAKS DB
DKM(+15.99)QDYVKQ,36.61,1169.5387,9,5.4,585.7768,4.77,0.8602-0.8888,2.407E2,55,779,230609 Sample 39 D1_S1-G2_1_8196.d,1,1,P27917|APOC3_PIG,Oxidation (M),M3:Oxidation (M):1000.00,PEAKS DB
GPPPPGPPPP,36.56,908.4755,10,-8.5,455.2389,11.62,0.7604-0.7892,0,55,4915,230609 Sample 39 D1_S1-G2_1_8196.d,0,0,Q95JC9|PRP_PIG,,,PEAKS DB
TLSRNIIEL,36.55,1057.6132,9,-2.1,529.8101,24.39,0.8568-0.8854,1.8385E2,55,12127,230609 Sample 39 D1_S1-G2_1_8196.d,1,1,tr|F1RX36|F1RX36_PIG,,,PEAKS DB
TETQEKNPLPSKETIEQEKQAGES,36.37,2700.3088,24,6.1,676.0852,10.03,0.9002-0.9288,0,55,4091,230609 Sample 39 D1_S1-G2_1_8196.d,0,0,Q95274|TYB4_PIG,,,PEAKS DB
IDQDARDL,36.35,944.4563,8,1.6,473.2338,9.57,0.8075-0.8362,7.4201E2,55,3621,230609 Sample 39 D1_S1-G2_1_8196.d,1,1,P19620|ANXA2_PIG,,,PEAKS DB
VDAIKDSGRDY,36.31,1237.5939,11,2.9,413.5377,7.92,0.7098-0.7386,0,55,2718,230609 Sample 39 D1_S1-G2_1_8196.d,0,0,P18648|APOA1_PIG,,,PEAKS DB
EAYEGAKDM(+15.99)L,36.07,1141.4961,10,5.3,571.7554,10.58,0.8602-0.8888,1.3458E2,55,4394,230609 Sample 39 D1_S1-G2_1_8196.d,1,1,P0DSO0|SAA2_PIG,Oxidation (M),M9:Oxidation (M):1000.00,PEAKS DB
FPPPNFPGPPFPPP,36.03,1503.7550,14,6.5,752.8859,38.24,1.0039-1.0323,0,55,19600,230609 Sample 39 D1_S1-G2_1_8196.d,0,0,P51524|PF11_PIG,,,PEAKS DB
TDSISSLKDYWST,35.99,1501.6936,13,3.5,751.8529,26.39,1.0028-1.0312,2.5531E2,55,13165,230609 Sample 39 D1_S1-G2_1_8196.d,1,1,P27917|APOC3_PIG,,,PEAKS DB
HPDDFNPSV,35.96,1026.4407,9,6.5,514.2283,13.45,0.8018-0.8305,0,55,6201,230609 Sample 39 D1_S1-G2_1_8196.d,0,0,P01965|HBA_PIG,,,PEAKS DB
GVSSPFLAEVLSE,35.90,1333.6765,13,-7.2,667.8373,12.97,0.9368-0.9652,6.4284E4,55,5809,230609 Sample 39 D1_S1-G2_1_8196.d,1,1,Q8HY46|CPT1B_PIG,,,PEAKS DB
ETPPEWK,35.85,885.4232,7,7.3,443.7198,10.58,0.7949-0.8236,0,55,4388,230609 Sample 39 D1_S1-G2_1_8196.d,0,0,tr|F1RX36|F1RX36_PIG,,,PEAKS DB
HSEHLEHGSSST,35.83,1306.5538,12,6.0,654.2848,8.67,0.9174-0.9459,0,55,3164,230609 Sample 39 D1_S1-G2_1_8196.d,0,0,tr|F1RX36|F1RX36_PIG,,,PEAKS DB
AIDEASKKLNAQ,35.77,1286.6830,12,-10.6,644.3387,6.52,0.9470-0.9755,0,55,1895,230609 Sample 39 D1_S1-G2_1_8196.d,0,0,P18648|APOA1_PIG,,,PEAKS DB
AHHPDDFNPSVHASLDKFLANVSTVLTS,35.77,3018.4834,28,-2.6,1007.1607,42.11,1.0890-1.1173,6.2419E2,55,23477,230609 Sample 39 D1_S1-G2_1_8196.d,1,1,P01965|HBA_PIG,,,PEAKS DB
DETSLSRDPFPDFFSP,35.76,1855.8264,16,2.6,928.9182,39.24,1.1184-1.1466,2.3587E1,55,20441,230609 Sample 39 D1_S1-G2_1_8196.d,1,1,tr|F1RX36|F1RX36_PIG,,,PEAKS DB
SGSLRPDSSGPGDTTPSNPDWGT,35.71,2286.9988,23,4.0,1144.5055,16.18,1.2143-1.2424,0,55,7955,230609 Sample 39 D1_S1-G2_1_8196.d,0,0,tr|F1RX36|F1RX36_PIG,,,PEAKS DB
DTTPSNPDWGTFKEVSGSVSPGT,35.69,2365.0710,23,8.5,1183.5469,26.07,1.2176-1.2458,0,55,12972,230609 Sample 39 D1_S1-G2_1_8196.d,0,0,tr|F1RX36|F1RX36_PIG,,,PEAKS DB
EDGRPKVHVD,35.65,1150.5730,10,1.2,384.5301,6.21,0.6833-0.7121,6.6917E3,55,1597,230609 Sample 39 D1_S1-G2_1_8196.d,1,1,tr|F1RX37|F1RX37_PIG,,,PEAKS DB
SAADKANVKAAWGK,35.58,1415.7521,14,6.4,472.9253,7.34,0.7662-0.7949,0,55,2344,230609 Sample 39 D1_S1-G2_1_8196.d,0,0,P01965|HBA_PIG,,,PEAKS DB
SLDKFLANVST,35.57,1193.6292,11,-2.2,597.8175,25.10,0.8922-0.9208,4.0573E1,55,12534,230609 Sample 39 D1_S1-G2_1_8196.d,1,1,P01965|HBA_PIG,,,PEAKS DB
AGTPPSEQLPPF,35.56,1239.6135,12,-7.6,620.8062,23.29,0.8740-0.9025,1.4743E3,55,11450,230609 Sample 39 D1_S1-G2_1_8196.d,1,1,Q6R2V0|WNK1_PIG,,,PEAKS DB
