Peptide,-10lgP,Mass,Length,ppm,m/z,Z,RT,1/k0 Range,Area,Fraction,Precursor Id,Source File,Accession,PTM,AScore,Found By
ISWYDNEFGYSNRVVDL,109.49,2075.9587,17,1.3,1038.9847,2,42.55,1.1841-1.2122,0,41,4910,230302  30SPD Sample 29_S1-C11_1_7762.d,P00355|G3P_PIG,,,PEAKS DB
DVAPLSLGLETAGGVM(+15.99),107.86,1544.7756,16,1.8,773.3940,2,38.79,1.0007-1.0291,8.319E2,41,4152,230302  30SPD Sample 29_S1-C11_1_7762.d,P34930|HS71A_PIG:Q6S4N2|HS71B_PIG,Oxidation (M),M16:Oxidation (M):1000.00,PEAKS DB
DVAPLSLGLETAGGVM(+15.99),94.74,1544.7756,16,1.8,773.3940,2,38.79,1.0007-1.0291,8.319E2,41,4149,230302  30SPD Sample 29_S1-C11_1_7762.d,P34930|HS71A_PIG:Q6S4N2|HS71B_PIG,Oxidation (M),M16:Oxidation (M):1000.00,PEAKS DB
M(+15.99)QIFVKTLTGKTITL,104.55,1708.9797,15,1.4,855.4957,2,42.53,1.1288-1.1570,4.2582E3,41,4806,230302  30SPD Sample 29_S1-C11_1_7762.d,P63053|RL40_PIG:P0CG68|UBC_PIG,Oxidation (M),M1:Oxidation (M):1000.00,PEAKS DB
M(+15.99)QIFVKTLTGKTITL,86.41,1708.9797,15,6.2,570.6689,3,42.53,0.8762-0.9048,8.9689E2,41,4835,230302  30SPD Sample 29_S1-C11_1_7762.d,P63053|RL40_PIG:P0CG68|UBC_PIG,Oxidation (M),M1:Oxidation (M):1000.00,PEAKS DB
LNETGDEPFQYKN,101.77,1553.6997,13,3.1,777.8571,2,28.41,0.9927-1.0212,3.8858E3,41,2051,230302  30SPD Sample 29_S1-C11_1_7762.d,P46410|GLNA_PIG,,,PEAKS DB
LNETGDEPFQYKN,100.25,1553.6997,13,1.7,777.8560,2,17.94,0.9893-1.0177,4.2051E3,41,1228,230302  30SPD Sample 29_S1-C11_1_7762.d,P46410|GLNA_PIG,,,PEAKS DB
LNETGDEPFQYKN,98.40,1553.6997,13,1.7,777.8560,2,17.94,0.9882-1.0166,4.2051E3,41,1201,230302  30SPD Sample 29_S1-C11_1_7762.d,P46410|GLNA_PIG,,,PEAKS DB
LNETGDEPFQYKN,95.89,1553.6997,13,1.6,777.8559,2,28.86,0.9916-1.0200,6.5832E3,41,2092,230302  30SPD Sample 29_S1-C11_1_7762.d,P46410|GLNA_PIG,,,PEAKS DB
LNETGDEPFQYKN,82.10,1553.6997,13,3.1,777.8571,2,28.41,0.9927-1.0212,3.8858E3,41,2019,230302  30SPD Sample 29_S1-C11_1_7762.d,P46410|GLNA_PIG,,,PEAKS DB
LNETGDEPFQYKN,81.97,1553.6997,13,1.7,777.8560,2,17.94,0.9904-1.0189,4.2051E3,41,1249,230302  30SPD Sample 29_S1-C11_1_7762.d,P46410|GLNA_PIG,,,PEAKS DB
LNETGDEPFQYKN,81.26,1553.6997,13,3.1,777.8571,2,28.41,0.9790-1.0075,3.8858E3,41,2063,230302  30SPD Sample 29_S1-C11_1_7762.d,P46410|GLNA_PIG,,,PEAKS DB
LNETGDEPFQYKN,80.37,1553.6997,13,1.6,777.8559,2,28.86,0.9904-1.0189,6.5832E3,41,2180,230302  30SPD Sample 29_S1-C11_1_7762.d,P46410|GLNA_PIG,,,PEAKS DB
LNETGDEPFQYKN,77.71,1553.6997,13,1.7,777.8560,2,17.94,0.9768-1.0052,4.2051E3,41,1211,230302  30SPD Sample 29_S1-C11_1_7762.d,P46410|GLNA_PIG,,,PEAKS DB
LNETGDEPFQYKN,76.75,1553.6997,13,1.4,777.8558,2,18.98,0.9904-1.0189,6.4848E2,41,1278,230302  30SPD Sample 29_S1-C11_1_7762.d,P46410|GLNA_PIG,,,PEAKS DB
DVAPLSLGLETAGGVM(+15.99)T,99.64,1645.8232,17,1.7,823.9177,2,38.75,1.0291-1.0575,3.7653E2,41,4146,230302  30SPD Sample 29_S1-C11_1_7762.d,P34930|HS71A_PIG:Q6S4N2|HS71B_PIG,Oxidation (M),M16:Oxidation (M):1000.00,PEAKS DB
AGGHKLGLGLEFQA,99.64,1396.7462,14,1.6,699.3793,2,42.47,0.9984-1.0268,1.0756E3,41,4676,230302  30SPD Sample 29_S1-C11_1_7762.d,Q9MZ16|VDAC1_PIG,,,PEAKS DB
ALTNGIYPHKLVF,98.19,1471.8187,13,-0.1,736.9142,2,42.53,1.0552-1.0836,8.1491E2,41,4815,230302  30SPD Sample 29_S1-C11_1_7762.d,Q2YGT9|RL6_PIG,,,PEAKS DB
ALTNGIYPHKLVF,87.72,1471.8187,13,-0.1,736.9142,2,42.53,1.0552-1.0836,8.1491E2,41,4859,230302  30SPD Sample 29_S1-C11_1_7762.d,Q2YGT9|RL6_PIG,,,PEAKS DB
YDNEFGYSNRVVDL,95.55,1689.7634,14,1.0,845.8871,2,35.86,1.0518-1.0802,7.1492E2,41,3795,230302  30SPD Sample 29_S1-C11_1_7762.d,P00355|G3P_PIG,,,PEAKS DB
VTYVPVTTFKNLQTVNVDEN,93.37,2280.1638,20,3.7,1141.0898,2,36.37,1.2403-1.2683,6.228E2,41,3916,230302  30SPD Sample 29_S1-C11_1_7762.d,P62901|RL31_PIG,,,PEAKS DB
VTYVPVTTFKNLQTVNVDEN,70.35,2280.1638,20,-3.0,1141.0822,2,36.20,1.2526-1.2806,1.5726E2,41,3891,230302  30SPD Sample 29_S1-C11_1_7762.d,P62901|RL31_PIG,,,PEAKS DB
VTYVPVTTFKNLQTVNVDEN,59.58,2280.1638,20,4.8,1141.0911,2,36.19,1.2358-1.2638,0,41,3902,230302  30SPD Sample 29_S1-C11_1_7762.d,P62901|RL31_PIG,,,PEAKS DB
EDTSLLDKM(+15.99)QDYVKQAT,93.36,1999.9408,17,3.6,667.6545,3,31.51,0.8326-0.8613,2.3781E2,41,2701,230302  30SPD Sample 29_S1-C11_1_7762.d,P27917|APOC3_PIG,Oxidation (M),M9:Oxidation (M):1000.00,PEAKS DB
EDTSLLDKM(+15.99)QDYVKQAT,46.94,1999.9408,17,14.0,667.6614,3,31.40,0.8280-0.8567,0,41,2697,230302  30SPD Sample 29_S1-C11_1_7762.d,P27917|APOC3_PIG,Oxidation (M),M9:Oxidation (M):1000.00,PEAKS DB
EVQDKGEFLAEGGGV,92.85,1533.7311,15,1.7,767.8717,2,22.15,1.0041-1.0325,1.2238E3,41,1638,230302  30SPD Sample 29_S1-C11_1_7762.d,tr|F1RX36|F1RX36_PIG,,,PEAKS DB
EVQDKGEFLAEGGGV,91.64,1533.7311,15,1.7,767.8717,2,22.15,0.9711-0.9995,1.2238E3,41,1637,230302  30SPD Sample 29_S1-C11_1_7762.d,tr|F1RX36|F1RX36_PIG,,,PEAKS DB
EVQDKGEFLAEGGGV,86.25,1533.7311,15,1.9,767.8718,2,31.62,0.9995-1.0280,1.6771E4,41,2703,230302  30SPD Sample 29_S1-C11_1_7762.d,tr|F1RX36|F1RX36_PIG,,,PEAKS DB
EVQDKGEFLAEGGGV,75.54,1533.7311,15,1.7,767.8717,2,22.15,1.0041-1.0325,1.2238E3,41,1635,230302  30SPD Sample 29_S1-C11_1_7762.d,tr|F1RX36|F1RX36_PIG,,,PEAKS DB
EVQDKGEFLAEGGGV,75.52,1533.7311,15,1.9,767.8718,2,31.62,1.0052-1.0337,1.6771E4,41,2845,230302  30SPD Sample 29_S1-C11_1_7762.d,tr|F1RX36|F1RX36_PIG,,,PEAKS DB
EVQDKGEFLAEGGGV,58.22,1533.7311,15,1.9,767.8718,2,31.62,1.0007-1.0291,1.6771E4,41,2669,230302  30SPD Sample 29_S1-C11_1_7762.d,tr|F1RX36|F1RX36_PIG,,,PEAKS DB
EVQDKGEFLAEGGGV,54.87,1533.7311,15,1.9,767.8718,2,31.62,0.9802-1.0086,1.6771E4,41,2736,230302  30SPD Sample 29_S1-C11_1_7762.d,tr|F1RX36|F1RX36_PIG,,,PEAKS DB
RFQSAAIGALQEASEA,92.77,1647.8215,16,4.3,824.9190,2,33.91,1.0405-1.0688,2.6277E3,41,3411,230302  30SPD Sample 29_S1-C11_1_7762.d,Q71LE2|H33_PIG,,,PEAKS DB
RFQSAAIGALQEASEA,81.67,1647.8215,16,4.3,824.9190,2,33.91,1.0098-1.0382,2.6277E3,41,3408,230302  30SPD Sample 29_S1-C11_1_7762.d,Q71LE2|H33_PIG,,,PEAKS DB
RFQSAAIGALQEASEA,80.07,1647.8215,16,4.3,824.9190,2,33.91,1.0439-1.0722,2.6277E3,41,3388,230302  30SPD Sample 29_S1-C11_1_7762.d,Q71LE2|H33_PIG,,,PEAKS DB
RFQSAAIGALQEASEA,72.30,1647.8215,16,4.3,824.9190,2,33.91,1.0280-1.0564,2.6277E3,41,3405,230302  30SPD Sample 29_S1-C11_1_7762.d,Q71LE2|H33_PIG,,,PEAKS DB
RFQSAAIGALQEASEA,70.68,1647.8215,16,-2.5,824.9134,2,33.74,1.0280-1.0564,2.6995E2,41,3368,230302  30SPD Sample 29_S1-C11_1_7762.d,Q71LE2|H33_PIG,,,PEAKS DB
LNETGDEPFQYK,92.12,1439.6569,12,2.1,720.8350,2,29.54,1.0018-1.0302,1.5345E3,41,2216,230302  30SPD Sample 29_S1-C11_1_7762.d,P46410|GLNA_PIG,,,PEAKS DB
LNETGDEPFQYK,90.54,1439.6569,12,1.4,720.8344,2,29.83,0.9562-0.9847,5.4834E3,41,2260,230302  30SPD Sample 29_S1-C11_1_7762.d,P46410|GLNA_PIG,,,PEAKS DB
LNETGDEPFQYK,89.10,1439.6569,12,1.4,720.8344,2,29.83,1.0030-1.0314,5.4834E3,41,2262,230302  30SPD Sample 29_S1-C11_1_7762.d,P46410|GLNA_PIG,,,PEAKS DB
LNETGDEPFQYK,88.54,1439.6569,12,2.1,720.8350,2,29.54,1.0018-1.0302,1.5345E3,41,2214,230302  30SPD Sample 29_S1-C11_1_7762.d,P46410|GLNA_PIG,,,PEAKS DB
LNETGDEPFQYK,86.44,1439.6569,12,1.4,720.8344,2,18.71,1.0030-1.0314,1.4023E3,41,1254,230302  30SPD Sample 29_S1-C11_1_7762.d,P46410|GLNA_PIG,,,PEAKS DB
LNETGDEPFQYK,82.32,1439.6569,12,1.4,720.8344,2,29.83,1.0030-1.0314,5.4834E3,41,2332,230302  30SPD Sample 29_S1-C11_1_7762.d,P46410|GLNA_PIG,,,PEAKS DB
LNETGDEPFQYK,76.13,1439.6569,12,2.1,720.8350,2,29.54,0.9790-1.0075,1.5345E3,41,2249,230302  30SPD Sample 29_S1-C11_1_7762.d,P46410|GLNA_PIG,,,PEAKS DB
LNETGDEPFQYK,74.10,1439.6569,12,1.4,720.8344,2,18.71,0.9870-1.0155,1.4023E3,41,1264,230302  30SPD Sample 29_S1-C11_1_7762.d,P46410|GLNA_PIG,,,PEAKS DB
LNETGDEPFQYK,73.72,1439.6569,12,1.4,720.8344,2,29.56,0.9756-1.0041,1.5598E2,41,2246,230302  30SPD Sample 29_S1-C11_1_7762.d,P46410|GLNA_PIG,,,PEAKS DB
ISWYDNEFGYSN,88.19,1493.6099,12,2.6,747.8118,2,35.54,0.9859-1.0143,3.7987E2,41,3766,230302  30SPD Sample 29_S1-C11_1_7762.d,P00355|G3P_PIG,,,PEAKS DB
FQINQDEEEEEDED,83.94,1767.6594,14,3.4,884.8372,2,18.04,1.0234-1.0518,3.389E2,41,1222,230302  30SPD Sample 29_S1-C11_1_7762.d,P67985|RL22_PIG,,,PEAKS DB
FQINQDEEEEEDED,78.28,1767.6594,14,2.1,884.8361,2,18.01,1.0393-1.0677,2.8803E2,41,1224,230302  30SPD Sample 29_S1-C11_1_7762.d,P67985|RL22_PIG,,,PEAKS DB
DKGEFLAEGGGV,82.22,1177.5615,12,2.7,589.7878,2,31.12,0.8682-0.8968,1.1275E4,41,2545,230302  30SPD Sample 29_S1-C11_1_7762.d,tr|F1RX36|F1RX36_PIG,,,PEAKS DB
DKGEFLAEGGGV,80.73,1177.5615,12,2.7,589.7878,2,31.12,0.8682-0.8968,1.1275E4,41,2678,230302  30SPD Sample 29_S1-C11_1_7762.d,tr|F1RX36|F1RX36_PIG,,,PEAKS DB
DKGEFLAEGGGV,74.42,1177.5615,12,2.7,589.7878,2,31.12,0.8659-0.8945,1.1275E4,41,2507,230302  30SPD Sample 29_S1-C11_1_7762.d,tr|F1RX36|F1RX36_PIG,,,PEAKS DB
DKGEFLAEGGGV,73.36,1177.5615,12,2.9,589.7879,2,22.22,0.8601-0.8888,2.6391E3,41,1624,230302  30SPD Sample 29_S1-C11_1_7762.d,tr|F1RX36|F1RX36_PIG,,,PEAKS DB
DKGEFLAEGGGV,73.34,1177.5615,12,2.9,589.7879,2,22.22,0.8624-0.8911,2.6391E3,41,1657,230302  30SPD Sample 29_S1-C11_1_7762.d,tr|F1RX36|F1RX36_PIG,,,PEAKS DB
LVSNLNPERVTPQSL,81.12,1665.9049,15,0.8,833.9578,2,33.57,1.0280-1.0564,2.4828E2,41,3314,230302  30SPD Sample 29_S1-C11_1_7762.d,Q29099|PTBP1_PIG,,,PEAKS DB
RFQSAAIGALQEASE,79.59,1576.7844,15,-3.1,789.3945,2,32.70,1.0143-1.0427,8.5003E1,41,3110,230302  30SPD Sample 29_S1-C11_1_7762.d,Q71LE2|H33_PIG,,,PEAKS DB
VPPVQVSPLIKLGRYSAL,77.41,1936.1509,18,0.5,646.3892,3,42.55,0.9391-0.9676,0,41,4944,230302  30SPD Sample 29_S1-C11_1_7762.d,Q9MYT8|ATP5I_PIG,,,PEAKS DB
AIDYDEDEDGRPKVHVDA,76.68,2042.9181,18,2.5,681.9795,3,32.62,0.8773-0.9060,6.273E2,41,3066,230302  30SPD Sample 29_S1-C11_1_7762.d,tr|F1RX37|F1RX37_PIG,,,PEAKS DB
AIDYDEDEDGRPKVHVDA,58.11,2042.9181,18,2.5,681.9795,3,32.62,0.8773-0.9060,6.273E2,41,3074,230302  30SPD Sample 29_S1-C11_1_7762.d,tr|F1RX37|F1RX37_PIG,,,PEAKS DB
AIDYDEDEDGRPKVHVDA,55.46,2042.9181,18,8.8,681.9838,3,40.31,0.8659-0.8945,0,41,4302,230302  30SPD Sample 29_S1-C11_1_7762.d,tr|F1RX37|F1RX37_PIG,,,PEAKS DB
GFGDLKSPAGLQVLND,76.49,1629.8362,16,1.6,815.9241,2,37.25,1.0371-1.0654,1.9155E3,41,4000,230302  30SPD Sample 29_S1-C11_1_7762.d,P29412|EF1B_PIG,,,PEAKS DB
AKADGIVSKNF,76.37,1148.6189,11,2.4,575.3163,2,32.43,0.8659-0.8945,7.0513E2,41,3027,230302  30SPD Sample 29_S1-C11_1_7762.d,P63221|RS21_PIG,,,PEAKS DB
AKADGIVSKNF,73.78,1148.6189,11,2.4,575.3163,2,32.43,0.8693-0.8980,7.0513E2,41,3008,230302  30SPD Sample 29_S1-C11_1_7762.d,P63221|RS21_PIG,,,PEAKS DB
AKADGIVSKNF,71.55,1148.6189,11,2.4,575.3163,2,32.43,0.8670-0.8957,7.0513E2,41,3015,230302  30SPD Sample 29_S1-C11_1_7762.d,P63221|RS21_PIG,,,PEAKS DB
AKVAVLGASGGIGQPLSL,76.14,1636.9512,18,-0.4,819.4800,2,42.10,1.0598-1.0881,6.5812E2,41,4526,230302  30SPD Sample 29_S1-C11_1_7762.d,P00346|MDHM_PIG,,,PEAKS DB
AKVAVLGASGGIGQPLSL,75.18,1636.9512,18,1.1,819.4812,2,40.41,1.0541-1.0824,7.5699E2,41,4309,230302  30SPD Sample 29_S1-C11_1_7762.d,P00346|MDHM_PIG,,,PEAKS DB
AKVAVLGASGGIGQPLSL,72.83,1636.9512,18,-0.4,819.4800,2,42.10,1.0416-1.0700,6.5812E2,41,4510,230302  30SPD Sample 29_S1-C11_1_7762.d,P00346|MDHM_PIG,,,PEAKS DB
AKVAVLGASGGIGQPLSL,71.71,1636.9512,18,-10.6,819.4716,2,40.16,1.0359-1.0643,5.5224E1,41,4277,230302  30SPD Sample 29_S1-C11_1_7762.d,P00346|MDHM_PIG,,,PEAKS DB
VTYVPVTTFKNL,74.45,1380.7653,12,10.7,691.3951,2,38.36,0.9768-1.0052,2.0155E2,41,4112,230302  30SPD Sample 29_S1-C11_1_7762.d,P62901|RL31_PIG,,,PEAKS DB
VTYVPVTTFKNL,69.23,1380.7653,12,3.8,691.3903,2,41.51,0.9551-0.9836,4.8067E2,41,4435,230302  30SPD Sample 29_S1-C11_1_7762.d,P62901|RL31_PIG,,,PEAKS DB
IAVHVVPDQL,73.07,1089.6182,10,3.3,545.8164,2,34.59,0.8383-0.8670,7.6517E2,41,3557,230302  30SPD Sample 29_S1-C11_1_7762.d,P80928|MIF_PIG,,,PEAKS DB
DVAPLSLGLETAGGVM(+15.99)TA,71.60,1716.8604,18,4.1,859.4382,2,38.96,1.0677-1.0960,2.5964E2,41,4170,230302  30SPD Sample 29_S1-C11_1_7762.d,P34930|HS71A_PIG:Q6S4N2|HS71B_PIG,Oxidation (M),M16:Oxidation (M):1000.00,PEAKS DB
LLKNSPLVSRLTL,70.70,1452.9027,13,3.7,727.4590,2,42.55,1.0461-1.0745,7.9202E2,41,4873,230302  30SPD Sample 29_S1-C11_1_7762.d,P00346|MDHM_PIG,,,PEAKS DB
EEAPSLRPVAPPISAGGYQPRPA,69.47,2359.2283,23,6.2,787.4191,3,33.99,0.9060-0.9345,0,41,3424,230302  30SPD Sample 29_S1-C11_1_7762.d,tr|F1RX37|F1RX37_PIG,,,PEAKS DB
APPISAGGYQPRPA,69.01,1380.7150,14,4.1,691.3654,2,16.22,0.9197-0.9483,2.9237E2,41,1120,230302  30SPD Sample 29_S1-C11_1_7762.d,tr|F1RX37|F1RX37_PIG,,,PEAKS DB
EVQDKGEFLAEGGGVR,67.86,1689.8322,16,2.5,564.2843,3,32.19,0.8349-0.8636,1.907E3,41,2931,230302  30SPD Sample 29_S1-C11_1_7762.d,tr|F1RX36|F1RX36_PIG,,,PEAKS DB
EVQDKGEFLAEGGGVR,65.41,1689.8322,16,1.8,564.2839,3,16.86,0.8234-0.8521,7.0766E1,41,1147,230302  30SPD Sample 29_S1-C11_1_7762.d,tr|F1RX36|F1RX36_PIG,,,PEAKS DB
SYSTTALVSSPKEGAL,67.42,1609.8198,16,2.5,805.9166,2,32.16,1.0257-1.0541,6.3347E2,41,2939,230302  30SPD Sample 29_S1-C11_1_7762.d,P50390|TTHY_PIG,,,PEAKS DB
YASGRTTGIVM(+15.99)DSGDGVTHTVPIYEG,67.36,2698.2544,26,1.8,900.4242,3,33.54,0.9733-1.0018,3.0324E3,41,3303,230302  30SPD Sample 29_S1-C11_1_7762.d,Q6QAQ1|ACTB_PIG,Oxidation (M),M11:Oxidation (M):1000.00,PEAKS DB
YASGRTTGIVM(+15.99)DSGDGVTHTVPIYEG,67.29,2698.2544,26,1.8,900.4242,3,33.54,0.9882-1.0166,3.0324E3,41,3307,230302  30SPD Sample 29_S1-C11_1_7762.d,Q6QAQ1|ACTB_PIG,Oxidation (M),M11:Oxidation (M):1000.00,PEAKS DB
YASGRTTGIVM(+15.99)DSGDGVTHTVPIYEG,53.58,2698.2544,26,1.8,900.4242,3,33.54,0.9699-0.9984,3.0324E3,41,3332,230302  30SPD Sample 29_S1-C11_1_7762.d,Q6QAQ1|ACTB_PIG,Oxidation (M),M11:Oxidation (M):1000.00,PEAKS DB
AEVQDKGEFLAEGGGVR,66.47,1760.8693,17,1.8,587.9629,3,32.23,0.8475-0.8762,1.4836E2,41,2961,230302  30SPD Sample 29_S1-C11_1_7762.d,tr|F1RX36|F1RX36_PIG,,,PEAKS DB
RVAPEEHPVL,64.77,1145.6193,10,3.1,573.8169,2,40.78,0.8842-0.9128,6.462E3,41,4365,230302  30SPD Sample 29_S1-C11_1_7762.d,Q6QAQ1|ACTB_PIG,,,PEAKS DB
RVAPEEHPVL,61.56,1145.6193,10,3.1,573.8169,2,40.78,0.8670-0.8957,6.462E3,41,4346,230302  30SPD Sample 29_S1-C11_1_7762.d,Q6QAQ1|ACTB_PIG,,,PEAKS DB
RVAPEEHPVL,61.26,1145.6193,10,2.6,573.8166,2,33.73,0.8693-0.8980,4.9345E3,41,3352,230302  30SPD Sample 29_S1-C11_1_7762.d,Q6QAQ1|ACTB_PIG,,,PEAKS DB
RVAPEEHPVL,60.67,1145.6193,10,7.8,573.8196,2,14.66,0.8808-0.9094,1.1463E2,41,1026,230302  30SPD Sample 29_S1-C11_1_7762.d,Q6QAQ1|ACTB_PIG,,,PEAKS DB
RVAPEEHPVL,58.38,1145.6193,10,0.7,573.8155,2,40.48,0.8876-0.9163,2.7376E2,41,4320,230302  30SPD Sample 29_S1-C11_1_7762.d,Q6QAQ1|ACTB_PIG,,,PEAKS DB
RVAPEEHPVL,57.51,1145.6193,10,2.6,573.8166,2,33.73,0.8899-0.9185,4.9345E3,41,3320,230302  30SPD Sample 29_S1-C11_1_7762.d,Q6QAQ1|ACTB_PIG,,,PEAKS DB
RVAPEEHPVL,51.50,1145.6193,10,15.7,573.8241,2,14.65,0.8601-0.8888,1.1369E2,41,1024,230302  30SPD Sample 29_S1-C11_1_7762.d,Q6QAQ1|ACTB_PIG,,,PEAKS DB
VREIAQDFKTDL,64.75,1433.7513,12,4.4,717.8839,2,35.47,0.9654-0.9939,7.6132E2,41,3734,230302  30SPD Sample 29_S1-C11_1_7762.d,Q71LE2|H33_PIG,,,PEAKS DB
VREIAQDFKTDL,63.55,1433.7513,12,4.4,717.8839,2,35.47,0.9665-0.9950,7.6132E2,41,3747,230302  30SPD Sample 29_S1-C11_1_7762.d,Q71LE2|H33_PIG,,,PEAKS DB
VREIAQDFKTDL,62.95,1433.7513,12,4.4,717.8839,2,35.47,0.9608-0.9893,7.6132E2,41,3742,230302  30SPD Sample 29_S1-C11_1_7762.d,Q71LE2|H33_PIG,,,PEAKS DB
VREIAQDFKTDL,60.45,1433.7513,12,2.9,478.9243,3,41.76,0.7831-0.8119,4.5979E2,41,4450,230302  30SPD Sample 29_S1-C11_1_7762.d,Q71LE2|H33_PIG,,,PEAKS DB
VREIAQDFKTDL,48.35,1433.7513,12,2.2,717.8823,2,41.72,0.9665-0.9950,9.4208E2,41,4448,230302  30SPD Sample 29_S1-C11_1_7762.d,Q71LE2|H33_PIG,,,PEAKS DB
IRKLPFQRL,63.07,1169.7396,9,1.9,390.9200,3,42.55,0.7542-0.7831,9.3124E2,41,4878,230302  30SPD Sample 29_S1-C11_1_7762.d,Q71LE2|H33_PIG,,,PEAKS DB
IQNKPLYFADRL,62.40,1476.8088,12,6.5,493.2785,3,42.42,0.7727-0.8015,0,41,4628,230302  30SPD Sample 29_S1-C11_1_7762.d,P19620|ANXA2_PIG,,,PEAKS DB
DKGEFLAEGGGVR,62.36,1333.6626,13,2.0,667.8378,2,31.67,0.9208-0.9494,1.2015E3,41,2760,230302  30SPD Sample 29_S1-C11_1_7762.d,tr|F1RX36|F1RX36_PIG,,,PEAKS DB
DKGEFLAEGGGVR,45.29,1333.6626,13,3.0,445.5614,3,31.67,0.7542-0.7831,1.8935E2,41,2779,230302  30SPD Sample 29_S1-C11_1_7762.d,tr|F1RX36|F1RX36_PIG,,,PEAKS DB
VADENPFAQGALKSED,61.48,1689.7845,16,11.8,845.9069,2,31.56,1.0280-1.0564,4.5455E2,41,2735,230302  30SPD Sample 29_S1-C11_1_7762.d,P20305|GELS_PIG,,,PEAKS DB
RAAVPSGASTGIYEAL,61.02,1561.8099,16,-0.9,781.9091,2,34.23,1.0075-1.0359,2.6593E2,41,3508,230302  30SPD Sample 29_S1-C11_1_7762.d,Q1KYT0|ENOB_PIG,,,PEAKS DB
VQDKGEFLAEGGGV,60.19,1404.6885,14,3.1,703.3514,2,31.56,0.9505-0.9790,1.031E3,41,2710,230302  30SPD Sample 29_S1-C11_1_7762.d,tr|F1RX36|F1RX36_PIG,,,PEAKS DB
AAGPPISEGKYF,58.36,1235.6185,12,5.4,618.8179,2,33.12,0.8865-0.9151,2.9712E2,41,3213,230302  30SPD Sample 29_S1-C11_1_7762.d,O19084|CDSN_PIG,,,PEAKS DB
FADKVPKTAENFR,57.61,1521.7939,13,-4.9,508.2679,3,33.28,0.8107-0.8395,0,41,3255,230302  30SPD Sample 29_S1-C11_1_7762.d,P62936|PPIA_PIG,,,PEAKS DB
FADKVPKTAENFR,53.19,1521.7939,13,5.4,508.2730,3,41.73,0.8130-0.8418,2.4467E2,41,4452,230302  30SPD Sample 29_S1-C11_1_7762.d,P62936|PPIA_PIG,,,PEAKS DB
YALPHAILRL,57.52,1165.6971,10,2.9,583.8557,2,42.57,0.9311-0.9597,0,41,5010,230302  30SPD Sample 29_S1-C11_1_7762.d,Q6QAQ1|ACTB_PIG,,,PEAKS DB
DETSLSRDPFP,55.08,1262.5779,11,8.1,632.2993,2,32.83,0.8922-0.9208,7.5407E1,41,3151,230302  30SPD Sample 29_S1-C11_1_7762.d,tr|F1RX36|F1RX36_PIG,,,PEAKS DB
ASLSTFQQM(+15.99),54.39,1027.4645,9,2.9,514.7394,2,18.12,0.8061-0.8349,2.612E2,41,1227,230302  30SPD Sample 29_S1-C11_1_7762.d,Q6QAQ1|ACTB_PIG,Oxidation (M),M9:Oxidation (M):1000.00,PEAKS DB
DLAGRDLTDYL,54.26,1250.6143,11,0.3,626.3126,2,37.79,0.8980-0.9265,5.1538E1,41,4064,230302  30SPD Sample 29_S1-C11_1_7762.d,Q6QAQ1|ACTB_PIG,,,PEAKS DB
PVILDVGTENEEL,53.82,1426.7191,13,3.2,714.3669,2,37.08,0.9745-1.0030,1.5644E2,41,3998,230302  30SPD Sample 29_S1-C11_1_7762.d,Q29558|MAOX_PIG,,,PEAKS DB
PGVTVKDVNQQE,53.39,1312.6622,12,8.1,657.3416,2,11.65,0.8945-0.9231,0,41,882,230302  30SPD Sample 29_S1-C11_1_7762.d,Q29308|RS19_PIG,,,PEAKS DB
LKTPAQFDADEL,53.22,1346.6718,12,2.3,674.3426,2,33.98,0.9425-0.9711,8.9958E2,41,3403,230302  30SPD Sample 29_S1-C11_1_7762.d,P19619|ANXA1_PIG,,,PEAKS DB
KLRASITPGTIL,51.98,1268.7816,12,7.3,635.4007,2,42.48,0.9437-0.9722,0,41,4732,230302  30SPD Sample 29_S1-C11_1_7762.d,Q2YGT9|RL6_PIG,,,PEAKS DB
IVRYTKKVPQVSTPTL,51.93,1829.0774,16,4.4,610.7005,3,42.45,0.8429-0.8716,5.7253E2,41,4656,230302  30SPD Sample 29_S1-C11_1_7762.d,P08835|ALBU_PIG,,,PEAKS DB
VREIAQDF,51.70,976.4977,8,2.4,489.2558,2,32.07,0.7911-0.8199,1.0054E4,41,2877,230302  30SPD Sample 29_S1-C11_1_7762.d,Q71LE2|H33_PIG,,,PEAKS DB
VREIAQDF,51.65,976.4977,8,2.4,489.2558,2,32.07,0.7773-0.8061,1.0054E4,41,2873,230302  30SPD Sample 29_S1-C11_1_7762.d,Q71LE2|H33_PIG,,,PEAKS DB
VREIAQDF,51.03,976.4977,8,3.6,489.2564,2,19.31,0.7692-0.7981,4.3822E2,41,1299,230302  30SPD Sample 29_S1-C11_1_7762.d,Q71LE2|H33_PIG,,,PEAKS DB
VREIAQDF,48.93,976.4977,8,2.4,489.2558,2,32.07,0.7612-0.7900,1.0054E4,41,2932,230302  30SPD Sample 29_S1-C11_1_7762.d,Q71LE2|H33_PIG,,,PEAKS DB
VREIAQDF,47.88,976.4977,8,2.4,489.2558,2,32.07,0.7773-0.8061,1.0054E4,41,2994,230302  30SPD Sample 29_S1-C11_1_7762.d,Q71LE2|H33_PIG,,,PEAKS DB
VREIAQDF,45.87,976.4977,8,2.4,489.2558,2,32.07,0.7819-0.8107,1.0054E4,41,2832,230302  30SPD Sample 29_S1-C11_1_7762.d,Q71LE2|H33_PIG,,,PEAKS DB
VREIAQDF,45.74,976.4977,8,2.4,489.2558,2,32.07,0.7727-0.8015,1.0054E4,41,2826,230302  30SPD Sample 29_S1-C11_1_7762.d,Q71LE2|H33_PIG,,,PEAKS DB
VREIAQDF,44.67,976.4977,8,2.4,489.2558,2,32.07,0.7519-0.7808,1.0054E4,41,2917,230302  30SPD Sample 29_S1-C11_1_7762.d,Q71LE2|H33_PIG,,,PEAKS DB
TINREGGAVES,51.52,1131.5520,11,7.6,566.7858,2,7.17,0.7992-0.8280,0,41,508,230302  30SPD Sample 29_S1-C11_1_7762.d,tr|F1RX36|F1RX36_PIG,,,PEAKS DB
TINREGGAVES,49.26,1131.5520,11,4.5,566.7841,2,7.26,0.8165-0.8452,2.9442E2,41,510,230302  30SPD Sample 29_S1-C11_1_7762.d,tr|F1RX36|F1RX36_PIG,,,PEAKS DB
EVSGSVSPGTK,50.51,1046.5244,11,3.0,524.2694,2,6.82,0.7888-0.8176,2.7414E2,41,470,230302  30SPD Sample 29_S1-C11_1_7762.d,tr|F1RX36|F1RX36_PIG,,,PEAKS DB
ALKRQGRTLYGFGG,48.48,1522.8368,14,0.5,508.6182,3,42.48,0.7612-0.7900,1.7157E3,41,4694,230302  30SPD Sample 29_S1-C11_1_7762.d,P62802|H4_PIG,,,PEAKS DB
AAAQM(+15.99)PAYQEL,48.40,1207.5543,11,3.1,604.7844,2,20.14,0.8555-0.8842,1.496E2,41,1453,230302  30SPD Sample 29_S1-C11_1_7762.d,Q29593|TALDO_PIG,Oxidation (M),M5:Oxidation (M):1000.00,PEAKS DB
IDQDARDL,48.27,944.4563,8,2.6,473.2352,2,11.99,0.7865-0.8153,2.5494E2,41,896,230302  30SPD Sample 29_S1-C11_1_7762.d,P19620|ANXA2_PIG,,,PEAKS DB
VADENPFAQGALKS,48.12,1445.7150,14,-2.9,723.8604,2,31.92,0.9619-0.9904,4.5269E2,41,2901,230302  30SPD Sample 29_S1-C11_1_7762.d,P20305|GELS_PIG,,,PEAKS DB
VLKTPSAAYL,48.08,1061.6121,10,4.5,531.8140,2,33.55,0.8291-0.8578,3.4357E3,41,3324,230302  30SPD Sample 29_S1-C11_1_7762.d,P20305|GELS_PIG,,,PEAKS DB
VLKTPSAAYL,47.34,1061.6121,10,4.5,531.8140,2,33.55,0.8360-0.8647,3.4357E3,41,3308,230302  30SPD Sample 29_S1-C11_1_7762.d,P20305|GELS_PIG,,,PEAKS DB
EEAPSLRPVAPPISA,46.02,1532.8198,15,-2.1,767.4131,2,32.92,0.9973-1.0257,7.1807E2,41,3142,230302  30SPD Sample 29_S1-C11_1_7762.d,tr|F1RX37|F1RX37_PIG,,,PEAKS DB
EFDGKTHPGGP,45.86,1140.5199,11,1.1,571.2661,2,29.71,0.8475-0.8762,3.0283E2,41,2263,230302  30SPD Sample 29_S1-C11_1_7762.d,tr|F1RX36|F1RX36_PIG,,,PEAKS DB
SLLLPAASSTDAGSYHCRAQNSHSTS,45.16,2660.2249,26,-4.0,887.7426,3,42.34,0.9448-0.9733,0,41,4565,230302  30SPD Sample 29_S1-C11_1_7762.d,A7LCJ3|SN_PIG,,,PEAKS DB
YSNRVVDL,44.54,964.4978,8,2.4,483.2558,2,32.16,0.8130-0.8418,1.2592E3,41,2912,230302  30SPD Sample 29_S1-C11_1_7762.d,P00355|G3P_PIG,,,PEAKS DB
YLADKSYIEGYVPSQAD,44.47,1917.8995,17,-0.5,959.9535,2,32.21,1.1073-1.1356,2.1012E2,41,2947,230302  30SPD Sample 29_S1-C11_1_7762.d,P29412|EF1B_PIG,,,PEAKS DB
