Protein Group,Protein ID,Protein Accession,Peptide,Unique,-10lgP,Mass,Length,ppm,m/z,z,RT,1/k0 Range,Area Sample 32,Fraction,Precursor Id,Source File,#Feature,#Feature Sample 32,Start,End,PTM,AScore,Found By
1,419908,tr|F1RX36|F1RX36_PIG,A.EVQDKGEFLAEGGGV.R,Y,92.85,1533.7311,15,1.7,767.8717,2,22.15,1.0041-1.0325,1.7995E4,41,1638,230302  30SPD Sample 29_S1-C11_1_7762.d,2,2,48,62,,,PEAKS DB
1,419908,tr|F1RX36|F1RX36_PIG,Q.DKGEFLAEGGGV.R,Y,82.22,1177.5615,12,2.7,589.7878,2,31.12,0.8682-0.8968,1.3914E4,41,2545,230302  30SPD Sample 29_S1-C11_1_7762.d,2,2,51,62,,,PEAKS DB
1,419908,tr|F1RX36|F1RX36_PIG,A.EVQDKGEFLAEGGGVR.G,Y,67.86,1689.8322,16,2.5,564.2843,3,32.19,0.8349-0.8636,1.9778E3,41,2931,230302  30SPD Sample 29_S1-C11_1_7762.d,2,2,48,63,,,PEAKS DB
1,419908,tr|F1RX36|F1RX36_PIG,M.AEVQDKGEFLAEGGGVR.G,Y,66.47,1760.8693,17,1.8,587.9629,3,32.23,0.8475-0.8762,1.4836E2,41,2961,230302  30SPD Sample 29_S1-C11_1_7762.d,1,1,47,63,,,PEAKS DB
1,419908,tr|F1RX36|F1RX36_PIG,Q.DKGEFLAEGGGVR.G,Y,62.36,1333.6626,13,2.0,667.8378,2,31.67,0.9208-0.9494,1.3909E3,41,2760,230302  30SPD Sample 29_S1-C11_1_7762.d,2,2,51,63,,,PEAKS DB
1,419908,tr|F1RX36|F1RX36_PIG,E.VQDKGEFLAEGGGV.R,Y,60.19,1404.6885,14,3.1,703.3514,2,31.56,0.9505-0.9790,1.031E3,41,2710,230302  30SPD Sample 29_S1-C11_1_7762.d,1,1,49,62,,,PEAKS DB
1,419908,tr|F1RX36|F1RX36_PIG,R.DETSLSRDPFP.D,Y,55.08,1262.5779,11,8.1,632.2993,2,32.83,0.8922-0.9208,7.5407E1,41,3151,230302  30SPD Sample 29_S1-C11_1_7762.d,1,1,583,593,,,PEAKS DB
1,419908,tr|F1RX36|F1RX36_PIG,K.TINREGGAVES.K,Y,51.52,1131.5520,11,7.6,566.7858,2,7.17,0.7992-0.8280,2.9442E2,41,508,230302  30SPD Sample 29_S1-C11_1_7762.d,1,1,644,654,,,PEAKS DB
1,419908,tr|F1RX36|F1RX36_PIG,K.EVSGSVSPGTK.S,Y,50.51,1046.5244,11,3.0,524.2694,2,6.82,0.7888-0.8176,2.7414E2,41,470,230302  30SPD Sample 29_S1-C11_1_7762.d,1,1,481,491,,,PEAKS DB
1,419908,tr|F1RX36|F1RX36_PIG,K.EFDGKTHPGGP.G,Y,45.86,1140.5199,11,1.1,571.2661,2,29.71,0.8475-0.8762,3.0283E2,41,2263,230302  30SPD Sample 29_S1-C11_1_7762.d,1,1,602,612,,,PEAKS DB
10,318428,P00355|G3P_PIG,L.ISWYDNEFGYSNRVVDL.M,Y,109.49,2075.9587,17,1.3,1038.9847,2,42.55,1.1841-1.2122,0,41,4910,230302  30SPD Sample 29_S1-C11_1_7762.d,0,0,309,325,,,PEAKS DB
10,318428,P00355|G3P_PIG,W.YDNEFGYSNRVVDL.M,Y,95.55,1689.7634,14,1.0,845.8871,2,35.86,1.0518-1.0802,7.1492E2,41,3795,230302  30SPD Sample 29_S1-C11_1_7762.d,1,1,312,325,,,PEAKS DB
10,318428,P00355|G3P_PIG,L.ISWYDNEFGYSN.R,Y,88.19,1493.6099,12,2.6,747.8118,2,35.54,0.9859-1.0143,3.7987E2,41,3766,230302  30SPD Sample 29_S1-C11_1_7762.d,1,1,309,320,,,PEAKS DB
10,318428,P00355|G3P_PIG,G.YSNRVVDL.M,Y,44.54,964.4978,8,2.4,483.2558,2,32.16,0.8130-0.8418,1.2592E3,41,2912,230302  30SPD Sample 29_S1-C11_1_7762.d,1,1,318,325,,,PEAKS DB
9,318453,P34930|HS71A_PIG,L.DVAPLSLGLETAGGVM(+15.99).T,Y,107.86,1544.7756,16,1.8,773.3940,2,38.79,1.0007-1.0291,8.319E2,41,4152,230302  30SPD Sample 29_S1-C11_1_7762.d,1,1,395,410,Oxidation (M),M16:Oxidation (M):1000.00,PEAKS DB
9,318453,P34930|HS71A_PIG,L.DVAPLSLGLETAGGVM(+15.99)T.A,Y,99.64,1645.8232,17,1.7,823.9177,2,38.75,1.0291-1.0575,3.7653E2,41,4146,230302  30SPD Sample 29_S1-C11_1_7762.d,1,1,395,411,Oxidation (M),M16:Oxidation (M):1000.00,PEAKS DB
9,318453,P34930|HS71A_PIG,L.DVAPLSLGLETAGGVM(+15.99)TA.L,Y,71.60,1716.8604,18,4.1,859.4382,2,38.96,1.0677-1.0960,2.5964E2,41,4170,230302  30SPD Sample 29_S1-C11_1_7762.d,1,1,395,412,Oxidation (M),M16:Oxidation (M):1000.00,PEAKS DB
9,318459,Q6S4N2|HS71B_PIG,L.DVAPLSLGLETAGGVM(+15.99).T,Y,107.86,1544.7756,16,1.8,773.3940,2,38.79,1.0007-1.0291,8.319E2,41,4152,230302  30SPD Sample 29_S1-C11_1_7762.d,1,1,395,410,Oxidation (M),M16:Oxidation (M):1000.00,PEAKS DB
9,318459,Q6S4N2|HS71B_PIG,L.DVAPLSLGLETAGGVM(+15.99)T.A,Y,99.64,1645.8232,17,1.7,823.9177,2,38.75,1.0291-1.0575,3.7653E2,41,4146,230302  30SPD Sample 29_S1-C11_1_7762.d,1,1,395,411,Oxidation (M),M16:Oxidation (M):1000.00,PEAKS DB
9,318459,Q6S4N2|HS71B_PIG,L.DVAPLSLGLETAGGVM(+15.99)TA.L,Y,71.60,1716.8604,18,4.1,859.4382,2,38.96,1.0677-1.0960,2.5964E2,41,4170,230302  30SPD Sample 29_S1-C11_1_7762.d,1,1,395,412,Oxidation (M),M16:Oxidation (M):1000.00,PEAKS DB
2,318839,Q71LE2|H33_PIG,L.RFQSAAIGALQEASEA.Y,Y,92.77,1647.8215,16,4.3,824.9190,2,33.91,1.0405-1.0688,2.8976E3,41,3411,230302  30SPD Sample 29_S1-C11_1_7762.d,2,2,84,99,,,PEAKS DB
2,318839,Q71LE2|H33_PIG,L.RFQSAAIGALQEASE.A,Y,79.59,1576.7844,15,-3.1,789.3945,2,32.70,1.0143-1.0427,8.5003E1,41,3110,230302  30SPD Sample 29_S1-C11_1_7762.d,1,1,84,98,,,PEAKS DB
2,318839,Q71LE2|H33_PIG,L.VREIAQDFKTDL.R,Y,64.75,1433.7513,12,4.4,717.8839,2,35.47,0.9654-0.9939,2.1632E3,41,3734,230302  30SPD Sample 29_S1-C11_1_7762.d,3,3,72,83,,,PEAKS DB
2,318839,Q71LE2|H33_PIG,L.IRKLPFQRL.V,Y,63.07,1169.7396,9,1.9,390.9200,3,42.55,0.7542-0.7831,9.3124E2,41,4878,230302  30SPD Sample 29_S1-C11_1_7762.d,1,1,63,71,,,PEAKS DB
2,318839,Q71LE2|H33_PIG,L.VREIAQDF.K,Y,51.70,976.4977,8,2.4,489.2558,2,32.07,0.7911-0.8199,1.0492E4,41,2877,230302  30SPD Sample 29_S1-C11_1_7762.d,2,2,72,79,,,PEAKS DB
3,318649,P46410|GLNA_PIG,L.LNETGDEPFQYKN,Y,101.77,1553.6997,13,3.1,777.8571,2,28.41,0.9927-1.0212,1.5323E4,41,2051,230302  30SPD Sample 29_S1-C11_1_7762.d,4,4,361,373,,,PEAKS DB
3,318649,P46410|GLNA_PIG,L.LNETGDEPFQYK.N,Y,92.12,1439.6569,12,2.1,720.8350,2,29.54,1.0018-1.0302,8.5762E3,41,2216,230302  30SPD Sample 29_S1-C11_1_7762.d,4,4,361,372,,,PEAKS DB
5,419909,tr|F1RX37|F1RX37_PIG,A.AIDYDEDEDGRPKVHVDA.R,Y,76.68,2042.9181,18,2.5,681.9795,3,32.62,0.8773-0.9060,6.273E2,41,3066,230302  30SPD Sample 29_S1-C11_1_7762.d,1,1,30,47,,,PEAKS DB
5,419909,tr|F1RX37|F1RX37_PIG,R.EEAPSLRPVAPPISAGGYQPRPA.K,Y,69.47,2359.2283,23,6.2,787.4191,3,33.99,0.9060-0.9345,0,41,3424,230302  30SPD Sample 29_S1-C11_1_7762.d,0,0,58,80,,,PEAKS DB
5,419909,tr|F1RX37|F1RX37_PIG,V.APPISAGGYQPRPA.K,Y,69.01,1380.7150,14,4.1,691.3654,2,16.22,0.9197-0.9483,2.9237E2,41,1120,230302  30SPD Sample 29_S1-C11_1_7762.d,1,1,67,80,,,PEAKS DB
5,419909,tr|F1RX37|F1RX37_PIG,R.EEAPSLRPVAPPISA.G,Y,46.02,1532.8198,15,-2.1,767.4131,2,32.92,0.9973-1.0257,7.1807E2,41,3142,230302  30SPD Sample 29_S1-C11_1_7762.d,1,1,58,72,,,PEAKS DB
4,318301,Q6QAQ1|ACTB_PIG,L.YASGRTTGIVM(+15.99)DSGDGVTHTVPIYEG.Y,Y,67.36,2698.2544,26,1.8,900.4242,3,33.54,0.9733-1.0018,3.0324E3,41,3303,230302  30SPD Sample 29_S1-C11_1_7762.d,1,1,143,168,Oxidation (M),M11:Oxidation (M):1000.00,PEAKS DB
4,318301,Q6QAQ1|ACTB_PIG,L.RVAPEEHPVL.L,Y,64.77,1145.6193,10,3.1,573.8169,2,40.78,0.8842-0.9128,1.1899E4,41,4365,230302  30SPD Sample 29_S1-C11_1_7762.d,5,5,95,104,,,PEAKS DB
4,318301,Q6QAQ1|ACTB_PIG,G.YALPHAILRL.D,Y,57.52,1165.6971,10,2.9,583.8557,2,42.57,0.9311-0.9597,0,41,5010,230302  30SPD Sample 29_S1-C11_1_7762.d,0,0,169,178,,,PEAKS DB
4,318301,Q6QAQ1|ACTB_PIG,L.ASLSTFQQM(+15.99).W,Y,54.39,1027.4645,9,2.9,514.7394,2,18.12,0.8061-0.8349,2.612E2,41,1227,230302  30SPD Sample 29_S1-C11_1_7762.d,1,1,347,355,Oxidation (M),M9:Oxidation (M):1000.00,PEAKS DB
4,318301,Q6QAQ1|ACTB_PIG,L.DLAGRDLTDYL.M,Y,54.26,1250.6143,11,0.3,626.3126,2,37.79,0.8980-0.9265,5.1538E1,41,4064,230302  30SPD Sample 29_S1-C11_1_7762.d,1,1,179,189,,,PEAKS DB
7,320263,P62901|RL31_PIG,L.VTYVPVTTFKNLQTVNVDEN,Y,93.37,2280.1638,20,3.7,1141.0898,2,36.37,1.2403-1.2683,7.8006E2,41,3916,230302  30SPD Sample 29_S1-C11_1_7762.d,2,2,106,125,,,PEAKS DB
7,320263,P62901|RL31_PIG,L.VTYVPVTTFKNL.Q,Y,74.45,1380.7653,12,10.7,691.3951,2,38.36,0.9768-1.0052,6.8222E2,41,4112,230302  30SPD Sample 29_S1-C11_1_7762.d,2,2,106,117,,,PEAKS DB
11,322470,Q2YGT9|RL6_PIG,F.ALTNGIYPHKLVF,Y,98.19,1471.8187,13,-0.1,736.9142,2,42.53,1.0552-1.0836,8.1491E2,41,4815,230302  30SPD Sample 29_S1-C11_1_7762.d,1,1,272,284,,,PEAKS DB
11,322470,Q2YGT9|RL6_PIG,R.KLRASITPGTIL.I,Y,51.98,1268.7816,12,7.3,635.4007,2,42.48,0.9437-0.9722,0,41,4732,230302  30SPD Sample 29_S1-C11_1_7762.d,0,0,135,146,,,PEAKS DB
6,318654,P00346|MDHM_PIG,N.AKVAVLGASGGIGQPLSL.L,Y,76.14,1636.9512,18,-0.4,819.4800,2,42.10,1.0598-1.0881,1.4703E3,41,4526,230302  30SPD Sample 29_S1-C11_1_7762.d,3,3,25,42,,,PEAKS DB
6,318654,P00346|MDHM_PIG,L.LLKNSPLVSRLTL.Y,Y,70.70,1452.9027,13,3.7,727.4590,2,42.55,1.0461-1.0745,7.9202E2,41,4873,230302  30SPD Sample 29_S1-C11_1_7762.d,1,1,43,55,,,PEAKS DB
16,324996,P63053|RL40_PIG,M(+15.99)QIFVKTLTGKTITL.E,Y,104.55,1708.9797,15,1.4,855.4957,2,42.53,1.1288-1.1570,5.1551E3,41,4806,230302  30SPD Sample 29_S1-C11_1_7762.d,2,2,1,15,Oxidation (M),M1:Oxidation (M):1000.00,PEAKS DB
16,325008,P0CG68|UBC_PIG,M(+15.99)QIFVKTLTGKTITL.E,Y,104.55,1708.9797,15,1.4,855.4957,2,42.53,1.1288-1.1570,5.1551E3,41,4806,230302  30SPD Sample 29_S1-C11_1_7762.d,2,2,1,15,Oxidation (M),M1:Oxidation (M):1000.00,PEAKS DB
8,318528,P20305|GELS_PIG,L.VADENPFAQGALKSED.C,Y,61.48,1689.7845,16,11.8,845.9069,2,31.56,1.0280-1.0564,4.5455E2,41,2735,230302  30SPD Sample 29_S1-C11_1_7762.d,1,1,305,320,,,PEAKS DB
8,318528,P20305|GELS_PIG,L.VADENPFAQGALKS.E,Y,48.12,1445.7150,14,-2.9,723.8604,2,31.92,0.9619-0.9904,4.5269E2,41,2901,230302  30SPD Sample 29_S1-C11_1_7762.d,1,1,305,318,,,PEAKS DB
8,318528,P20305|GELS_PIG,F.VLKTPSAAYL.W,Y,48.08,1061.6121,10,4.5,531.8140,2,33.55,0.8291-0.8578,3.4357E3,41,3324,230302  30SPD Sample 29_S1-C11_1_7762.d,1,1,585,594,,,PEAKS DB
22,320542,Q9MZ16|VDAC1_PIG,N.AGGHKLGLGLEFQA,Y,99.64,1396.7462,14,1.6,699.3793,2,42.47,0.9984-1.0268,1.0756E3,41,4676,230302  30SPD Sample 29_S1-C11_1_7762.d,1,1,270,283,,,PEAKS DB
14,322576,P29412|EF1B_PIG,GFGDLKSPAGLQVLND.Y,Y,76.49,1629.8362,16,1.6,815.9241,2,37.25,1.0371-1.0654,1.9155E3,41,4000,230302  30SPD Sample 29_S1-C11_1_7762.d,1,1,1,16,,,PEAKS DB
14,322576,P29412|EF1B_PIG,D.YLADKSYIEGYVPSQAD.V,Y,44.47,1917.8995,17,-0.5,959.9535,2,32.21,1.1073-1.1356,2.1012E2,41,2947,230302  30SPD Sample 29_S1-C11_1_7762.d,1,1,17,33,,,PEAKS DB
17,318305,P27917|APOC3_PIG,A.EDTSLLDKM(+15.99)QDYVKQAT.R,Y,93.36,1999.9408,17,3.6,667.6545,3,31.51,0.8326-0.8613,2.3781E2,41,2701,230302  30SPD Sample 29_S1-C11_1_7762.d,1,1,24,40,Oxidation (M),M9:Oxidation (M):1000.00,PEAKS DB
13,320476,P19620|ANXA2_PIG,C.IQNKPLYFADRL.Y,Y,62.40,1476.8088,12,6.5,493.2785,3,42.42,0.7727-0.8015,0,41,4628,230302  30SPD Sample 29_S1-C11_1_7762.d,0,0,263,274,,,PEAKS DB
13,320476,P19620|ANXA2_PIG,L.IDQDARDL.Y,Y,48.27,944.4563,8,2.6,473.2352,2,11.99,0.7865-0.8153,2.5494E2,41,896,230302  30SPD Sample 29_S1-C11_1_7762.d,1,1,191,198,,,PEAKS DB
18,318804,P67985|RL22_PIG,Y.FQINQDEEEEEDED,Y,83.94,1767.6594,14,3.4,884.8372,2,18.04,1.0234-1.0518,6.2693E2,41,1222,230302  30SPD Sample 29_S1-C11_1_7762.d,2,2,115,128,,,PEAKS DB
23,318515,Q29099|PTBP1_PIG,L.LVSNLNPERVTPQSL.F,Y,81.12,1665.9049,15,0.8,833.9578,2,33.57,1.0280-1.0564,2.4828E2,41,3314,230302  30SPD Sample 29_S1-C11_1_7762.d,1,1,366,380,,,PEAKS DB
27,320663,Q9MYT8|ATP5I_PIG,M.VPPVQVSPLIKLGRYSAL.F,Y,77.41,1936.1509,18,0.5,646.3892,3,42.55,0.9391-0.9676,0,41,4944,230302  30SPD Sample 29_S1-C11_1_7762.d,0,0,2,19,,,PEAKS DB
12,322396,P63221|RS21_PIG,L.AKADGIVSKNF,Y,76.37,1148.6189,11,2.4,575.3163,2,32.43,0.8659-0.8945,7.0513E2,41,3027,230302  30SPD Sample 29_S1-C11_1_7762.d,1,1,73,83,,,PEAKS DB
28,320544,P80928|MIF_PIG,Y.IAVHVVPDQL.M,Y,73.07,1089.6182,10,3.3,545.8164,2,34.59,0.8383-0.8670,7.6517E2,41,3557,230302  30SPD Sample 29_S1-C11_1_7762.d,1,1,38,47,,,PEAKS DB
29,318380,P50390|TTHY_PIG,Y.SYSTTALVSSPKEGAL,Y,67.42,1609.8198,16,2.5,805.9166,2,32.16,1.0257-1.0541,6.3347E2,41,2939,230302  30SPD Sample 29_S1-C11_1_7762.d,1,1,135,150,,,PEAKS DB
21,319487,Q1KYT0|ENOB_PIG,F.RAAVPSGASTGIYEAL.E,Y,61.02,1561.8099,16,-0.9,781.9091,2,34.23,1.0075-1.0359,2.6593E2,41,3508,230302  30SPD Sample 29_S1-C11_1_7762.d,1,1,32,47,,,PEAKS DB
30,318677,O19084|CDSN_PIG,F.AAGPPISEGKYF.S,Y,58.36,1235.6185,12,5.4,618.8179,2,33.12,0.8865-0.9151,2.9712E2,41,3213,230302  30SPD Sample 29_S1-C11_1_7762.d,1,1,60,71,,,PEAKS DB
15,318386,P62936|PPIA_PIG,L.FADKVPKTAENFR.A,Y,57.61,1521.7939,13,-4.9,508.2679,3,33.28,0.8107-0.8395,2.4467E2,41,3255,230302  30SPD Sample 29_S1-C11_1_7762.d,1,1,25,37,,,PEAKS DB
31,319719,Q29558|MAOX_PIG,L.PVILDVGTENEEL.L,Y,53.82,1426.7191,13,3.2,714.3669,2,37.08,0.9745-1.0030,1.5644E2,41,3998,230302  30SPD Sample 29_S1-C11_1_7762.d,1,1,176,188,,,PEAKS DB
25,318810,Q29308|RS19_PIG,M.PGVTVKDVNQQE.F,Y,53.39,1312.6622,12,8.1,657.3416,2,11.65,0.8945-0.9231,0,41,882,230302  30SPD Sample 29_S1-C11_1_7762.d,0,0,2,13,,,PEAKS DB
24,318313,P19619|ANXA1_PIG,L.LKTPAQFDADEL.R,Y,53.22,1346.6718,12,2.3,674.3426,2,33.98,0.9425-0.9711,8.9958E2,41,3403,230302  30SPD Sample 29_S1-C11_1_7762.d,1,1,112,123,,,PEAKS DB
26,320063,P08835|ALBU_PIG,L.IVRYTKKVPQVSTPTL.V,Y,51.93,1829.0774,16,4.4,610.7005,3,42.45,0.8429-0.8716,5.7253E2,41,4656,230302  30SPD Sample 29_S1-C11_1_7762.d,1,1,431,446,,,PEAKS DB
19,318557,P62802|H4_PIG,Y.ALKRQGRTLYGFGG,Y,48.48,1522.8368,14,0.5,508.6182,3,42.48,0.7612-0.7900,1.7157E3,41,4694,230302  30SPD Sample 29_S1-C11_1_7762.d,1,1,90,103,,,PEAKS DB
32,318895,Q29593|TALDO_PIG,L.AAAQM(+15.99)PAYQEL.V,Y,48.40,1207.5543,11,3.1,604.7844,2,20.14,0.8555-0.8842,1.496E2,41,1453,230302  30SPD Sample 29_S1-C11_1_7762.d,1,1,51,61,Oxidation (M),M5:Oxidation (M):1000.00,PEAKS DB
20,318450,A7LCJ3|SN_PIG,S.SLLLPAASSTDAGSYHCRAQNSHSTS.G,Y,45.16,2660.2249,26,-4.0,887.7426,3,42.34,0.9448-0.9733,0,41,4565,230302  30SPD Sample 29_S1-C11_1_7762.d,0,0,559,584,,,PEAKS DB
