Protein Group,Protein ID,Protein Accession,Peptide,Unique,-10lgP,Mass,Length,ppm,m/z,z,RT,1/k0 Range,Area Sample 7,Fraction,Precursor Id,Source File,#Feature,#Feature Sample 7,Start,End,PTM,AScore,Found By
1,419908,tr|F1RX36|F1RX36_PIG,A.EVQDKGEFLAEGGGV.R,Y,71.57,1533.7311,15,0.7,767.8734,2,23.49,1.0200-1.0484,7.6584E5,7,11235,230221 Sample_37_S1-A8_1_7687.d,5,5,48,62,,,PEAKS DB
1,419908,tr|F1RX36|F1RX36_PIG,K.TQARETPPEWKALLETRQV.K,Y,65.78,2252.1912,19,2.3,564.0563,4,35.44,0.8360-0.8647,9.1833E4,7,16980,230221 Sample_37_S1-A8_1_7687.d,6,6,267,285,,,PEAKS DB
1,419908,tr|F1RX36|F1RX36_PIG,A.DSEEGLDLKGGHVI.K,Y,65.73,1467.7205,14,0.9,734.8682,2,23.16,1.0439-1.0722,1.0458E3,7,11475,230221 Sample_37_S1-A8_1_7687.d,2,2,664,677,,,PEAKS DB
1,419908,tr|F1RX36|F1RX36_PIG,M.AEVQDKGEFLAEGGGV.R,Y,65.07,1604.7682,16,1.8,803.3928,2,23.41,1.0416-1.0700,9.4898E4,7,11333,230221 Sample_37_S1-A8_1_7687.d,5,5,47,62,,,PEAKS DB
1,419908,tr|F1RX36|F1RX36_PIG,A.EVQDKGEFLAEGGGVR.G,Y,64.56,1689.8322,16,2.0,564.2858,3,19.01,0.8475-0.8762,8.8795E5,7,8147,230221 Sample_37_S1-A8_1_7687.d,12,12,48,63,,,PEAKS DB
1,419908,tr|F1RX36|F1RX36_PIG,M.AEVQDKGEFLAEGGGVR.G,Y,63.92,1760.8693,17,1.4,587.9645,3,18.94,0.8682-0.8968,1.5358E5,7,8416,230221 Sample_37_S1-A8_1_7687.d,10,10,47,63,,,PEAKS DB
1,419908,tr|F1RX36|F1RX36_PIG,R.HRDETSLSRDPFPDFFSPVLKEFDGKTHPGGP.G,Y,63.65,3611.7432,32,1.0,723.3566,5,42.55,0.9676-0.9961,0,7,22062,230221 Sample_37_S1-A8_1_7687.d,0,0,581,612,,,PEAKS DB
1,419908,tr|F1RX36|F1RX36_PIG,E.VQDKGEFLAEGGGV.R,Y,62.74,1404.6885,14,2.9,703.3536,2,22.76,0.9642-0.9927,9.4229E4,7,10865,230221 Sample_37_S1-A8_1_7687.d,3,3,49,62,,,PEAKS DB
1,419908,tr|F1RX36|F1RX36_PIG,A.DSEEGLDLKGGHV.I,Y,62.07,1354.6365,13,3.3,678.3278,2,17.52,0.9699-0.9984,2.1958E2,7,8088,230221 Sample_37_S1-A8_1_7687.d,1,1,664,676,,,PEAKS DB
1,419908,tr|F1RX36|F1RX36_PIG,P.GSDLAGFFHPDGPEYSSSS.K,Y,62.00,1955.8173,19,1.9,978.9178,2,34.23,1.1469-1.1751,5.6781E3,7,16491,230221 Sample_37_S1-A8_1_7687.d,2,2,613,631,,,PEAKS DB
1,419908,tr|F1RX36|F1RX36_PIG,P.DGPEYSSSSKISS.H,Y,61.88,1342.5889,13,0.6,672.3021,2,10.75,0.9083-0.9368,8.4385E2,7,3945,230221 Sample_37_S1-A8_1_7687.d,1,1,623,635,,,PEAKS DB
1,419908,tr|F1RX36|F1RX36_PIG,K.M(+15.99)EDEADSEEGLDLKGGHVIK.R,Y,60.92,2187.0000,20,0.0,547.7573,4,17.56,0.8211-0.8498,3.3082E2,7,8120,230221 Sample_37_S1-A8_1_7687.d,1,1,659,678,Oxidation (M),M1:Oxidation (M):1000.00,PEAKS DB
1,419908,tr|F1RX36|F1RX36_PIG,S.DLAGFFHPDGPEYSSSS.K,Y,60.15,1811.7638,17,3.6,906.8924,2,35.56,1.0790-1.1073,2.6613E3,7,17044,230221 Sample_37_S1-A8_1_7687.d,2,2,615,631,,,PEAKS DB
1,419908,tr|F1RX36|F1RX36_PIG,Q.DKGEFLAEGGGV.R,Y,59.54,1177.5615,12,1.3,589.7888,2,22.88,0.8785-0.9071,1.8962E2,7,11351,230221 Sample_37_S1-A8_1_7687.d,1,1,51,62,,,PEAKS DB
1,419908,tr|F1RX36|F1RX36_PIG,R.DETSLSRDPFPDFFSPV.L,Y,59.43,1954.8948,17,-0.4,978.4543,2,42.73,1.1288-1.1570,1.8225E3,7,22456,230221 Sample_37_S1-A8_1_7687.d,1,1,583,599,,,PEAKS DB
1,419908,tr|F1RX36|F1RX36_PIG,P.DGPEYSSSSKISSHS.K,Y,59.10,1566.6798,15,2.1,784.3488,2,8.94,0.9961-1.0246,1.9681E3,7,2741,230221 Sample_37_S1-A8_1_7687.d,2,2,623,637,,,PEAKS DB
1,419908,tr|F1RX36|F1RX36_PIG,K.M(+15.99)EDEADSEEGLDLKGGHVIKRVYT.R,Y,59.04,2706.2805,24,0.2,542.2635,5,31.26,0.8314-0.8601,4.3272E2,7,14817,230221 Sample_37_S1-A8_1_7687.d,2,2,659,682,Oxidation (M),M1:Oxidation (M):1000.00,PEAKS DB
1,419908,tr|F1RX36|F1RX36_PIG,K.M(+15.99)EDEADSEEGLDLKGGHV.I,Y,58.87,1945.8210,18,3.8,649.6168,3,18.10,0.9151-0.9437,3.4828E2,7,8466,230221 Sample_37_S1-A8_1_7687.d,1,1,659,676,Oxidation (M),M1:Oxidation (M):1000.00,PEAKS DB
1,419908,tr|F1RX36|F1RX36_PIG,V.QDKGEFLAEGGGV.R,Y,58.17,1305.6200,13,2.0,653.8186,2,22.39,0.9288-0.9574,4.6137E4,7,10612,230221 Sample_37_S1-A8_1_7687.d,3,3,50,62,,,PEAKS DB
1,419908,tr|F1RX36|F1RX36_PIG,M.EDEADSEEGLDLKGGHV.I,Y,57.64,1798.7856,17,2.5,600.6040,3,18.17,0.8808-0.9094,0,7,8530,230221 Sample_37_S1-A8_1_7687.d,0,0,660,676,,,PEAKS DB
1,419908,tr|F1RX36|F1RX36_PIG,R.GGSISHGPGSVPGTGSPGGLKPG.S,Y,57.51,1958.9810,23,4.7,654.0040,3,15.69,0.8291-0.8578,7.8469E2,7,6800,230221 Sample_37_S1-A8_1_7687.d,1,1,300,322,,,PEAKS DB
1,419908,tr|F1RX36|F1RX36_PIG,R.DETSLSRDPFPDF.F,Y,57.26,1524.6732,13,2.5,763.3458,2,37.76,0.9870-1.0155,2.0161E3,7,18016,230221 Sample_37_S1-A8_1_7687.d,1,1,583,595,,,PEAKS DB
1,419908,tr|F1RX36|F1RX36_PIG,Q.DKGEFLAEGGGVR.G,Y,56.73,1333.6626,13,1.3,667.8394,2,16.73,0.9357-0.9642,3.0988E5,7,7554,230221 Sample_37_S1-A8_1_7687.d,6,6,51,63,,,PEAKS DB
1,419908,tr|F1RX36|F1RX36_PIG,E.TPPEWKALLETRQV.K,Y,56.12,1666.9042,14,3.4,834.4622,2,36.00,1.0756-1.1039,8.6579E3,7,17205,230221 Sample_37_S1-A8_1_7687.d,3,3,272,285,,,PEAKS DB
1,419908,tr|F1RX36|F1RX36_PIG,K.TQARETPPEWKALLET.R,Y,55.96,1868.9631,16,2.6,623.9966,3,35.58,0.8796-0.9083,6.4494E3,7,17018,230221 Sample_37_S1-A8_1_7687.d,3,3,267,282,,,PEAKS DB
1,419908,tr|F1RX36|F1RX36_PIG,R.GDFSNANNNDNIYSQV.S,Y,55.77,1770.7445,16,-0.6,886.3790,2,23.81,1.0677-1.0960,6.5277E2,7,11836,230221 Sample_37_S1-A8_1_7687.d,1,1,143,158,,,PEAKS DB
1,419908,tr|F1RX36|F1RX36_PIG,E.VQDKGEFLAEGGGVR.G,Y,55.40,1560.7896,15,1.4,521.2712,3,16.82,0.8234-0.8521,2.329E4,7,7518,230221 Sample_37_S1-A8_1_7687.d,5,5,49,63,,,PEAKS DB
1,419908,tr|F1RX36|F1RX36_PIG,I.DEVNQDFTNRIN.K,Y,55.40,1463.6641,12,0.8,732.8399,2,18.25,0.9551-0.9836,7.347E2,7,8537,230221 Sample_37_S1-A8_1_7687.d,1,1,103,114,,,PEAKS DB
1,419908,tr|F1RX36|F1RX36_PIG,K.SEVHTSKLVTSKGDKDIVIGKE.K,Y,55.37,2369.2800,22,8.9,593.3326,4,31.76,0.8130-0.8418,0,7,15157,230221 Sample_37_S1-A8_1_7687.d,0,0,492,513,,,PEAKS DB
1,419908,tr|F1RX36|F1RX36_PIG,M.EDEADSEEGLDLKGGHVI.K,Y,55.14,1911.8698,18,2.5,638.2988,3,23.33,0.9174-0.9460,1.0175E3,7,11586,230221 Sample_37_S1-A8_1_7687.d,3,3,660,677,,,PEAKS DB
1,419908,tr|F1RX36|F1RX36_PIG,K.M(+15.99)EDEADSEEGLDLKGGHVI.K,Y,54.40,2058.9050,19,5.1,687.3124,3,23.11,0.9505-0.9790,1.4208E3,7,11445,230221 Sample_37_S1-A8_1_7687.d,2,2,659,677,Oxidation (M),M1:Oxidation (M):1000.00,PEAKS DB
1,419908,tr|F1RX36|F1RX36_PIG,A.DSEEGLDLKGGHVIK.R,Y,54.34,1595.8154,15,-1.5,798.9138,2,29.29,1.0870-1.1152,6.289E2,7,13873,230221 Sample_37_S1-A8_1_7687.d,2,2,664,678,,,PEAKS DB
1,419908,tr|F1RX36|F1RX36_PIG,P.DGPEYSSSSKI.S,Y,54.22,1168.5248,11,4.8,585.2725,2,13.25,0.8659-0.8945,7.5229E2,7,5420,230221 Sample_37_S1-A8_1_7687.d,1,1,623,633,,,PEAKS DB
1,419908,tr|F1RX36|F1RX36_PIG,G.DTTPSNPDWGTFKEV.S,Y,53.64,1692.7631,15,3.7,847.3919,2,27.99,1.0371-1.0654,1.215E2,7,13237,230221 Sample_37_S1-A8_1_7687.d,1,1,468,482,,,PEAKS DB
1,419908,tr|F1RX36|F1RX36_PIG,K.TINREGGAVESKSY.K,Y,52.73,1509.7423,14,0.8,504.2551,3,9.40,0.7230-0.7519,3.9824E3,7,3011,230221 Sample_37_S1-A8_1_7687.d,3,3,644,657,,,PEAKS DB
1,419908,tr|F1RX36|F1RX36_PIG,M.EDEADSEEGLDLKGGH.V,Y,52.45,1699.7173,16,-16.3,567.5705,3,14.00,0.8464-0.8750,0,7,5851,230221 Sample_37_S1-A8_1_7687.d,0,0,660,675,,,PEAKS DB
1,419908,tr|F1RX36|F1RX36_PIG,P.GSDLAGFFHPDGPEYS.S,Y,52.03,1694.7212,16,2.1,848.3696,2,35.55,1.0337-1.0620,3.5652E2,7,17055,230221 Sample_37_S1-A8_1_7687.d,1,1,613,628,,,PEAKS DB
1,419908,tr|F1RX36|F1RX36_PIG,R.HRDETSLSRDPFPDFFSPV.L,Y,52.01,2248.0549,19,4.5,750.3623,3,42.59,0.8785-0.9071,1.1595E4,7,22104,230221 Sample_37_S1-A8_1_7687.d,2,2,581,599,,,PEAKS DB
1,419908,tr|F1RX36|F1RX36_PIG,R.EGGAVESKSY.K,Y,51.79,1025.4666,10,0.8,513.7410,2,7.85,0.7969-0.8257,1.3571E3,7,1994,230221 Sample_37_S1-A8_1_7687.d,1,1,648,657,,,PEAKS DB
1,419908,tr|F1RX36|F1RX36_PIG,G.DTTPSNPDWGTF.K,Y,51.55,1336.5571,12,3.4,669.2881,2,31.02,0.8819-0.9105,4.4277E3,7,14633,230221 Sample_37_S1-A8_1_7687.d,2,2,468,479,,,PEAKS DB
1,419908,tr|F1RX36|F1RX36_PIG,R.HRDETSLSRDPFPDFFSPVL.K,Y,51.22,2361.1389,20,2.5,788.0555,3,42.67,0.9071-0.9357,1.1535E3,7,22308,230221 Sample_37_S1-A8_1_7687.d,1,1,581,600,,,PEAKS DB
1,419908,tr|F1RX36|F1RX36_PIG,K.M(+15.99)EDEADSEEGLD.L,Y,50.92,1354.4718,12,1.5,678.2442,2,12.15,0.9128-0.9414,1.5662E2,7,4844,230221 Sample_37_S1-A8_1_7687.d,1,1,659,670,Oxidation (M),M1:Oxidation (M):1000.00,PEAKS DB
1,419908,tr|F1RX36|F1RX36_PIG,S.DLAGFFHPDGPEY.S,Y,50.74,1463.6357,13,3.4,732.8276,2,38.78,0.9597-0.9882,6.3893E2,7,18564,230221 Sample_37_S1-A8_1_7687.d,1,1,615,627,,,PEAKS DB
1,419908,tr|F1RX36|F1RX36_PIG,P.GDTTPSNPDWGTF.K,Y,50.72,1393.5786,13,1.9,697.7979,2,30.08,0.9380-0.9665,1.2409E3,7,14170,230221 Sample_37_S1-A8_1_7687.d,1,1,467,479,,,PEAKS DB
1,419908,tr|F1RX36|F1RX36_PIG,R.GGSISHGPGSVPGTGSPGGLKPGSYGP.G,Y,50.55,2363.1504,27,-1.3,788.7231,3,19.69,0.8980-0.9265,1.1815E3,7,9415,230221 Sample_37_S1-A8_1_7687.d,1,1,300,326,,,PEAKS DB
1,419908,tr|F1RX36|F1RX36_PIG,D.KGEFLAEGGGV.R,Y,50.48,1062.5345,11,0.9,532.2750,2,22.29,0.8222-0.8509,3.9574E4,7,10511,230221 Sample_37_S1-A8_1_7687.d,2,2,52,62,,,PEAKS DB
1,419908,tr|F1RX36|F1RX36_PIG,V.LKEFDGKTHPGGP.G,Y,50.11,1381.6990,13,5.1,461.5760,3,10.65,0.7323-0.7612,0,7,3928,230221 Sample_37_S1-A8_1_7687.d,0,0,600,612,,,PEAKS DB
1,419908,tr|F1RX36|F1RX36_PIG,V.QDKGEFLAEGGGVR.G,Y,49.82,1461.7212,14,3.9,731.8707,2,16.11,0.9665-0.9950,1.1598E4,7,7052,230221 Sample_37_S1-A8_1_7687.d,5,5,50,63,,,PEAKS DB
1,419908,tr|F1RX36|F1RX36_PIG,A.GFFHPDGPEYSSSS.K,Y,49.75,1512.6157,14,-0.8,757.3145,2,21.98,0.9631-0.9916,2.3697E2,7,10846,230221 Sample_37_S1-A8_1_7687.d,1,1,618,631,,,PEAKS DB
1,419908,tr|F1RX36|F1RX36_PIG,F.DGKTHPGGPGSDL.A,Y,49.38,1236.5735,13,0.9,619.2946,2,10.20,0.8991-0.9277,2.4354E2,7,3617,230221 Sample_37_S1-A8_1_7687.d,1,1,604,616,,,PEAKS DB
1,419908,tr|F1RX36|F1RX36_PIG,K.EVSGSVSPGTKSE.V,Y,49.28,1262.5990,13,-2.1,632.3055,2,7.64,0.8808-0.9094,3.1752E2,7,1879,230221 Sample_37_S1-A8_1_7687.d,1,1,481,493,,,PEAKS DB
1,419908,tr|F1RX36|F1RX36_PIG,Q.TITKTINREGGAVES.K,Y,49.23,1574.8264,15,-5.0,788.4166,2,11.07,1.0246-1.0530,4.6023E2,7,4148,230221 Sample_37_S1-A8_1_7687.d,1,1,640,654,,,PEAKS DB
1,419908,tr|F1RX36|F1RX36_PIG,S.DLAGFFHPDGPEYS.S,Y,49.11,1550.6677,14,-2.0,776.3396,2,37.12,1.0007-1.0291,3.361E2,7,17750,230221 Sample_37_S1-A8_1_7687.d,1,1,615,628,,,PEAKS DB
1,419908,tr|F1RX36|F1RX36_PIG,G.DTTPSNPDWGTFKE.V,Y,48.99,1593.6947,14,1.1,797.8555,2,23.14,1.0143-1.0427,7.9324E2,7,11457,230221 Sample_37_S1-A8_1_7687.d,1,1,468,481,,,PEAKS DB
1,419908,tr|F1RX36|F1RX36_PIG,A.HM(+15.99)LPGKGSLDEFF.H,Y,48.81,1492.7020,13,2.3,747.3600,2,36.35,0.9916-1.0200,1.0731E3,7,17328,230221 Sample_37_S1-A8_1_7687.d,1,1,566,578,Oxidation (M),M2:Oxidation (M):1000.00,PEAKS DB
1,419908,tr|F1RX36|F1RX36_PIG,P.GSDLAGFFHPDGPEY.S,Y,48.53,1607.6892,15,3.2,804.8545,2,36.94,1.0132-1.0416,4.5344E2,7,17640,230221 Sample_37_S1-A8_1_7687.d,1,1,613,627,,,PEAKS DB
1,419908,tr|F1RX36|F1RX36_PIG,M.EDEADSEEGLD.L,Y,48.04,1207.4364,11,0.7,604.7259,2,11.79,0.8682-0.8968,1.3677E2,7,4594,230221 Sample_37_S1-A8_1_7687.d,1,1,660,670,,,PEAKS DB
1,419908,tr|F1RX36|F1RX36_PIG,Q.ARETPPEWKALLETRQV.K,Y,47.47,2023.0850,17,0.9,675.3695,3,35.62,0.8532-0.8819,5.1316E2,7,17085,230221 Sample_37_S1-A8_1_7687.d,1,1,269,285,,,PEAKS DB
1,419908,tr|F1RX36|F1RX36_PIG,K.EVSGSVSPGTKSEVHT.S,Y,47.33,1599.7740,16,4.3,534.2676,3,9.74,0.7623-0.7911,8.7062E2,7,3264,230221 Sample_37_S1-A8_1_7687.d,1,1,481,496,,,PEAKS DB
1,419908,tr|F1RX36|F1RX36_PIG,R.GGSISHGPGSVPGTGSPGG.L,Y,47.16,1563.7277,19,1.3,782.8721,2,12.51,0.9927-1.0212,4.4505E2,7,5113,230221 Sample_37_S1-A8_1_7687.d,1,1,300,318,,,PEAKS DB
1,419908,tr|F1RX36|F1RX36_PIG,P.DGPEYSSSSKISSHSKQT.I,Y,46.77,1923.8810,18,1.5,642.3019,3,7.52,0.8142-0.8429,4.5476E2,7,1808,230221 Sample_37_S1-A8_1_7687.d,1,1,623,640,,,PEAKS DB
1,419908,tr|F1RX36|F1RX36_PIG,F.FHPDGPEYSSSS.K,Y,46.69,1308.5259,12,-8.6,655.2646,2,12.23,0.9140-0.9425,0,7,4906,230221 Sample_37_S1-A8_1_7687.d,0,0,620,631,,,PEAKS DB
1,419908,tr|F1RX36|F1RX36_PIG,P.GSSGSGSLRPDSS.G,Y,46.52,1192.5320,13,6.3,597.2770,2,7.18,0.8555-0.8842,1.1335E2,7,1579,230221 Sample_37_S1-A8_1_7687.d,1,1,452,464,,,PEAKS DB
1,419908,tr|F1RX36|F1RX36_PIG,K.GEFLAEGGGVR.G,Y,46.50,1090.5406,11,-0.6,546.2773,2,19.57,0.8452-0.8739,0,7,9375,230221 Sample_37_S1-A8_1_7687.d,0,0,53,63,,,PEAKS DB
1,419908,tr|F1RX36|F1RX36_PIG,G.EFLAEGGGVR.G,Y,46.46,1033.5192,10,3.4,517.7686,2,18.21,0.8107-0.8395,1.9711E3,7,8553,230221 Sample_37_S1-A8_1_7687.d,4,4,54,63,,,PEAKS DB
1,419908,tr|F1RX36|F1RX36_PIG,I.SPLPDITPADFK.T,Y,46.45,1299.6710,12,-0.4,650.8425,2,33.97,0.9540-0.9825,4.8755E2,7,16419,230221 Sample_37_S1-A8_1_7687.d,1,1,255,266,,,PEAKS DB
1,419908,tr|F1RX36|F1RX36_PIG,M.LPGKGSLDEFFH.R,Y,46.38,1345.6666,12,2.8,449.5641,3,35.00,0.7219-0.7508,1.019E3,7,16824,230221 Sample_37_S1-A8_1_7687.d,1,1,568,579,,,PEAKS DB
1,419908,tr|F1RX36|F1RX36_PIG,K.SYKM(+15.99)EDEADSEEGLDLKGGHVIKRVYT.R,Y,46.26,3084.4709,27,-10.2,617.8952,5,32.44,0.8785-0.9071,0,7,15641,230221 Sample_37_S1-A8_1_7687.d,0,0,656,682,Oxidation (M),M4:Oxidation (M):1000.00,PEAKS DB
1,419908,tr|F1RX36|F1RX36_PIG,K.M(+15.99)EDEADSEEGLDLKGGHVIKRVYTRT.R,Y,46.23,2963.4294,26,2.9,593.6949,5,32.07,0.8716-0.9002,0,7,15365,230221 Sample_37_S1-A8_1_7687.d,0,0,659,684,Oxidation (M),M1:Oxidation (M):1000.00,PEAKS DB
1,419908,tr|F1RX36|F1RX36_PIG,G.DTTPSNPDWG.T,Y,46.05,1088.4410,10,0.4,545.2280,2,17.83,0.8038-0.8326,2.5058E2,7,8294,230221 Sample_37_S1-A8_1_7687.d,1,1,468,477,,,PEAKS DB
1,419908,tr|F1RX36|F1RX36_PIG,K.EVSGSVSPGTKSEVHTS.K,Y,46.03,1686.8060,17,1.0,563.2765,3,8.74,0.7796-0.8084,1.8979E4,7,2548,230221 Sample_37_S1-A8_1_7687.d,2,2,481,497,,,PEAKS DB
1,419908,tr|F1RX36|F1RX36_PIG,R.GGSISHGPGSVPGTGSPGGLKPGSY.G,Y,45.79,2209.0762,25,1.4,737.3671,3,18.68,0.8705-0.8991,9.0914E2,7,8780,230221 Sample_37_S1-A8_1_7687.d,1,1,300,324,,,PEAKS DB
1,419908,tr|F1RX36|F1RX36_PIG,A.DSEEGLDLKGGHVIKRVYT.R,Y,45.69,2115.0959,19,5.9,706.0434,3,31.21,0.9368-0.9654,6.0229E2,7,14773,230221 Sample_37_S1-A8_1_7687.d,1,1,664,682,,,PEAKS DB
1,419908,tr|F1RX36|F1RX36_PIG,R.ETPPEWKALLETRQV.K,Y,45.44,1795.9468,15,4.4,599.6588,3,36.27,0.7750-0.8038,8.2288E3,7,17423,230221 Sample_37_S1-A8_1_7687.d,3,3,271,285,,,PEAKS DB
1,419908,tr|F1RX36|F1RX36_PIG,I.NREGGAVESKSYKM(+15.99)E.D,Y,45.33,1699.7834,15,3.9,567.6039,3,5.85,0.8291-0.8578,0,7,812,230221 Sample_37_S1-A8_1_7687.d,0,0,646,660,Oxidation (M),M14:Oxidation (M):1000.00,PEAKS DB
1,419908,tr|F1RX36|F1RX36_PIG,K.THPGGPGSDLAGFFHPDGPEYSSSS.K,Y,45.20,2502.0723,25,0.4,835.0317,3,35.17,0.9608-0.9893,7.8307E2,7,16838,230221 Sample_37_S1-A8_1_7687.d,1,1,607,631,,,PEAKS DB
1,419908,tr|F1RX36|F1RX36_PIG,K.TINREGGAVES.K,Y,45.11,1131.5520,11,3.4,566.7852,2,7.68,0.8211-0.8498,3.3661E4,7,1840,230221 Sample_37_S1-A8_1_7687.d,1,1,644,654,,,PEAKS DB
1,419908,tr|F1RX36|F1RX36_PIG,P.GSDLAGFFHPDGPEYSSSSKISSHS.K,Y,45.11,2595.1514,25,0.7,649.7956,4,33.97,0.9300-0.9585,0,7,16436,230221 Sample_37_S1-A8_1_7687.d,0,0,613,637,,,PEAKS DB
1,419908,tr|F1RX36|F1RX36_PIG,D.EADSEEGLDLKGGHVIKRVYT.R,Y,45.02,2315.1758,21,6.8,579.8052,4,31.39,0.8418-0.8705,0,7,14933,230221 Sample_37_S1-A8_1_7687.d,0,0,662,682,,,PEAKS DB
1,419908,tr|F1RX36|F1RX36_PIG,K.TINREGGAVESKSYKM(+15.99)E.D,Y,45.00,1913.9153,17,10.2,638.9855,3,7.94,0.9060-0.9345,2.988E2,7,2074,230221 Sample_37_S1-A8_1_7687.d,1,1,644,660,Oxidation (M),M16:Oxidation (M):1000.00,PEAKS DB
1,419908,tr|F1RX36|F1RX36_PIG,Q.DKGEFLAEGGG.V,Y,44.97,1078.4930,11,-1.2,540.2532,2,17.04,0.8383-0.8670,9.4072E2,7,7714,230221 Sample_37_S1-A8_1_7687.d,1,1,51,61,,,PEAKS DB
1,419908,tr|F1RX36|F1RX36_PIG,K.TQARETPPEWKALLETRQVKM(+15.99)V.L,Y,44.80,2626.3901,22,-4.7,657.6017,4,34.92,0.8555-0.8842,2.5065E2,7,16765,230221 Sample_37_S1-A8_1_7687.d,1,1,267,288,Oxidation (M),M21:Oxidation (M):1000.00,PEAKS DB
1,419908,tr|F1RX36|F1RX36_PIG,K.DSSTLSRNIIELL.R,Y,44.42,1459.7882,13,5.9,730.9057,2,42.69,1.0177-1.0461,3.471E3,7,22368,230221 Sample_37_S1-A8_1_7687.d,1,1,129,141,,,PEAKS DB
1,419908,tr|F1RX36|F1RX36_PIG,G.SDLAGFFHPDGPEYSSSS.K,Y,44.40,1898.7958,18,-4.1,950.4012,2,34.15,1.1051-1.1333,3.3527E2,7,16483,230221 Sample_37_S1-A8_1_7687.d,1,1,614,631,,,PEAKS DB
1,419908,tr|F1RX36|F1RX36_PIG,E.TPPEWKALLET.R,Y,44.13,1283.6761,11,2.6,642.8470,2,36.84,0.9243-0.9528,6.8308E2,7,17592,230221 Sample_37_S1-A8_1_7687.d,1,1,272,282,,,PEAKS DB
1,419908,tr|F1RX36|F1RX36_PIG,R.HRDETSLSRDP.F,Y,44.04,1311.6167,11,1.5,438.2135,3,7.08,0.7184-0.7473,1.6963E2,7,1505,230221 Sample_37_S1-A8_1_7687.d,1,1,581,591,,,PEAKS DB
1,419908,tr|F1RX36|F1RX36_PIG,A.HM(+15.99)LPGKGSLDEFFH.R,Y,44.01,1629.7609,14,0.5,544.2612,3,34.57,0.8590-0.8876,1.5833E3,7,16601,230221 Sample_37_S1-A8_1_7687.d,1,1,566,579,Oxidation (M),M2:Oxidation (M):1000.00,PEAKS DB
1,419908,tr|F1RX36|F1RX36_PIG,K.DSSTLSRNIIE.L,Y,43.72,1233.6201,11,2.2,617.8187,2,20.64,0.9025-0.9311,9.8595E2,7,10130,230221 Sample_37_S1-A8_1_7687.d,1,1,129,139,,,PEAKS DB
1,419908,tr|F1RX36|F1RX36_PIG,P.GTGSPGGLKPG.S,Y,43.64,926.4821,11,8.7,464.2524,2,9.23,0.7577-0.7865,2.0068E2,7,2961,230221 Sample_37_S1-A8_1_7687.d,1,1,312,322,,,PEAKS DB
1,419908,tr|F1RX36|F1RX36_PIG,K.EVSGSVSPGTKSEV.H,Y,43.61,1361.6674,14,2.4,681.8426,2,11.63,0.9163-0.9448,1.9081E2,7,4502,230221 Sample_37_S1-A8_1_7687.d,1,1,481,494,,,PEAKS DB
1,419908,tr|F1RX36|F1RX36_PIG,E.TPPEWKALL.E,Y,43.55,1053.5858,9,1.3,527.8008,2,37.79,0.8326-0.8613,1.37E3,7,18045,230221 Sample_37_S1-A8_1_7687.d,1,1,272,280,,,PEAKS DB
1,419908,tr|F1RX36|F1RX36_PIG,D.KGEFLAEGGGVR.G,Y,43.35,1218.6356,12,-0.2,610.3250,2,28.77,0.8980-0.9265,5.2417E3,7,13703,230221 Sample_37_S1-A8_1_7687.d,3,3,52,63,,,PEAKS DB
1,419908,tr|F1RX36|F1RX36_PIG,V.SGSVSPGTKSEVHTS.K,Y,43.33,1458.6951,15,2.1,487.2400,3,6.51,0.7254-0.7542,1.5003E3,7,1123,230221 Sample_37_S1-A8_1_7687.d,1,1,483,497,,,PEAKS DB
1,419908,tr|F1RX36|F1RX36_PIG,S.EEGLDLKGGHVI.K,Y,43.29,1265.6615,12,2.8,633.8398,2,30.98,0.9425-0.9711,5.4473E2,7,14692,230221 Sample_37_S1-A8_1_7687.d,1,1,666,677,,,PEAKS DB
1,419908,tr|F1RX36|F1RX36_PIG,I.TKTINREGGAVES.K,Y,42.83,1360.6946,13,5.3,681.3582,2,6.71,0.9265-0.9551,4.145E2,7,1248,230221 Sample_37_S1-A8_1_7687.d,1,1,642,654,,,PEAKS DB
1,419908,tr|F1RX36|F1RX36_PIG,Y.LPLIKISPLPDITPADF.K,Y,42.80,1849.0601,17,1.8,925.5390,2,42.74,1.1581-1.1863,0,7,22530,230221 Sample_37_S1-A8_1_7687.d,0,0,249,265,,,PEAKS DB
1,419908,tr|F1RX36|F1RX36_PIG,K.EVSGSVSPGTK.S,Y,42.80,1046.5244,11,1.1,524.2701,2,7.12,0.8004-0.8291,3.3913E3,7,1491,230221 Sample_37_S1-A8_1_7687.d,1,1,481,491,,,PEAKS DB
1,419908,tr|F1RX36|F1RX36_PIG,I.SSHSKQTITKTINREGGAVESKSY.K,Y,42.72,2607.3252,24,3.1,652.8406,4,31.31,0.8349-0.8636,3.6206E3,7,14776,230221 Sample_37_S1-A8_1_7687.d,1,1,634,657,,,PEAKS DB
1,419908,tr|F1RX36|F1RX36_PIG,I.TKTINREGGAVESKSYKM(+15.99)E.D,Y,42.43,2143.0579,19,5.4,536.7747,4,7.37,0.8130-0.8418,1.6739E2,7,1702,230221 Sample_37_S1-A8_1_7687.d,1,1,642,660,Oxidation (M),M18:Oxidation (M):1000.00,PEAKS DB
1,419908,tr|F1RX36|F1RX36_PIG,I.TKTINREGGAVESKSY.K,Y,42.42,1738.8849,16,2.5,580.6370,3,8.35,0.7531-0.7819,8.7888E2,7,2353,230221 Sample_37_S1-A8_1_7687.d,1,1,642,657,,,PEAKS DB
1,419908,tr|F1RX36|F1RX36_PIG,R.DETSLSRDP.F,Y,42.40,1018.4567,9,3.3,510.2373,2,10.36,0.8107-0.8395,3.8808E3,7,3666,230221 Sample_37_S1-A8_1_7687.d,1,1,583,591,,,PEAKS DB
1,419908,tr|F1RX36|F1RX36_PIG,K.EFDGKTHPG.G,Y,42.25,986.4457,9,4.1,494.2322,2,6.77,0.7992-0.8280,1.754E3,7,1242,230221 Sample_37_S1-A8_1_7687.d,1,1,602,610,,,PEAKS DB
1,419908,tr|F1RX36|F1RX36_PIG,V.SGSVSPGTKSEVHTSKLVTS.K,Y,42.15,1987.0222,20,-15.7,663.3376,3,11.17,0.9060-0.9345,0,7,4256,230221 Sample_37_S1-A8_1_7687.d,0,0,483,502,,,PEAKS DB
1,419908,tr|F1RX36|F1RX36_PIG,K.TQARETPPEWK.A,Y,42.09,1341.6677,11,-3.1,448.2285,3,12.16,0.7138-0.7427,1.7889E2,7,4822,230221 Sample_37_S1-A8_1_7687.d,1,1,267,277,,,PEAKS DB
1,419908,tr|F1RX36|F1RX36_PIG,I.SPLPDITPADF.K,Y,41.99,1171.5760,11,1.3,586.7961,2,39.89,0.8831-0.9117,8.0368E2,7,19280,230221 Sample_37_S1-A8_1_7687.d,1,1,255,265,,,PEAKS DB
1,419908,tr|F1RX36|F1RX36_PIG,G.DTTPSNPDWGT.F,Y,41.47,1189.4888,11,0.6,595.7520,2,18.09,0.8199-0.8487,1.0002E2,7,8467,230221 Sample_37_S1-A8_1_7687.d,1,1,468,478,,,PEAKS DB
1,419908,tr|F1RX36|F1RX36_PIG,H.RDETSLSRDPFPDFFSPV.L,Y,41.31,2110.9958,18,4.1,704.6755,3,42.62,0.8544-0.8831,0,7,22242,230221 Sample_37_S1-A8_1_7687.d,0,0,582,599,,,PEAKS DB
1,419908,tr|F1RX36|F1RX36_PIG,R.EGGAVESKSYKM(+15.99)E.D,Y,41.23,1429.6395,13,-6.5,477.5507,3,6.34,0.7646-0.7935,0,7,1074,230221 Sample_37_S1-A8_1_7687.d,0,0,648,660,Oxidation (M),M12:Oxidation (M):1000.00,PEAKS DB
1,419908,tr|F1RX36|F1RX36_PIG,P.DSSGPGDTTPSNPDWGTF.K,Y,41.02,1836.7438,18,-1.4,919.3779,2,30.95,1.0824-1.1107,1.9664E2,7,14704,230221 Sample_37_S1-A8_1_7687.d,1,1,462,479,,,PEAKS DB
1,419908,tr|F1RX36|F1RX36_PIG,F.AHM(+15.99)LPGKGSLDEFF.H,Y,41.00,1563.7391,14,-1.7,782.8755,2,36.17,1.0155-1.0439,0,7,17317,230221 Sample_37_S1-A8_1_7687.d,0,0,565,578,Oxidation (M),M3:Oxidation (M):1000.00,PEAKS DB
1,419908,tr|F1RX36|F1RX36_PIG,K.DSSTLSRNI.I,Y,40.99,991.4934,9,-0.2,496.7539,2,14.92,0.8027-0.8314,6.9275E1,7,6333,230221 Sample_37_S1-A8_1_7687.d,1,1,129,137,,,PEAKS DB
1,419908,tr|F1RX36|F1RX36_PIG,A.EVQDKGEFL.A,Y,40.87,1063.5186,9,1.9,532.7676,2,20.80,0.8337-0.8624,2.3392E3,7,10180,230221 Sample_37_S1-A8_1_7687.d,1,1,48,56,,,PEAKS DB
1,419908,tr|F1RX36|F1RX36_PIG,I.NREGGAVESKSY.K,Y,40.71,1295.6106,12,2.5,432.8785,3,6.77,0.6698-0.6987,6.5758E2,7,1269,230221 Sample_37_S1-A8_1_7687.d,1,1,646,657,,,PEAKS DB
1,419908,tr|F1RX36|F1RX36_PIG,M.VLERVGGDER.T,Y,40.65,1128.5887,10,0.8,377.2038,3,8.88,0.6906-0.7196,2.612E2,7,2708,230221 Sample_37_S1-A8_1_7687.d,1,1,288,297,,,PEAKS DB
1,419908,tr|F1RX36|F1RX36_PIG,I.TKTINREGGAVESKS.Y,Y,40.40,1575.8217,15,0.1,526.2812,3,5.72,0.7381-0.7669,1.7518E2,7,731,230221 Sample_37_S1-A8_1_7687.d,1,1,642,656,,,PEAKS DB
1,419908,tr|F1RX36|F1RX36_PIG,M.AEVQDKGEFL.A,Y,40.27,1134.5557,10,2.7,568.2866,2,20.98,0.8567-0.8854,5.0547E2,7,10338,230221 Sample_37_S1-A8_1_7687.d,1,1,47,56,,,PEAKS DB
1,419908,tr|F1RX36|F1RX36_PIG,K.TINREGGAVE.S,Y,40.27,1044.5200,10,2.4,523.2686,2,7.88,0.7888-0.8176,1.183E3,7,2015,230221 Sample_37_S1-A8_1_7687.d,1,1,644,653,,,PEAKS DB
1,419908,tr|F1RX36|F1RX36_PIG,D.SEEGLDLKGGHVIKRVYT.R,Y,40.17,2000.0691,18,11.1,501.0301,4,31.84,0.7888-0.8176,0,7,15208,230221 Sample_37_S1-A8_1_7687.d,0,0,665,682,,,PEAKS DB
1,419908,tr|F1RX36|F1RX36_PIG,E.FLAEGGGVR.G,Y,40.15,904.4766,9,3.4,453.2471,2,15.26,0.7716-0.8004,3.112E4,7,6391,230221 Sample_37_S1-A8_1_7687.d,4,4,55,63,,,PEAKS DB
1,419908,tr|F1RX36|F1RX36_PIG,S.EEGLDLKGGHVIKRVYT.R,Y,39.93,1913.0370,17,-1.9,479.2656,4,31.95,0.7900-0.8188,5.1135E2,7,15289,230221 Sample_37_S1-A8_1_7687.d,1,1,666,682,,,PEAKS DB
1,419908,tr|F1RX36|F1RX36_PIG,E.FDGKTHPG.G,Y,39.59,857.4031,8,7.5,429.7121,2,5.40,0.7600-0.7888,0,7,618,230221 Sample_37_S1-A8_1_7687.d,0,0,603,610,,,PEAKS DB
1,419908,tr|F1RX36|F1RX36_PIG,K.EVSGSVSPGTKSEVHTSKLVTSKGDKDIVIGKE.K,Y,39.57,3397.7939,33,6.6,680.5706,5,15.74,0.9163-0.9448,0,7,6866,230221 Sample_37_S1-A8_1_7687.d,0,0,481,513,,,PEAKS DB
1,419908,tr|F1RX36|F1RX36_PIG,I.SSHSKQTITKTINREGGAVES.K,Y,39.35,2229.1350,21,0.9,744.0529,3,29.68,0.8796-0.9083,3.4924E3,7,14125,230221 Sample_37_S1-A8_1_7687.d,1,1,634,654,,,PEAKS DB
1,419908,tr|F1RX36|F1RX36_PIG,K.SYKM(+15.99)EDEADSEEGLD.L,Y,39.21,1732.6621,15,-0.4,867.3380,2,12.03,1.0246-1.0530,5.3859E1,7,4743,230221 Sample_37_S1-A8_1_7687.d,1,1,656,670,Oxidation (M),M4:Oxidation (M):1000.00,PEAKS DB
1,419908,tr|F1RX36|F1RX36_PIG,P.DITPADFKTQARETPPEW.K,Y,39.16,2101.0115,18,3.2,701.3467,3,32.77,0.8245-0.8532,1.8436E3,7,15781,230221 Sample_37_S1-A8_1_7687.d,1,1,259,276,,,PEAKS DB
1,419908,tr|F1RX36|F1RX36_PIG,P.GSVPGTGSPGGLKPGSYGP.G,Y,38.97,1670.8263,19,5.8,836.4252,2,19.84,1.0189-1.0473,3.405E2,7,9510,230221 Sample_37_S1-A8_1_7687.d,1,1,308,326,,,PEAKS DB
1,419908,tr|F1RX36|F1RX36_PIG,E.DEADSEEGLDLKGGHVI.K,Y,38.71,1782.8271,17,3.3,892.4238,2,23.71,1.0824-1.1107,1.4859E2,7,11829,230221 Sample_37_S1-A8_1_7687.d,1,1,661,677,,,PEAKS DB
1,419908,tr|F1RX36|F1RX36_PIG,L.ERVGGDERTRGGSISHGP.G,Y,38.67,1865.9092,18,14.6,467.4914,4,7.26,0.7900-0.8188,0,7,1629,230221 Sample_37_S1-A8_1_7687.d,0,0,290,307,,,PEAKS DB
1,419908,tr|F1RX36|F1RX36_PIG,G.SISHGPGSVPGTGSPGG.L,Y,38.54,1449.6848,17,-4.4,725.8465,2,12.36,0.9540-0.9825,0,7,4987,230221 Sample_37_S1-A8_1_7687.d,0,0,302,318,,,PEAKS DB
1,419908,tr|F1RX36|F1RX36_PIG,K.TINREGGAVESKS.Y,Y,38.46,1346.6790,13,3.8,449.9020,3,6.12,0.6941-0.7230,0,7,954,230221 Sample_37_S1-A8_1_7687.d,0,0,644,656,,,PEAKS DB
1,419908,tr|F1RX36|F1RX36_PIG,A.EVQDKGEFLAEGG.G,Y,38.42,1377.6411,13,1.1,689.8286,2,18.23,0.9208-0.9494,3.4764E2,7,8559,230221 Sample_37_S1-A8_1_7687.d,1,1,48,60,,,PEAKS DB
1,419908,tr|F1RX36|F1RX36_PIG,R.HRDETSLSRDPFP.D,Y,38.28,1555.7379,13,0.6,519.5869,3,32.11,0.7681-0.7969,0,7,15399,230221 Sample_37_S1-A8_1_7687.d,0,0,581,593,,,PEAKS DB
1,419908,tr|F1RX36|F1RX36_PIG,S.TLSRNIIEL.L,Y,38.02,1057.6132,9,0.2,529.8140,2,34.72,0.8452-0.8739,1.4094E3,7,16667,230221 Sample_37_S1-A8_1_7687.d,1,1,132,140,,,PEAKS DB
1,419908,tr|F1RX36|F1RX36_PIG,K.TQARETPPEWKALLETR.Q,Y,38.02,2025.0643,17,19.5,676.0419,3,34.80,0.8509-0.8796,6.1159E1,7,16734,230221 Sample_37_S1-A8_1_7687.d,1,1,267,283,,,PEAKS DB
1,419908,tr|F1RX36|F1RX36_PIG,A.EVQDKGEF.L,Y,38.02,950.4345,8,2.7,476.2258,2,11.42,0.7762-0.8050,1.698E3,7,4334,230221 Sample_37_S1-A8_1_7687.d,1,1,48,55,,,PEAKS DB
1,419908,tr|F1RX36|F1RX36_PIG,S.TLSRNIIELL.R,Y,37.68,1170.6971,10,-1.4,586.3550,2,42.30,0.9060-0.9345,2.375E3,7,21556,230221 Sample_37_S1-A8_1_7687.d,1,1,132,141,,,PEAKS DB
1,419908,tr|F1RX36|F1RX36_PIG,L.DLKGGHV.I,Y,37.56,724.3868,7,-5.3,363.1988,2,7.12,0.7126-0.7415,0,7,1542,230221 Sample_37_S1-A8_1_7687.d,0,0,670,676,,,PEAKS DB
1,419908,tr|F1RX36|F1RX36_PIG,K.EVSGSVSPGTKSEVH.T,Y,37.45,1498.7263,15,7.1,500.5863,3,8.16,0.7542-0.7831,1.1059E2,7,2225,230221 Sample_37_S1-A8_1_7687.d,1,1,481,495,,,PEAKS DB
1,419908,tr|F1RX36|F1RX36_PIG,S.GSVSPGTKSEVHTS.K,Y,37.44,1371.6630,14,4.8,458.2304,3,6.46,0.7103-0.7392,7.8961E1,7,1121,230221 Sample_37_S1-A8_1_7687.d,1,1,484,497,,,PEAKS DB
1,419908,tr|F1RX36|F1RX36_PIG,P.GSDLAGFFHPDGPEYSSSSKISSHSKQTIT.K,Y,37.43,3166.4844,30,3.1,792.6309,4,34.84,1.0098-1.0382,7.6647E2,7,16754,230221 Sample_37_S1-A8_1_7687.d,1,1,613,642,,,PEAKS DB
1,419908,tr|F1RX36|F1RX36_PIG,L.ETRQVKM(+15.99)VLERVGGDERT.R,Y,37.24,2118.0852,18,-0.1,530.5285,4,30.78,0.7981-0.8268,0,7,14560,230221 Sample_37_S1-A8_1_7687.d,0,0,281,298,Oxidation (M),M7:Oxidation (M):1000.00,PEAKS DB
1,419908,tr|F1RX36|F1RX36_PIG,W.KPGSSGSGSLRPDSSGP.G,Y,37.07,1571.7539,17,-2.4,524.9240,3,8.79,0.7184-0.7473,3.1097E2,7,2647,230221 Sample_37_S1-A8_1_7687.d,1,1,450,466,,,PEAKS DB
1,419908,tr|F1RX36|F1RX36_PIG,R.GGSISHGPGSVPGTGSPGGLKPGSYGPGGP.G,Y,36.94,2574.2461,30,17.6,859.1044,3,19.55,0.9265-0.9551,0,7,9364,230221 Sample_37_S1-A8_1_7687.d,0,0,300,329,,,PEAKS DB
1,419908,tr|F1RX36|F1RX36_PIG,Q.TITKTINREGGAVESKSY.K,Y,36.86,1953.0167,18,4.0,652.0154,3,12.76,0.8360-0.8647,9.6552E2,7,5253,230221 Sample_37_S1-A8_1_7687.d,1,1,640,657,,,PEAKS DB
1,419908,tr|F1RX36|F1RX36_PIG,S.EEGLDLKGGHVIK.R,Y,36.83,1393.7565,13,4.2,465.5947,3,16.50,0.7739-0.8027,0,7,7435,230221 Sample_37_S1-A8_1_7687.d,0,0,666,678,,,PEAKS DB
1,419908,tr|F1RX36|F1RX36_PIG,K.DSSTLSRNIIEL.L,Y,36.82,1346.7041,12,3.0,674.3613,2,32.60,0.9483-0.9768,1.8944E2,7,15763,230221 Sample_37_S1-A8_1_7687.d,1,1,129,140,,,PEAKS DB
1,419908,tr|F1RX36|F1RX36_PIG,K.EVSGSVSPGTKSEVHTSKLVTSKGDKDIVIG.K,Y,36.69,3140.6565,31,3.2,786.1740,4,17.55,1.0075-1.0359,0,7,8130,230221 Sample_37_S1-A8_1_7687.d,0,0,481,511,,,PEAKS DB
1,419908,tr|F1RX36|F1RX36_PIG,L.DLKGGHVI.K,Y,36.59,837.4708,8,-7.1,419.7397,2,14.08,0.7577-0.7865,0,7,5888,230221 Sample_37_S1-A8_1_7687.d,0,0,670,677,,,PEAKS DB
1,419908,tr|F1RX36|F1RX36_PIG,T.SLSRDPFPDFFSPV.L,Y,36.55,1609.7776,14,4.1,805.8994,2,42.68,1.0371-1.0654,5.8713E2,7,22333,230221 Sample_37_S1-A8_1_7687.d,1,1,586,599,,,PEAKS DB
1,419908,tr|F1RX36|F1RX36_PIG,P.GTGSPGGLKPGSY.G,Y,36.42,1176.5775,13,-2.7,589.2944,2,14.45,0.8601-0.8888,1.5624E2,7,6091,230221 Sample_37_S1-A8_1_7687.d,1,1,312,324,,,PEAKS DB
1,419908,tr|F1RX36|F1RX36_PIG,D.ETSLSRDPFPDFFSPV.L,Y,36.42,1839.8679,16,6.4,920.9471,2,42.67,1.1096-1.1378,3.0333E2,7,22325,230221 Sample_37_S1-A8_1_7687.d,1,1,584,599,,,PEAKS DB
1,419908,tr|F1RX36|F1RX36_PIG,G.SVPGTGSPGGLKPG.S,Y,36.18,1209.6353,14,-1.1,605.8242,2,14.11,0.8705-0.8991,3.6914E2,7,5871,230221 Sample_37_S1-A8_1_7687.d,1,1,309,322,,,PEAKS DB
1,419908,tr|F1RX36|F1RX36_PIG,Q.M(+15.99)AEVQDKGEFLAEGGGV.R,Y,36.09,1751.8036,17,-2.3,876.9070,2,23.03,1.0541-1.0824,2.1061E2,7,11419,230221 Sample_37_S1-A8_1_7687.d,1,1,46,62,Oxidation (M),M1:Oxidation (M):1000.00,PEAKS DB
1,419908,tr|F1RX36|F1RX36_PIG,V.SGSVSPGTKSEV.H,Y,35.95,1133.5564,12,-1.0,567.7849,2,8.84,0.8395-0.8682,2.1745E2,7,2685,230221 Sample_37_S1-A8_1_7687.d,1,1,483,494,,,PEAKS DB
1,419908,tr|F1RX36|F1RX36_PIG,F.LAEGGGVR.G,Y,35.95,757.4082,8,2.6,379.7124,2,6.89,0.7207-0.7496,6.4579E2,7,1343,230221 Sample_37_S1-A8_1_7687.d,1,1,56,63,,,PEAKS DB
1,419908,tr|F1RX36|F1RX36_PIG,K.EFDGKTHPGGPGSDLAGF.F,Y,35.94,1787.8114,18,4.6,894.9171,2,31.60,1.0836-1.1118,3.7794E2,7,15045,230221 Sample_37_S1-A8_1_7687.d,1,1,602,619,,,PEAKS DB
1,419908,tr|F1RX36|F1RX36_PIG,E.VSGSVSPGTKSEVHTS.K,Y,35.87,1557.7634,16,0.8,520.2621,3,7.80,0.7531-0.7819,7.685E1,7,2019,230221 Sample_37_S1-A8_1_7687.d,1,1,482,497,,,PEAKS DB
1,419908,tr|F1RX36|F1RX36_PIG,M.LPGKGSLDEFF.H,Y,35.77,1208.6077,11,3.1,605.3130,2,38.51,0.8899-0.9185,5.3518E3,7,18332,230221 Sample_37_S1-A8_1_7687.d,1,1,568,578,,,PEAKS DB
1,419908,tr|F1RX36|F1RX36_PIG,Q.DKGEFLAEGG.G,Y,35.74,1021.4716,10,0.6,511.7433,2,17.49,0.8176-0.8464,1.2105E3,7,7998,230221 Sample_37_S1-A8_1_7687.d,1,1,51,60,,,PEAKS DB
1,419908,tr|F1RX36|F1RX36_PIG,R.ETPPEWKALLET.R,Y,35.62,1412.7188,12,1.5,707.3677,2,37.28,0.9768-1.0052,2.7528E3,7,17732,230221 Sample_37_S1-A8_1_7687.d,1,1,271,282,,,PEAKS DB
1,419908,tr|F1RX36|F1RX36_PIG,P.DFFSPVLKEFDGKTHPGGP.G,Y,35.61,2074.0159,19,-1.5,692.3448,3,39.61,0.9437-0.9722,1.4949E2,7,19141,230221 Sample_37_S1-A8_1_7687.d,1,1,594,612,,,PEAKS DB
1,419908,tr|F1RX36|F1RX36_PIG,K.DSSTLSRNIIELLR.G,Y,35.42,1615.8893,14,4.8,808.9558,2,42.56,1.1186-1.1469,0,7,22100,230221 Sample_37_S1-A8_1_7687.d,0,0,129,142,,,PEAKS DB
2,419909,tr|F1RX37|F1RX37_PIG,R.EEAPSLRPVAPPISAGGYQPRP.A,Y,79.86,2288.1912,22,1.9,763.7391,3,25.17,0.9060-0.9345,9.6803E4,7,12455,230221 Sample_37_S1-A8_1_7687.d,5,5,58,79,,,PEAKS DB
2,419909,tr|F1RX37|F1RX37_PIG,R.EEAPSLRPVAPPISAGGYQPRPA.K,Y,70.14,2359.2283,23,3.8,787.4197,3,30.67,0.9048-0.9334,5.6334E4,7,14491,230221 Sample_37_S1-A8_1_7687.d,5,5,58,80,,,PEAKS DB
2,419909,tr|F1RX37|F1RX37_PIG,P.SLRPVAPPISAGGYQPRPA.K,Y,69.24,1933.0533,19,3.6,645.3607,3,22.46,0.7900-0.8188,8.9608E2,7,11059,230221 Sample_37_S1-A8_1_7687.d,2,2,62,80,,,PEAKS DB
2,419909,tr|F1RX37|F1RX37_PIG,E.EAPSLRPVAPPISAGGYQPRP.A,Y,69.19,2159.1487,21,2.6,720.7253,3,24.93,0.8991-0.9277,2.1322E4,7,12311,230221 Sample_37_S1-A8_1_7687.d,2,2,59,79,,,PEAKS DB
2,419909,tr|F1RX37|F1RX37_PIG,P.SLRPVAPPISAGGYQPRP.A,Y,66.30,1862.0162,18,1.7,621.6804,3,22.97,0.7785-0.8073,2.3794E2,7,11378,230221 Sample_37_S1-A8_1_7687.d,2,2,62,79,,,PEAKS DB
2,419909,tr|F1RX37|F1RX37_PIG,E.EAPSLRPVAPPISAGGYQPRPA.K,Y,65.64,2230.1858,22,10.0,744.4100,3,24.81,0.8762-0.9048,1.127E4,7,12305,230221 Sample_37_S1-A8_1_7687.d,3,3,59,80,,,PEAKS DB
2,419909,tr|F1RX37|F1RX37_PIG,V.APPISAGGYQPRPA.K,Y,64.01,1380.7150,14,-0.1,691.3647,2,16.91,0.9414-0.9699,3.1344E4,7,7760,230221 Sample_37_S1-A8_1_7687.d,3,3,67,80,,,PEAKS DB
2,419909,tr|F1RX37|F1RX37_PIG,R.EEAPSLRPVAPPISAGGYQPRPAKVAIGQ.K,Y,63.67,2955.5930,29,1.4,739.9066,4,32.41,1.0075-1.0359,4.5202E4,7,15580,230221 Sample_37_S1-A8_1_7687.d,6,6,58,86,,,PEAKS DB
2,419909,tr|F1RX37|F1RX37_PIG,L.RPVAPPISAGGYQPRP.A,Y,63.35,1661.9001,16,1.3,554.9747,3,18.78,0.8773-0.9060,1.2512E3,7,8894,230221 Sample_37_S1-A8_1_7687.d,3,3,64,79,,,PEAKS DB
2,419909,tr|F1RX37|F1RX37_PIG,R.REEAPSLRPVAPPISAGGYQPRPA.K,Y,62.89,2515.3293,24,2.8,629.8414,4,31.71,0.9380-0.9665,1.2597E4,7,15066,230221 Sample_37_S1-A8_1_7687.d,2,2,57,80,,,PEAKS DB
2,419909,tr|F1RX37|F1RX37_PIG,L.RPVAPPISAGGYQPRPA.K,Y,62.46,1732.9373,17,-4.8,578.6503,3,18.20,0.8130-0.8418,3.0256E3,7,8533,230221 Sample_37_S1-A8_1_7687.d,4,4,64,80,,,PEAKS DB
2,419909,tr|F1RX37|F1RX37_PIG,Y.DKRREEAPSLRPVAPPISAGGYQPRP.A,Y,60.65,2843.5154,26,-2.7,569.7088,5,21.21,0.8854-0.9140,2.3485E3,7,10495,230221 Sample_37_S1-A8_1_7687.d,1,1,54,79,,,PEAKS DB
2,419909,tr|F1RX37|F1RX37_PIG,E.APSLRPVAPPISAGGYQPRP.A,Y,60.36,2030.1061,20,2.3,677.7109,3,24.39,0.8429-0.8716,7.1802E2,7,12092,230221 Sample_37_S1-A8_1_7687.d,2,2,60,79,,,PEAKS DB
2,419909,tr|F1RX37|F1RX37_PIG,R.REEAPSLRPVAPPISAGGYQPRP.A,Y,59.96,2444.2922,23,2.9,612.0821,4,32.03,0.9151-0.9437,1.1707E4,7,15230,230221 Sample_37_S1-A8_1_7687.d,2,2,57,79,,,PEAKS DB
2,419909,tr|F1RX37|F1RX37_PIG,R.REEAPSLRPVAPPISAGGYQPRPAKV.A,Y,59.94,2742.4929,26,2.0,686.6319,4,32.78,0.9847-1.0132,3.4221E3,7,15800,230221 Sample_37_S1-A8_1_7687.d,2,2,57,82,,,PEAKS DB
2,419909,tr|F1RX37|F1RX37_PIG,K.RREEAPSLRPVAPPISAGGYQPRPA.K,Y,59.82,2671.4307,25,2.7,535.2949,5,32.67,0.8716-0.9002,1.8691E4,7,15680,230221 Sample_37_S1-A8_1_7687.d,5,5,56,80,,,PEAKS DB
2,419909,tr|F1RX37|F1RX37_PIG,R.GHRPYDKRREEAPSLRPVAPPISAGGYQPRPA.K,Y,58.94,3524.8501,32,0.6,705.9777,5,34.47,0.9471-0.9756,1.5133E4,7,16585,230221 Sample_37_S1-A8_1_7687.d,3,3,49,80,,,PEAKS DB
2,419909,tr|F1RX37|F1RX37_PIG,A.AIDYDEDEDGRPKVHVDA.R,Y,58.70,2042.9181,18,-10.0,681.9731,3,16.19,0.9128-0.9414,3.8918E5,7,7163,230221 Sample_37_S1-A8_1_7687.d,20,20,30,47,,,PEAKS DB
2,419909,tr|F1RX37|F1RX37_PIG,L.RPVAPPISAGGYQPRPAKVAIGQ.K,Y,58.68,2329.3018,23,1.2,583.3334,4,20.82,0.9323-0.9608,6.4216E2,7,10241,230221 Sample_37_S1-A8_1_7687.d,2,2,64,86,,,PEAKS DB
2,419909,tr|F1RX37|F1RX37_PIG,R.EEAPSLRPVAPPISA.G,Y,58.67,1532.8198,15,1.5,767.4183,2,26.40,1.0291-1.0575,9.2296E3,7,12722,230221 Sample_37_S1-A8_1_7687.d,2,2,58,72,,,PEAKS DB
2,419909,tr|F1RX37|F1RX37_PIG,R.EEAPSLRPVAPPISAG.G,Y,57.74,1589.8413,16,-1.6,795.9266,2,25.01,1.0371-1.0654,7.989E2,7,12360,230221 Sample_37_S1-A8_1_7687.d,2,2,58,73,,,PEAKS DB
2,419909,tr|F1RX37|F1RX37_PIG,D.YDEDEDGRPKVHVDA.R,Y,57.31,1743.7699,15,5.5,582.2671,3,22.33,0.8096-0.8383,4.1609E5,7,11017,230221 Sample_37_S1-A8_1_7687.d,9,9,33,47,,,PEAKS DB
2,419909,tr|F1RX37|F1RX37_PIG,A.PPISAGGYQPRPAKVAIGQ.K,Y,57.30,1906.0424,19,5.9,636.3585,3,19.32,0.9585-0.9870,8.9461E2,7,9182,230221 Sample_37_S1-A8_1_7687.d,1,1,68,86,,,PEAKS DB
2,419909,tr|F1RX37|F1RX37_PIG,R.GHRPYDKRREEAPSLRPVAPPISAGGYQPRP.A,Y,56.79,3453.8130,31,3.0,691.7719,5,42.45,0.9460-0.9745,1.122E4,7,21781,230221 Sample_37_S1-A8_1_7687.d,3,3,49,79,,,PEAKS DB
2,419909,tr|F1RX37|F1RX37_PIG,K.RREEAPSLRPVAPPISAGGYQPRPAKVAIGQ.K,Y,56.55,3267.7952,31,-0.6,654.5659,5,23.07,0.9551-0.9836,1.4956E4,7,11418,230221 Sample_37_S1-A8_1_7687.d,5,5,56,86,,,PEAKS DB
2,419909,tr|F1RX37|F1RX37_PIG,G.HRPYDKRREEAPSLRPVAPPISAGGYQPRPA.K,Y,56.03,3467.8286,31,2.3,694.5746,5,42.45,0.9619-0.9904,2.6308E3,7,21832,230221 Sample_37_S1-A8_1_7687.d,2,2,50,80,,,PEAKS DB
2,419909,tr|F1RX37|F1RX37_PIG,K.RREEAPSLRPVAPPISAGGYQPRP.A,Y,55.96,2600.3936,24,3.5,651.1079,4,32.87,0.8968-0.9254,1.3049E4,7,15879,230221 Sample_37_S1-A8_1_7687.d,4,4,56,79,,,PEAKS DB
2,419909,tr|F1RX37|F1RX37_PIG,D.YDEDEDGRPK.V,Y,55.89,1222.5101,10,-4.5,612.2596,2,5.21,0.8808-0.9094,0,7,520,230221 Sample_37_S1-A8_1_7687.d,0,0,33,42,,,PEAKS DB
2,419909,tr|F1RX37|F1RX37_PIG,R.GHRPYDKRREEAPSLRPVAPPISAGGYQPRPAKVAIGQ.K,Y,55.82,4121.2144,38,0.3,687.8765,6,42.46,1.0371-1.0654,1.0483E4,7,21812,230221 Sample_37_S1-A8_1_7687.d,3,3,49,86,,,PEAKS DB
2,419909,tr|F1RX37|F1RX37_PIG,Y.DEDEDGRPKVHVDA.R,Y,55.77,1580.7067,14,3.5,791.3633,2,10.36,1.0030-1.0314,1.5639E5,7,3651,230221 Sample_37_S1-A8_1_7687.d,22,22,34,47,,,PEAKS DB
2,419909,tr|F1RX37|F1RX37_PIG,R.EEAPSLRPVAPPIS.A,Y,55.47,1461.7827,14,3.0,731.9008,2,24.96,0.9779-1.0064,6.1426E3,7,12293,230221 Sample_37_S1-A8_1_7687.d,1,1,58,71,,,PEAKS DB
2,419909,tr|F1RX37|F1RX37_PIG,Y.DEDEDGRPKV.H,Y,55.43,1158.5153,10,0.7,580.2653,2,7.85,0.8441-0.8727,6.7358E3,7,1943,230221 Sample_37_S1-A8_1_7687.d,2,2,34,43,,,PEAKS DB
2,419909,tr|F1RX37|F1RX37_PIG,I.DYDEDEDGRPKVHVDA.R,Y,54.97,1858.7969,16,4.1,620.6088,3,12.66,0.8567-0.8854,4.4656E4,7,5249,230221 Sample_37_S1-A8_1_7687.d,12,12,32,47,,,PEAKS DB
2,419909,tr|F1RX37|F1RX37_PIG,P.YDKRREEAPSLRPVAPPISAGGYQPRP.A,Y,54.95,3006.5786,27,1.3,602.3238,5,33.41,0.8934-0.9220,1.032E3,7,16139,230221 Sample_37_S1-A8_1_7687.d,1,1,53,79,,,PEAKS DB
2,419909,tr|F1RX37|F1RX37_PIG,L.RPVAPPISAGGY.Q,Y,54.83,1183.6349,12,-1.3,592.8240,2,20.46,0.8636-0.8922,1.8194E2,7,10012,230221 Sample_37_S1-A8_1_7687.d,1,1,64,75,,,PEAKS DB
2,419909,tr|F1RX37|F1RX37_PIG,R.REEAPSLRPVAPPISAGGYQPRPAKVA.I,Y,54.79,2813.5300,27,-0.5,704.3894,4,32.60,0.9961-1.0246,1.3568E2,7,15754,230221 Sample_37_S1-A8_1_7687.d,1,1,57,83,,,PEAKS DB
2,419909,tr|F1RX37|F1RX37_PIG,R.EEAPSLRPVAPPISAGGYQPRPAKV.A,Y,54.22,2586.3916,25,4.1,647.6078,4,24.04,0.9631-0.9916,3.4348E3,7,11967,230221 Sample_37_S1-A8_1_7687.d,2,2,58,82,,,PEAKS DB
2,419909,tr|F1RX37|F1RX37_PIG,G.HRPYDKRREEAPSLRPVAPPISAGGYQPRP.A,Y,53.69,3396.7915,30,1.2,680.3664,5,34.63,0.9277-0.9562,2.7139E3,7,16684,230221 Sample_37_S1-A8_1_7687.d,1,1,50,79,,,PEAKS DB
2,419909,tr|F1RX37|F1RX37_PIG,A.AIDYDEDEDGRP.K,Y,53.32,1393.5634,12,0.9,697.7896,2,14.14,0.9494-0.9779,4.9655E2,7,5889,230221 Sample_37_S1-A8_1_7687.d,1,1,30,41,,,PEAKS DB
2,419909,tr|F1RX37|F1RX37_PIG,R.REEAPSLRPVAPPISAGGYQPRPAKVAIGQ.K,Y,52.43,3111.6941,30,2.8,778.9330,4,33.11,1.0450-1.0734,4.706E4,7,15937,230221 Sample_37_S1-A8_1_7687.d,4,4,57,86,,,PEAKS DB
2,419909,tr|F1RX37|F1RX37_PIG,V.APPISAGGYQPRPAKVAIGQ.K,Y,51.76,1977.0795,20,0.2,989.5472,2,20.05,1.2099-1.2380,1.4527E4,7,9620,230221 Sample_37_S1-A8_1_7687.d,10,10,67,86,,,PEAKS DB
2,419909,tr|F1RX37|F1RX37_PIG,E.APSLRPVAPPISA.G,Y,51.34,1274.7346,13,1.3,638.3754,2,24.91,0.9002-0.9288,1.569E2,7,12331,230221 Sample_37_S1-A8_1_7687.d,1,1,60,72,,,PEAKS DB
2,419909,tr|F1RX37|F1RX37_PIG,Y.DEDEDGRPKVH.V,Y,51.23,1295.5742,11,3.1,648.7964,2,5.12,0.8693-0.8980,5.1913E4,7,435,230221 Sample_37_S1-A8_1_7687.d,2,2,34,44,,,PEAKS DB
2,419909,tr|F1RX37|F1RX37_PIG,G.HRPYDKRREEAPSLRPVAPPISAGGYQPRPAKVAIGQ.K,Y,51.22,4064.1931,37,6.6,678.3773,6,42.46,1.0348-1.0632,5.7567E2,7,21905,230221 Sample_37_S1-A8_1_7687.d,1,1,50,86,,,PEAKS DB
2,419909,tr|F1RX37|F1RX37_PIG,Y.DKRREEAPSLRPVAPPISAGGYQPRPA.K,Y,51.02,2914.5525,27,3.9,583.9200,5,32.56,0.9117-0.9403,0,7,15721,230221 Sample_37_S1-A8_1_7687.d,0,0,54,80,,,PEAKS DB
2,419909,tr|F1RX37|F1RX37_PIG,A.IDYDEDEDGRP.K,Y,50.76,1322.5262,11,2.0,662.2717,2,13.17,0.9311-0.9597,2.7003E2,7,5412,230221 Sample_37_S1-A8_1_7687.d,1,1,31,41,,,PEAKS DB
2,419909,tr|F1RX37|F1RX37_PIG,K.RREEAPSLRPVAPPISAGGYQPRPAKV.A,Y,49.95,2898.5940,27,3.6,580.7281,5,33.67,0.8991-0.9277,1.8153E3,7,16215,230221 Sample_37_S1-A8_1_7687.d,1,1,56,82,,,PEAKS DB
2,419909,tr|F1RX37|F1RX37_PIG,A.IDYDEDEDGRPK.V,Y,49.87,1450.6211,12,4.8,484.5500,3,9.30,0.7577-0.7865,4.3173E2,7,2976,230221 Sample_37_S1-A8_1_7687.d,1,1,31,42,,,PEAKS DB
2,419909,tr|F1RX37|F1RX37_PIG,S.LRPVAPPISAGGYQPRPA.K,Y,49.58,1846.0212,18,0.3,616.3479,3,21.93,0.8268-0.8555,0,7,10834,230221 Sample_37_S1-A8_1_7687.d,0,0,63,80,,,PEAKS DB
2,419909,tr|F1RX37|F1RX37_PIG,D.EDEDGRPKVHVDA.R,Y,49.56,1465.6797,13,1.1,733.8480,2,12.45,0.9311-0.9597,6.9478E4,7,5047,230221 Sample_37_S1-A8_1_7687.d,11,11,35,47,,,PEAKS DB
2,419909,tr|F1RX37|F1RX37_PIG,I.DYDEDEDGRPK.V,Y,49.53,1337.5371,11,-1.4,669.7749,2,6.36,0.9151-0.9437,2.466E3,7,1061,230221 Sample_37_S1-A8_1_7687.d,2,2,32,42,,,PEAKS DB
2,419909,tr|F1RX37|F1RX37_PIG,P.SLRPVAPPISA.G,Y,49.42,1106.6448,11,3.9,554.3318,2,22.96,0.8441-0.8727,0,7,11398,230221 Sample_37_S1-A8_1_7687.d,0,0,62,72,,,PEAKS DB
2,419909,tr|F1RX37|F1RX37_PIG,P.SLRPVAPPISAGGYQPRPAKVAIGQ.K,Y,49.26,2529.4180,25,-1.3,633.3610,4,31.91,0.9665-0.9950,0,7,15254,230221 Sample_37_S1-A8_1_7687.d,0,0,62,86,,,PEAKS DB
2,419909,tr|F1RX37|F1RX37_PIG,L.RPVAPPISAGGYQP.R,Y,49.06,1408.7462,14,2.2,705.3820,2,21.08,0.9597-0.9882,1.4157E3,7,10381,230221 Sample_37_S1-A8_1_7687.d,2,2,64,77,,,PEAKS DB
2,419909,tr|F1RX37|F1RX37_PIG,A.AIDYDEDEDGRPK.V,Y,49.01,1521.6582,13,3.1,508.2283,3,10.17,0.7762-0.8050,4.4242E2,7,3545,230221 Sample_37_S1-A8_1_7687.d,1,1,30,42,,,PEAKS DB
2,419909,tr|F1RX37|F1RX37_PIG,I.DYDEDEDGRP.K,Y,48.98,1209.4421,10,-2.4,605.7269,2,8.92,0.8601-0.8888,7.5339E2,7,2714,230221 Sample_37_S1-A8_1_7687.d,1,1,32,41,,,PEAKS DB
2,419909,tr|F1RX37|F1RX37_PIG,V.APPISAGGYQPRPAKV.A,Y,48.88,1607.8783,16,1.2,536.9673,3,16.91,0.8188-0.8475,1.1032E3,7,7656,230221 Sample_37_S1-A8_1_7687.d,2,2,67,82,,,PEAKS DB
2,419909,tr|F1RX37|F1RX37_PIG,A.GGYQPRPAKVAIGQ.K,Y,48.78,1440.7837,14,1.8,721.4005,2,14.01,0.9779-1.0064,6.5567E3,7,5819,230221 Sample_37_S1-A8_1_7687.d,2,2,73,86,,,PEAKS DB
2,419909,tr|F1RX37|F1RX37_PIG,R.DNENVINEFSSELEK.H,Y,48.63,1765.8005,15,-0.2,883.9073,2,36.83,1.0756-1.1039,3.5933E2,7,17583,230221 Sample_37_S1-A8_1_7687.d,1,1,168,182,,,PEAKS DB
2,419909,tr|F1RX37|F1RX37_PIG,E.EAPSLRPVAPPISAGGYQPRPAKV.A,Y,48.51,2457.3491,24,1.6,615.3455,4,32.02,0.9231-0.9517,2.6072E2,7,15311,230221 Sample_37_S1-A8_1_7687.d,1,1,59,82,,,PEAKS DB
2,419909,tr|F1RX37|F1RX37_PIG,I.DYDEDEDGRPKVH.V,Y,48.48,1573.6644,13,1.0,525.5626,3,7.73,0.7623-0.7911,3.0101E3,7,1903,230221 Sample_37_S1-A8_1_7687.d,1,1,32,44,,,PEAKS DB
2,419909,tr|F1RX37|F1RX37_PIG,R.GGWTVIQNRQDGSVDFG.R,Y,48.32,1834.8597,17,6.0,918.4426,2,32.25,1.0971-1.1254,2.2286E2,7,15464,230221 Sample_37_S1-A8_1_7687.d,1,1,281,297,,,PEAKS DB
2,419909,tr|F1RX37|F1RX37_PIG,A.IDYDEDEDGRPKVHVDA.R,Y,47.87,1971.8810,17,0.2,658.3011,3,15.07,0.8578-0.8865,1.8676E4,7,6378,230221 Sample_37_S1-A8_1_7687.d,4,4,31,47,,,PEAKS DB
2,419909,tr|F1RX37|F1RX37_PIG,E.DEDGRPKV.H,Y,47.57,914.4457,8,2.7,458.2314,2,6.97,0.7704-0.7992,5.9756E4,7,1296,230221 Sample_37_S1-A8_1_7687.d,3,3,36,43,,,PEAKS DB
2,419909,tr|F1RX37|F1RX37_PIG,R.EEAPSLRPV.A,Y,47.50,996.5240,9,1.2,499.2699,2,17.77,0.7762-0.8050,3.8717E3,7,8319,230221 Sample_37_S1-A8_1_7687.d,1,1,58,66,,,PEAKS DB
2,419909,tr|F1RX37|F1RX37_PIG,V.APPISAGGYQPRP.A,Y,47.12,1309.6779,13,3.1,655.8482,2,17.47,0.9243-0.9528,1.3685E3,7,7996,230221 Sample_37_S1-A8_1_7687.d,1,1,67,79,,,PEAKS DB
2,419909,tr|F1RX37|F1RX37_PIG,E.DEDGRPKVHVDA.R,Y,46.50,1336.6371,12,1.8,669.3270,2,12.45,0.9380-0.9665,5.5595E4,7,5043,230221 Sample_37_S1-A8_1_7687.d,10,10,36,47,,,PEAKS DB
2,419909,tr|F1RX37|F1RX37_PIG,D.GRPKVHVDA.R,Y,46.28,977.5406,9,2.7,489.7789,2,12.42,0.8452-0.8739,3.505E3,7,5038,230221 Sample_37_S1-A8_1_7687.d,2,2,39,47,,,PEAKS DB
2,419909,tr|F1RX37|F1RX37_PIG,E.EAPSLRPVAPPISA.G,Y,45.92,1403.7772,14,1.8,702.8972,2,25.51,0.9505-0.9790,2.7468E2,7,12583,230221 Sample_37_S1-A8_1_7687.d,1,1,59,72,,,PEAKS DB
2,419909,tr|F1RX37|F1RX37_PIG,P.PISAGGYQPRPAKVAIGQ.K,Y,45.41,1808.9896,18,2.7,604.0054,3,18.25,0.9334-0.9619,2.813E2,7,8574,230221 Sample_37_S1-A8_1_7687.d,1,1,69,86,,,PEAKS DB
2,419909,tr|F1RX37|F1RX37_PIG,E.EAPSLRPVAPPIS.A,Y,45.40,1332.7401,13,1.2,667.3781,2,24.46,0.9277-0.9562,8.3141E2,7,12109,230221 Sample_37_S1-A8_1_7687.d,1,1,59,71,,,PEAKS DB
2,419909,tr|F1RX37|F1RX37_PIG,L.RPVAPPISA.G,Y,44.97,906.5287,9,8.1,454.2753,2,16.86,0.7600-0.7888,2.6551E2,7,7630,230221 Sample_37_S1-A8_1_7687.d,1,1,64,72,,,PEAKS DB
2,419909,tr|F1RX37|F1RX37_PIG,Y.DEDEDGRPKVHVD.A,Y,44.80,1509.6696,13,-2.0,504.2294,3,8.78,0.7612-0.7900,2.5655E3,7,2622,230221 Sample_37_S1-A8_1_7687.d,1,1,34,46,,,PEAKS DB
2,419909,tr|F1RX37|F1RX37_PIG,Y.QPRPAKVAIGQ.K,Y,44.63,1163.6775,11,-5.1,582.8431,2,10.40,0.9265-0.9551,4.429E2,7,3759,230221 Sample_37_S1-A8_1_7687.d,1,1,76,86,,,PEAKS DB
2,419909,tr|F1RX37|F1RX37_PIG,E.EAPSLRPVAPPISAGGYQPRPAKVAIGQ.K,Y,44.58,2826.5503,28,3.4,707.6472,4,25.19,0.9676-0.9961,2.6139E3,7,12462,230221 Sample_37_S1-A8_1_7687.d,4,4,59,86,,,PEAKS DB
2,419909,tr|F1RX37|F1RX37_PIG,P.YDKRREEAPSLRPVAPPISAGGYQPRPA.K,Y,44.21,3077.6157,28,0.2,616.5305,5,33.18,0.9208-0.9494,0,7,16114,230221 Sample_37_S1-A8_1_7687.d,0,0,53,80,,,PEAKS DB
2,419909,tr|F1RX37|F1RX37_PIG,D.EDGRPKVHVDA.R,Y,43.93,1221.6101,11,0.6,611.8127,2,12.44,0.9128-0.9414,5.2939E3,7,5050,230221 Sample_37_S1-A8_1_7687.d,4,4,37,47,,,PEAKS DB
2,419909,tr|F1RX37|F1RX37_PIG,A.PPISAGGYQPRPA.K,Y,43.58,1309.6779,13,1.4,655.8471,2,15.69,0.9185-0.9471,6.1474E2,7,6799,230221 Sample_37_S1-A8_1_7687.d,1,1,68,80,,,PEAKS DB
2,419909,tr|F1RX37|F1RX37_PIG,D.YDEDEDGRP.K,Y,43.42,1094.4152,9,-1.0,548.2143,2,8.38,0.8211-0.8498,1.4251E3,7,2347,230221 Sample_37_S1-A8_1_7687.d,1,1,33,41,,,PEAKS DB
2,419909,tr|F1RX37|F1RX37_PIG,R.EEAPSLRPVAPPISAGGYQP.R,Y,42.92,2035.0374,20,-0.2,1018.5258,2,28.47,1.1660-1.1942,1.0261E3,7,13440,230221 Sample_37_S1-A8_1_7687.d,1,1,58,77,,,PEAKS DB
2,419909,tr|F1RX37|F1RX37_PIG,I.SAGGYQPRPAKVAIGQ.K,Y,42.89,1598.8528,16,2.2,533.9594,3,14.29,0.7888-0.8176,1.172E3,7,5983,230221 Sample_37_S1-A8_1_7687.d,2,2,71,86,,,PEAKS DB
2,419909,tr|F1RX37|F1RX37_PIG,E.DGRPKVHVDA.R,Y,42.48,1092.5676,10,2.3,547.2924,2,12.45,0.8945-0.9231,1.1776E3,7,5037,230221 Sample_37_S1-A8_1_7687.d,1,1,38,47,,,PEAKS DB
2,419909,tr|F1RX37|F1RX37_PIG,Y.DEDEDGRP.K,Y,42.35,931.3519,8,3.4,466.6848,2,4.94,0.7519-0.7808,1.1753E3,7,328,230221 Sample_37_S1-A8_1_7687.d,1,1,34,41,,,PEAKS DB
2,419909,tr|F1RX37|F1RX37_PIG,A.GGYQPRPA.K,Y,41.96,844.4191,8,2.6,423.2179,2,7.74,0.7219-0.7508,4.7273E3,7,1927,230221 Sample_37_S1-A8_1_7687.d,1,1,73,80,,,PEAKS DB
2,419909,tr|F1RX37|F1RX37_PIG,R.DNENVINEFSSELEKHQ.L,Y,41.96,2030.9181,17,0.7,677.9805,3,36.56,0.9071-0.9357,0,7,17480,230221 Sample_37_S1-A8_1_7687.d,0,0,168,184,,,PEAKS DB
2,419909,tr|F1RX37|F1RX37_PIG,L.RPVAPPIS.A,Y,41.84,835.4916,8,2.4,418.7541,2,14.66,0.7300-0.7589,7.3006E2,7,6132,230221 Sample_37_S1-A8_1_7687.d,1,1,64,71,,,PEAKS DB
2,419909,tr|F1RX37|F1RX37_PIG,R.EEAPSLRPVAPP.I,Y,41.68,1261.6666,12,1.4,631.8415,2,21.18,0.9002-0.9288,3.483E2,7,10431,230221 Sample_37_S1-A8_1_7687.d,1,1,58,69,,,PEAKS DB
2,419909,tr|F1RX37|F1RX37_PIG,P.VAPPISAGGYQPRPAKVAIGQ.K,Y,41.59,2076.1479,21,4.5,693.0597,3,21.84,0.8521-0.8808,6.3759E2,7,10765,230221 Sample_37_S1-A8_1_7687.d,1,1,66,86,,,PEAKS DB
2,419909,tr|F1RX37|F1RX37_PIG,R.PVAPPISAGGYQPRPA.K,Y,41.53,1576.8361,16,-2.1,789.4236,2,21.07,1.0155-1.0439,3.0693E2,7,10415,230221 Sample_37_S1-A8_1_7687.d,1,1,65,80,,,PEAKS DB
2,419909,tr|F1RX37|F1RX37_PIG,R.GHRPYDKRREEAPSLRPVAPPISA.G,Y,41.53,2698.4414,24,1.3,675.6185,4,34.26,0.8280-0.8567,3.0396E3,7,16526,230221 Sample_37_S1-A8_1_7687.d,2,2,49,72,,,PEAKS DB
2,419909,tr|F1RX37|F1RX37_PIG,E.DEDGRPKVHV.D,Y,41.52,1150.5730,10,3.7,384.5330,3,9.32,0.6953-0.7242,4.4561E3,7,2962,230221 Sample_37_S1-A8_1_7687.d,2,2,36,45,,,PEAKS DB
2,419909,tr|F1RX37|F1RX37_PIG,H.RPYDKRREEAPSLRPVAPPISAGGYQPRP.A,Y,41.39,3259.7324,29,1.9,652.9550,5,34.07,0.8957-0.9243,0,7,16476,230221 Sample_37_S1-A8_1_7687.d,0,0,51,79,,,PEAKS DB
2,419909,tr|F1RX37|F1RX37_PIG,R.PKVHVDA.R,Y,40.79,764.4181,7,1.3,383.2168,2,12.45,0.7265-0.7554,2.5256E2,7,5076,230221 Sample_37_S1-A8_1_7687.d,1,1,41,47,,,PEAKS DB
2,419909,tr|F1RX37|F1RX37_PIG,G.HRPYDKRREEAPSLRPVAPPISA.G,Y,40.78,2641.4199,23,-3.5,661.3599,4,42.41,0.8337-0.8624,0,7,21789,230221 Sample_37_S1-A8_1_7687.d,0,0,50,72,,,PEAKS DB
2,419909,tr|F1RX37|F1RX37_PIG,R.EEAPSLRP.V,Y,40.49,897.4556,8,0.5,449.7353,2,14.82,0.7692-0.7981,2.6174E2,7,6243,230221 Sample_37_S1-A8_1_7687.d,1,1,58,65,,,PEAKS DB
2,419909,tr|F1RX37|F1RX37_PIG,D.EDEDGRPKVH.V,Y,39.17,1180.5472,10,3.8,591.2831,2,4.59,0.8532-0.8819,1.8451E2,7,269,230221 Sample_37_S1-A8_1_7687.d,1,1,35,44,,,PEAKS DB
2,419909,tr|F1RX37|F1RX37_PIG,E.EAPSLRPV.A,Y,38.99,867.4814,8,5.1,434.7502,2,16.71,0.7519-0.7808,1.9004E2,7,7550,230221 Sample_37_S1-A8_1_7687.d,1,1,59,66,,,PEAKS DB
2,419909,tr|F1RX37|F1RX37_PIG,D.EDGRPKV.H,Y,38.97,799.4188,7,1.0,400.7171,2,5.86,0.7311-0.7600,6.318E3,7,844,230221 Sample_37_S1-A8_1_7687.d,2,2,37,43,,,PEAKS DB
2,419909,tr|F1RX37|F1RX37_PIG,K.RREEAPSLRPVAPPISA.G,Y,37.96,1845.0220,17,-1.3,616.0138,3,21.38,0.8038-0.8326,0,7,10586,230221 Sample_37_S1-A8_1_7687.d,0,0,56,72,,,PEAKS DB
2,419909,tr|F1RX37|F1RX37_PIG,E.DEDGRPKVHVD.A,Y,37.88,1265.6000,11,0.4,422.8741,3,8.01,0.7219-0.7508,4.0914E2,7,2112,230221 Sample_37_S1-A8_1_7687.d,1,1,36,46,,,PEAKS DB
2,419909,tr|F1RX37|F1RX37_PIG,Y.DKRREEAPSLRPVAPPISA.G,Y,37.64,2088.1438,19,-0.7,523.0428,4,20.57,0.7808-0.8096,1.7736E2,7,10084,230221 Sample_37_S1-A8_1_7687.d,1,1,54,72,,,PEAKS DB
2,419909,tr|F1RX37|F1RX37_PIG,Y.DEDEDGRPKVHV.D,Y,37.48,1394.6426,12,-0.6,465.8878,3,10.14,0.7485-0.7773,1.5941E3,7,3508,230221 Sample_37_S1-A8_1_7687.d,1,1,34,45,,,PEAKS DB
2,419909,tr|F1RX37|F1RX37_PIG,P.RPAKVAIGQ.K,Y,37.46,938.5661,9,1.8,470.2912,2,8.58,0.8142-0.8429,2.1465E2,7,2562,230221 Sample_37_S1-A8_1_7687.d,1,1,78,86,,,PEAKS DB
2,419909,tr|F1RX37|F1RX37_PIG,S.AGGYQPRPAKVAIGQ.K,Y,37.12,1511.8208,15,7.9,504.9515,3,14.11,0.8199-0.8487,1.9764E2,7,5887,230221 Sample_37_S1-A8_1_7687.d,1,1,72,86,,,PEAKS DB
2,419909,tr|F1RX37|F1RX37_PIG,D.EDEDGRPKVHVD.A,Y,36.47,1394.6426,12,3.6,465.8898,3,8.03,0.7450-0.7739,1.1574E2,7,2156,230221 Sample_37_S1-A8_1_7687.d,1,1,35,46,,,PEAKS DB
2,419909,tr|F1RX37|F1RX37_PIG,D.EDEDGRPKVHV.D,Y,36.17,1279.6156,11,-4.2,427.5440,3,9.27,0.7254-0.7542,2.9228E2,7,2955,230221 Sample_37_S1-A8_1_7687.d,1,1,35,45,,,PEAKS DB
2,419909,tr|F1RX37|F1RX37_PIG,Y.DKRREEAPSLRPV.A,Y,36.05,1551.8480,13,-0.5,518.2897,3,12.24,0.7692-0.7981,1.9289E2,7,4890,230221 Sample_37_S1-A8_1_7687.d,1,1,54,66,,,PEAKS DB
2,419909,tr|F1RX37|F1RX37_PIG,R.PVAPPISAGGYQPRPAKVAIGQ.K,Y,35.96,2173.2007,22,4.8,725.4110,3,23.08,0.8567-0.8854,1.2028E3,7,11415,230221 Sample_37_S1-A8_1_7687.d,3,3,65,86,,,PEAKS DB
2,419909,tr|F1RX37|F1RX37_PIG,D.YDEDEDGRPKVH.V,Y,35.36,1458.6375,12,8.4,487.2238,3,7.14,0.7450-0.7739,0,7,1560,230221 Sample_37_S1-A8_1_7687.d,0,0,33,44,,,PEAKS DB
3,318471,P01965|HBA_PIG,G.HLDDLPGALSALSDLHAHKL.R,Y,74.48,2122.1169,20,1.9,708.3809,3,42.52,1.0439-1.0722,5.9107E2,7,21975,230221 Sample_37_S1-A8_1_7687.d,1,1,72,91,,,PEAKS DB
3,318471,P01965|HBA_PIG,L.DDLPGALSALSDLHAH.K,Y,59.89,1630.7950,16,-1.7,816.4034,2,37.57,1.1096-1.1378,6.128E3,7,17973,230221 Sample_37_S1-A8_1_7687.d,3,3,74,89,,,PEAKS DB
3,318471,P01965|HBA_PIG,L.AAHHPDDFNPSVHA.S,Y,58.66,1513.6698,14,7.8,505.5678,3,12.54,0.7404-0.7692,3.6283E2,7,5140,230221 Sample_37_S1-A8_1_7687.d,2,2,110,123,,,PEAKS DB
3,318471,P01965|HBA_PIG,D.DLPGALSALSDLHAH.K,Y,56.97,1515.7681,15,2.1,758.8929,2,38.10,1.0813-1.1096,7.1149E2,7,18221,230221 Sample_37_S1-A8_1_7687.d,1,1,75,89,,,PEAKS DB
3,318471,P01965|HBA_PIG,K.VGGQAGAHGAEALE.R,Y,56.94,1265.6000,14,1.6,633.8083,2,11.75,0.9025-0.9311,1.4873E4,7,4767,230221 Sample_37_S1-A8_1_7687.d,2,2,17,30,,,PEAKS DB
3,318471,P01965|HBA_PIG,L.RVDPVNFKLLSH.C,Y,56.93,1423.7936,12,1.2,475.6057,3,33.64,0.7692-0.7981,3.2485E4,7,16213,230221 Sample_37_S1-A8_1_7687.d,5,5,92,103,,,PEAKS DB
3,318471,P01965|HBA_PIG,A.VGHLDDLPGALSALSDLHAHKL.R,Y,56.34,2278.2070,22,0.2,570.5591,4,42.52,0.8544-0.8831,6.4017E2,7,21978,230221 Sample_37_S1-A8_1_7687.d,1,1,70,91,,,PEAKS DB
3,318471,P01965|HBA_PIG,F.LANVSTVLTSKYR,Y,56.27,1450.8143,13,2.0,726.4159,2,30.96,1.0507-1.0790,7.2853E3,7,14550,230221 Sample_37_S1-A8_1_7687.d,4,4,129,141,,,PEAKS DB
3,318471,P01965|HBA_PIG,G.HLDDLPGALSALSDLHAH.K,Y,55.56,1880.9380,18,0.7,627.9871,3,38.98,0.9471-0.9756,8.3739E2,7,18658,230221 Sample_37_S1-A8_1_7687.d,1,1,72,89,,,PEAKS DB
3,318471,P01965|HBA_PIG,H.GQKVADALTKAVG.H,Y,55.41,1256.7089,13,3.7,629.3640,2,28.65,0.9197-0.9483,8.0808E3,7,13649,230221 Sample_37_S1-A8_1_7687.d,4,4,59,71,,,PEAKS DB
3,318471,P01965|HBA_PIG,V.GHLDDLPGALSALSDLHAHKL.R,Y,55.38,2179.1384,21,-1.0,545.7913,4,42.51,0.8383-0.8670,5.5411E2,7,21943,230221 Sample_37_S1-A8_1_7687.d,1,1,71,91,,,PEAKS DB
3,318471,P01965|HBA_PIG,F.LANVSTVLTSKY.R,Y,55.02,1294.7133,12,3.7,648.3663,2,27.31,0.9345-0.9631,2.5979E3,7,12963,230221 Sample_37_S1-A8_1_7687.d,2,2,129,140,,,PEAKS DB
3,318471,P01965|HBA_PIG,L.SALSDLHAHKL.R,Y,54.95,1190.6407,11,-0.7,596.3272,2,31.43,0.9288-0.9574,7.7905E2,7,14915,230221 Sample_37_S1-A8_1_7687.d,1,1,81,91,,,PEAKS DB
3,318471,P01965|HBA_PIG,W.GKVGGQAGAHGAEALER.M,Y,54.58,1606.8175,17,0.0,536.6131,3,8.71,0.7704-0.7992,3.7218E2,7,2600,230221 Sample_37_S1-A8_1_7687.d,1,1,15,31,,,PEAKS DB
3,318471,P01965|HBA_PIG,L.AAHHPDDFNPSVH.A,Y,54.43,1442.6327,13,2.7,481.8861,3,28.48,0.7831-0.8119,3.3614E3,7,13454,230221 Sample_37_S1-A8_1_7687.d,2,2,110,122,,,PEAKS DB
3,318471,P01965|HBA_PIG,F.PTTKTYFPHFNL.S,Y,54.38,1464.7401,12,-0.2,733.3772,2,37.67,1.0166-1.0450,1.1078E4,7,17978,230221 Sample_37_S1-A8_1_7687.d,3,3,37,48,,,PEAKS DB
3,318471,P01965|HBA_PIG,K.VGGQAGAHGAEAL.E,Y,54.24,1136.5574,13,0.1,569.2860,2,12.19,0.8509-0.8796,3.392E3,7,4809,230221 Sample_37_S1-A8_1_7687.d,1,1,17,29,,,PEAKS DB
3,318471,P01965|HBA_PIG,VLSAADKANVKAA.W,Y,53.18,1256.7087,13,1.5,629.3626,2,10.62,0.9014-0.9300,1.7308E4,7,3832,230221 Sample_37_S1-A8_1_7687.d,2,2,1,13,,,PEAKS DB
3,318471,P01965|HBA_PIG,H.PDDFNPSVH.A,Y,52.50,1026.4407,9,-0.3,514.2275,2,14.36,0.8429-0.8716,7.5939E1,7,6025,230221 Sample_37_S1-A8_1_7687.d,1,1,114,122,,,PEAKS DB
3,318471,P01965|HBA_PIG,F.PTTKTYFPHFNLS.H,Y,52.34,1551.7721,13,1.2,776.8943,2,35.33,1.0234-1.0518,1.0657E4,7,16896,230221 Sample_37_S1-A8_1_7687.d,2,2,37,49,,,PEAKS DB
3,318471,P01965|HBA_PIG,D.ALTKAVGHLDDLPGALSA.L,Y,51.26,1747.9468,18,4.6,874.9847,2,33.71,1.1254-1.1536,7.5149E2,7,16281,230221 Sample_37_S1-A8_1_7687.d,1,1,65,82,,,PEAKS DB
3,318471,P01965|HBA_PIG,VLSAADKANVKA.A,Y,50.46,1185.6716,12,1.8,593.8442,2,10.69,0.8945-0.9231,4.5957E3,7,3889,230221 Sample_37_S1-A8_1_7687.d,2,2,1,12,,,PEAKS DB
3,318471,P01965|HBA_PIG,G.HLDDLPGALSALSD.L,Y,49.75,1422.6990,14,-0.3,712.3566,2,37.21,0.9768-1.0052,9.936E2,7,17728,230221 Sample_37_S1-A8_1_7687.d,1,1,72,85,,,PEAKS DB
3,318471,P01965|HBA_PIG,A.SLDKFLANVSTVLTSKY.R,Y,49.08,1885.0197,17,-1.4,943.5157,2,42.69,1.1717-1.1998,5.9953E2,7,22352,230221 Sample_37_S1-A8_1_7687.d,1,1,124,140,,,PEAKS DB
3,318471,P01965|HBA_PIG,A.VGHLDDLPGALSALSDLHAH.K,Y,49.06,2037.0280,20,-4.7,680.0134,3,39.60,0.9722-1.0007,2.8777E2,7,19118,230221 Sample_37_S1-A8_1_7687.d,1,1,70,89,,,PEAKS DB
3,318471,P01965|HBA_PIG,A.LSDLHAHKL.R,Y,48.86,1032.5717,9,2.8,517.2946,2,29.90,0.8590-0.8876,6.1483E3,7,14339,230221 Sample_37_S1-A8_1_7687.d,4,4,83,91,,,PEAKS DB
3,318471,P01965|HBA_PIG,K.VGGQAGAHGAEALER.M,Y,48.19,1421.7010,15,2.2,474.9087,3,9.78,0.7519-0.7808,6.437E2,7,3320,230221 Sample_37_S1-A8_1_7687.d,1,1,17,31,,,PEAKS DB
3,318471,P01965|HBA_PIG,A.NVSTVLTSKYR,Y,48.17,1266.6932,11,4.8,634.3569,2,16.79,0.9631-0.9916,1.1131E3,7,7567,230221 Sample_37_S1-A8_1_7687.d,2,2,131,141,,,PEAKS DB
3,318471,P01965|HBA_PIG,A.VGHLDDLPGALSAL.S,Y,47.97,1376.7300,14,2.5,689.3740,2,40.79,0.9870-1.0155,5.5053E3,7,19857,230221 Sample_37_S1-A8_1_7687.d,1,1,70,83,,,PEAKS DB
3,318471,P01965|HBA_PIG,H.ASLDKFLANV.S,Y,47.56,1076.5865,10,2.0,539.3016,2,36.99,0.8578-0.8865,1.7357E3,7,17613,230221 Sample_37_S1-A8_1_7687.d,1,1,123,132,,,PEAKS DB
3,318471,P01965|HBA_PIG,A.VGHLDDLPGALSA.L,Y,47.42,1263.6459,13,1.2,632.8310,2,28.36,0.9163-0.9448,1.1898E4,7,13519,230221 Sample_37_S1-A8_1_7687.d,2,2,70,82,,,PEAKS DB
3,318471,P01965|HBA_PIG,P.DDFNPSVH.A,Y,47.41,929.3879,8,5.1,465.7036,2,13.50,0.7796-0.8084,5.1261E2,7,5552,230221 Sample_37_S1-A8_1_7687.d,1,1,115,122,,,PEAKS DB
3,318471,P01965|HBA_PIG,VLSAADKANVK.A,Y,46.78,1114.6345,11,2.4,558.3259,2,8.73,0.8670-0.8957,8.061E3,7,2592,230221 Sample_37_S1-A8_1_7687.d,2,2,1,11,,,PEAKS DB
3,318471,P01965|HBA_PIG,L.DKFLANVSTVLTSKY.R,Y,46.53,1684.9036,15,2.0,843.4608,2,38.35,1.0654-1.0937,1.0222E3,7,18337,230221 Sample_37_S1-A8_1_7687.d,1,1,126,140,,,PEAKS DB
3,318471,P01965|HBA_PIG,G.HLDDLPGALSAL.S,Y,46.48,1220.6400,12,0.9,611.3278,2,40.28,0.9094-0.9380,2.9505E3,7,19530,230221 Sample_37_S1-A8_1_7687.d,1,1,72,83,,,PEAKS DB
3,318471,P01965|HBA_PIG,G.AEALERM(+15.99)FLGF.P,Y,46.15,1298.6328,11,-2.4,650.3221,2,39.57,0.9323-0.9608,4.7601E2,7,19105,230221 Sample_37_S1-A8_1_7687.d,1,1,26,36,Oxidation (M),M7:Oxidation (M):1000.00,PEAKS DB
3,318471,P01965|HBA_PIG,K.TYFPHFNLS.H,Y,46.09,1124.5291,9,1.1,563.2724,2,36.07,0.8601-0.8888,4.8531E2,7,17246,230221 Sample_37_S1-A8_1_7687.d,1,1,41,49,,,PEAKS DB
3,318471,P01965|HBA_PIG,P.DDFNPSVHASLD.K,Y,46.01,1315.5680,12,2.9,658.7932,2,21.44,0.9105-0.9391,1.677E2,7,10592,230221 Sample_37_S1-A8_1_7687.d,1,1,115,126,,,PEAKS DB
3,318471,P01965|HBA_PIG,L.SAADKANVKAAWGKVGGQAGAHGAEALER.M,Y,45.83,2819.4426,29,1.3,564.8965,5,32.11,0.8945-0.9231,0,7,15396,230221 Sample_37_S1-A8_1_7687.d,0,0,3,31,,,PEAKS DB
3,318471,P01965|HBA_PIG,P.DDFNPSVHA.S,Y,45.76,1000.4250,9,1.1,501.2203,2,16.28,0.7911-0.8199,9.4444E2,7,7232,230221 Sample_37_S1-A8_1_7687.d,1,1,115,123,,,PEAKS DB
3,318471,P01965|HBA_PIG,L.SHGSDQVKAHGQKVADALTKA.V,Y,45.41,2147.1084,21,-2.8,537.7829,4,31.33,0.8027-0.8314,0,7,14894,230221 Sample_37_S1-A8_1_7687.d,0,0,49,69,,,PEAKS DB
3,318471,P01965|HBA_PIG,L.SDLHAHKL.R,Y,45.32,919.4875,8,3.0,460.7524,2,7.63,0.7877-0.8165,5.1077E3,7,1872,230221 Sample_37_S1-A8_1_7687.d,5,5,84,91,,,PEAKS DB
3,318471,P01965|HBA_PIG,V.STVLTSKYR,Y,45.17,1053.5818,9,1.8,527.7991,2,10.99,0.8578-0.8865,1.6454E4,7,4085,230221 Sample_37_S1-A8_1_7687.d,6,6,133,141,,,PEAKS DB
3,318471,P01965|HBA_PIG,V.GGQAGAHGAEALERM(+15.99).F,Y,45.12,1469.6681,15,3.5,490.8983,3,8.93,0.7554-0.7842,0,7,2764,230221 Sample_37_S1-A8_1_7687.d,0,0,18,32,Oxidation (M),M15:Oxidation (M):1000.00,PEAKS DB
3,318471,P01965|HBA_PIG,V.GGQAGAHGAEAL.E,Y,45.09,1037.4890,12,0.3,519.7520,2,10.22,0.7969-0.8257,8.8607E2,7,3573,230221 Sample_37_S1-A8_1_7687.d,1,1,18,29,,,PEAKS DB
3,318471,P01965|HBA_PIG,N.VSTVLTSKY.R,Y,44.96,996.5491,9,4.1,499.2839,2,18.26,0.8211-0.8498,1.0656E3,7,8561,230221 Sample_37_S1-A8_1_7687.d,1,1,132,140,,,PEAKS DB
3,318471,P01965|HBA_PIG,K.VGGQAGAHGAEALERM(+15.99).F,Y,44.55,1568.7365,16,1.3,523.9201,3,10.49,0.7992-0.8280,7.684E2,7,3778,230221 Sample_37_S1-A8_1_7687.d,1,1,17,32,Oxidation (M),M16:Oxidation (M):1000.00,PEAKS DB
3,318471,P01965|HBA_PIG,L.ANVSTVLTSKY.R,Y,44.52,1181.6292,11,-2.8,591.8202,2,22.36,0.8808-0.9094,1.139E2,7,11016,230221 Sample_37_S1-A8_1_7687.d,1,1,130,140,,,PEAKS DB
3,318471,P01965|HBA_PIG,K.AAWGKVGGQAGAHGAEALE.R,Y,44.42,1778.8699,19,2.0,890.4440,2,29.14,1.1164-1.1446,5.9026E2,7,13767,230221 Sample_37_S1-A8_1_7687.d,1,1,12,30,,,PEAKS DB
3,318471,P01965|HBA_PIG,VLSAADKANVKAAWGKVGGQAGAHGAEALER.M,Y,44.39,3031.5950,31,-3.0,607.3245,5,32.87,0.9231-0.9517,7.2048E2,7,15947,230221 Sample_37_S1-A8_1_7687.d,1,1,1,31,,,PEAKS DB
3,318471,P01965|HBA_PIG,G.GQAGAHGAEAL.E,Y,44.34,980.4675,11,3.0,491.2425,2,10.18,0.7819-0.8107,5.1158E2,7,3555,230221 Sample_37_S1-A8_1_7687.d,1,1,19,29,,,PEAKS DB
3,318471,P01965|HBA_PIG,F.PTTKTYFPHFNLSHGSDQVKAH.G,Y,44.32,2511.2295,22,-10.1,628.8083,4,34.17,0.8876-0.9163,0,7,16512,230221 Sample_37_S1-A8_1_7687.d,0,0,37,58,,,PEAKS DB
3,318471,P01965|HBA_PIG,H.ASLDKFLAN.V,Y,44.14,977.5182,9,3.3,489.7680,2,24.54,0.8004-0.8291,0,7,12188,230221 Sample_37_S1-A8_1_7687.d,0,0,123,131,,,PEAKS DB
3,318471,P01965|HBA_PIG,A.WGKVGGQAGAHGAEALE.R,Y,43.96,1636.7957,17,-2.3,819.4033,2,28.83,1.0121-1.0405,4.0653E2,7,13659,230221 Sample_37_S1-A8_1_7687.d,1,1,14,30,,,PEAKS DB
3,318471,P01965|HBA_PIG,VLSAADKANV.K,Y,43.73,986.5396,10,5.8,494.2799,2,12.79,0.7923-0.8211,2.6867E3,7,5279,230221 Sample_37_S1-A8_1_7687.d,1,1,1,10,,,PEAKS DB
3,318471,P01965|HBA_PIG,V.ADALTKAVG.H,Y,43.18,844.4654,9,3.2,423.2413,2,13.86,0.6941-0.7230,5.1512E3,7,5750,230221 Sample_37_S1-A8_1_7687.d,1,1,63,71,,,PEAKS DB
3,318471,P01965|HBA_PIG,V.ADALTKAVGHLDDLPGAL.S,Y,43.16,1775.9417,18,-2.0,888.9763,2,38.55,1.1107-1.1390,5.4543E2,7,18469,230221 Sample_37_S1-A8_1_7687.d,1,1,63,80,,,PEAKS DB
3,318471,P01965|HBA_PIG,V.GHLDDLPGALSA.L,Y,43.06,1164.5775,12,1.8,583.2971,2,25.73,0.8739-0.9025,2.5919E3,7,12616,230221 Sample_37_S1-A8_1_7687.d,2,2,71,82,,,PEAKS DB
3,318471,P01965|HBA_PIG,VLSAADKANVKAAWGK.V,Y,42.90,1627.9045,16,3.9,543.6442,3,15.89,0.8464-0.8750,1.0749E3,7,6928,230221 Sample_37_S1-A8_1_7687.d,2,2,1,16,,,PEAKS DB
3,318471,P01965|HBA_PIG,A.NVSTVLTSKY.R,Y,42.80,1110.5920,10,1.5,556.3041,2,21.17,0.8383-0.8670,1.7357E2,7,10472,230221 Sample_37_S1-A8_1_7687.d,1,1,131,140,,,PEAKS DB
3,318471,P01965|HBA_PIG,S.DLHAHKLRVDPV.N,Y,42.78,1398.7732,12,-0.8,467.2646,3,31.72,0.7126-0.7415,0,7,15136,230221 Sample_37_S1-A8_1_7687.d,0,0,85,96,,,PEAKS DB
3,318471,P01965|HBA_PIG,V.ADALTKAVGHLDDLPGALSA.L,Y,42.78,1934.0109,20,1.6,968.0142,2,37.74,1.1615-1.1897,9.7922E2,7,18046,230221 Sample_37_S1-A8_1_7687.d,2,2,63,82,,,PEAKS DB
3,318471,P01965|HBA_PIG,N.VSTVLTSKYR,Y,42.61,1152.6503,10,0.5,577.3327,2,13.79,0.9220-0.9505,4.7161E2,7,5726,230221 Sample_37_S1-A8_1_7687.d,2,2,132,141,,,PEAKS DB
3,318471,P01965|HBA_PIG,K.TYFPHFNL.S,Y,42.57,1037.4971,8,1.6,519.7567,2,39.61,0.8487-0.8773,2.2157E3,7,18990,230221 Sample_37_S1-A8_1_7687.d,1,1,41,48,,,PEAKS DB
3,318471,P01965|HBA_PIG,A.DALTKAVGHLDDLPGALSA.L,Y,42.27,1862.9738,19,1.8,932.4958,2,38.31,1.1593-1.1874,4.6095E2,7,18336,230221 Sample_37_S1-A8_1_7687.d,1,1,64,82,,,PEAKS DB
3,318471,P01965|HBA_PIG,F.PTTKTYFPHF.N,Y,42.14,1237.6132,10,1.1,619.8145,2,34.22,0.9151-0.9437,1.5339E2,7,16528,230221 Sample_37_S1-A8_1_7687.d,1,1,37,46,,,PEAKS DB
3,318471,P01965|HBA_PIG,H.GQKVADALTKAV.G,Y,41.94,1199.6874,12,1.6,600.8519,2,29.03,0.8968-0.9254,4.1672E2,7,13747,230221 Sample_37_S1-A8_1_7687.d,1,1,59,70,,,PEAKS DB
3,318471,P01965|HBA_PIG,F.LGFPTTKTYFPHFNLS.H,Y,41.82,1868.9460,16,-3.8,935.4767,2,40.26,1.1401-1.1683,1.2337E2,7,19554,230221 Sample_37_S1-A8_1_7687.d,1,1,34,49,,,PEAKS DB
3,318471,P01965|HBA_PIG,H.ASLDKFLANVSTV.L,Y,41.44,1363.7347,13,4.6,682.8778,2,38.41,0.9688-0.9973,6.27E2,7,18396,230221 Sample_37_S1-A8_1_7687.d,1,1,123,135,,,PEAKS DB
3,318471,P01965|HBA_PIG,V.ADALTKAV.G,Y,41.39,787.4440,8,2.1,394.7301,2,14.70,0.7080-0.7369,1.1084E3,7,6199,230221 Sample_37_S1-A8_1_7687.d,1,1,63,70,,,PEAKS DB
3,318471,P01965|HBA_PIG,V.STVLTSKY.R,Y,41.25,897.4807,8,2.1,449.7486,2,15.35,0.7612-0.7900,9.1745E3,7,6709,230221 Sample_37_S1-A8_1_7687.d,1,1,133,140,,,PEAKS DB
3,318471,P01965|HBA_PIG,A.AHHPDDFNPSVH.A,Y,41.24,1371.5956,12,-0.7,458.2055,3,10.53,0.7785-0.8073,0,7,3847,230221 Sample_37_S1-A8_1_7687.d,0,0,111,122,,,PEAKS DB
3,318471,P01965|HBA_PIG,G.HLDDLPGALSA.L,Y,41.08,1107.5560,11,2.5,554.7867,2,30.83,0.8532-0.8819,1.2117E3,7,14546,230221 Sample_37_S1-A8_1_7687.d,2,2,72,82,,,PEAKS DB
3,318471,P01965|HBA_PIG,H.ASLDKFLANVST.V,Y,40.98,1264.6663,12,0.7,633.3408,2,33.99,0.9231-0.9517,1.33E3,7,16411,230221 Sample_37_S1-A8_1_7687.d,2,2,123,134,,,PEAKS DB
3,318471,P01965|HBA_PIG,V.GGQAGAHGAEALER.M,Y,40.77,1322.6327,14,11.6,441.8900,3,8.19,0.7254-0.7542,1.2599E2,7,2253,230221 Sample_37_S1-A8_1_7687.d,1,1,18,31,,,PEAKS DB
3,318471,P01965|HBA_PIG,K.VGGQAGAHGAEALERM(+15.99)FLGFPTT.K,Y,40.77,2332.1270,23,-0.6,778.3824,3,38.85,0.9048-0.9334,6.901E2,7,18651,230221 Sample_37_S1-A8_1_7687.d,1,1,17,39,Oxidation (M),M16:Oxidation (M):1000.00,PEAKS DB
3,318471,P01965|HBA_PIG,A.ADKANVKAAWGKVGGQAGAHGAEALERM(+15.99)FLGF.P,Y,40.63,3272.6511,32,-1.2,819.1691,4,42.49,1.0790-1.1073,0,7,21939,230221 Sample_37_S1-A8_1_7687.d,0,0,5,36,Oxidation (M),M28:Oxidation (M):1000.00,PEAKS DB
3,318471,P01965|HBA_PIG,V.GGQAGAHGAEALE.R,Y,40.49,1166.5316,13,2.3,584.2744,2,9.94,0.8337-0.8624,4.6088E3,7,3382,230221 Sample_37_S1-A8_1_7687.d,1,1,18,30,,,PEAKS DB
3,318471,P01965|HBA_PIG,D.KFLANVSTVL.T,Y,40.35,1090.6387,10,7.9,546.3309,2,36.44,0.8647-0.8934,1.762E2,7,17402,230221 Sample_37_S1-A8_1_7687.d,1,1,127,136,,,PEAKS DB
3,318471,P01965|HBA_PIG,K.TYFPHFNLSHGSDQVKAHGQKVAD.A,Y,39.71,2682.2939,24,1.3,671.5816,4,34.38,0.8957-0.9243,0,7,16581,230221 Sample_37_S1-A8_1_7687.d,0,0,41,64,,,PEAKS DB
3,318471,P01965|HBA_PIG,K.AVGHLDDLPGALSAL.S,Y,39.62,1447.7671,15,4.7,724.8942,2,40.98,1.0121-1.0405,1.5118E3,7,19986,230221 Sample_37_S1-A8_1_7687.d,1,1,69,83,,,PEAKS DB
3,318471,P01965|HBA_PIG,VLSAADKANVKAAWGKVGGQAGA.H,Y,39.27,2168.1702,23,-1.5,723.7296,3,30.61,0.9300-0.9585,4.6545E2,7,14447,230221 Sample_37_S1-A8_1_7687.d,1,1,1,23,,,PEAKS DB
3,318471,P01965|HBA_PIG,A.DALTKAVGHLDDLPGAL.S,Y,39.20,1704.9045,17,0.2,853.4597,2,39.13,1.0983-1.1265,5.4008E2,7,18744,230221 Sample_37_S1-A8_1_7687.d,1,1,64,80,,,PEAKS DB
3,318471,P01965|HBA_PIG,V.GHLDDLPGALSAL.S,Y,38.87,1277.6615,13,1.9,639.8392,2,39.72,0.9300-0.9585,4.0034E3,7,19076,230221 Sample_37_S1-A8_1_7687.d,1,1,71,83,,,PEAKS DB
3,318471,P01965|HBA_PIG,W.GKVGGQAGAHGAEALERM(+15.99)FLGFPT.T,Y,38.87,2416.1958,24,-3.6,806.4030,3,38.01,0.9208-0.9494,1.7456E2,7,18195,230221 Sample_37_S1-A8_1_7687.d,1,1,15,38,Oxidation (M),M18:Oxidation (M):1000.00,PEAKS DB
3,318471,P01965|HBA_PIG,E.ALERM(+15.99)FLGF.P,Y,38.55,1098.5532,9,3.2,550.2856,2,38.17,0.8555-0.8842,8.4906E2,7,18242,230221 Sample_37_S1-A8_1_7687.d,1,1,28,36,Oxidation (M),M5:Oxidation (M):1000.00,PEAKS DB
3,318471,P01965|HBA_PIG,P.DDFNPSVHASLDKFLANV.S,Y,38.22,1987.9639,18,3.1,994.9923,2,41.73,1.1672-1.1953,3.5878E2,7,20821,230221 Sample_37_S1-A8_1_7687.d,1,1,115,132,,,PEAKS DB
3,318471,P01965|HBA_PIG,VLSAADKANVKAAWGKVGGQAGAHGAEALE.R,Y,38.13,2875.4939,30,4.1,719.8837,4,32.51,0.9128-0.9414,3.0658E3,7,15594,230221 Sample_37_S1-A8_1_7687.d,1,1,1,30,,,PEAKS DB
3,318471,P01965|HBA_PIG,A.EALERM(+15.99)FLGF.P,Y,37.96,1227.5957,10,2.7,614.8068,2,39.21,0.8922-0.9208,1.8815E3,7,18763,230221 Sample_37_S1-A8_1_7687.d,1,1,27,36,Oxidation (M),M6:Oxidation (M):1000.00,PEAKS DB
3,318471,P01965|HBA_PIG,VLSAADKA.N,Y,37.94,773.4283,8,2.0,387.7222,2,8.64,0.7103-0.7392,5.4971E3,7,2559,230221 Sample_37_S1-A8_1_7687.d,1,1,1,8,,,PEAKS DB
3,318471,P01965|HBA_PIG,W.GKVGGQAGAHGAEALERM(+15.99)FLGF.P,Y,37.94,2218.0952,22,-6.4,740.3676,3,42.45,0.8991-0.9277,0,7,21865,230221 Sample_37_S1-A8_1_7687.d,0,0,15,36,Oxidation (M),M18:Oxidation (M):1000.00,PEAKS DB
3,318471,P01965|HBA_PIG,A.VGHLDDLPGAL.S,Y,37.90,1105.5768,11,0.8,553.7961,2,33.01,0.8383-0.8670,4.593E2,7,15989,230221 Sample_37_S1-A8_1_7687.d,1,1,70,80,,,PEAKS DB
3,318471,P01965|HBA_PIG,T.VLTSKYR,Y,37.86,865.5021,7,9.5,289.5107,3,7.67,0.6524-0.6814,5.8705E2,7,1913,230221 Sample_37_S1-A8_1_7687.d,1,1,135,141,,,PEAKS DB
3,318471,P01965|HBA_PIG,V.GGQAGAHGAEALERM(+15.99)FLGFPT.T,Y,37.76,2132.0107,21,-0.2,1067.0125,2,38.87,1.2358-1.2638,1.9012E3,7,18605,230221 Sample_37_S1-A8_1_7687.d,1,1,18,38,Oxidation (M),M15:Oxidation (M):1000.00,PEAKS DB
3,318471,P01965|HBA_PIG,H.ASLDKFLANVSTVLTSKY.R,Y,37.75,1956.0568,18,4.9,979.0404,2,42.70,1.1998-1.2279,0,7,22403,230221 Sample_37_S1-A8_1_7687.d,0,0,123,140,,,PEAKS DB
3,318471,P01965|HBA_PIG,K.VGGQAGAHGAEALERM(+15.99)FLGFPT.T,Y,37.74,2231.0793,22,2.6,744.7023,3,39.36,0.9608-0.9893,3.3866E3,7,18831,230221 Sample_37_S1-A8_1_7687.d,2,2,17,38,Oxidation (M),M16:Oxidation (M):1000.00,PEAKS DB
3,318471,P01965|HBA_PIG,M.FLGFPTTKT.Y,Y,37.50,1010.5436,9,-0.8,506.2787,2,34.18,0.8038-0.8326,3.6728E2,7,16480,230221 Sample_37_S1-A8_1_7687.d,1,1,33,41,,,PEAKS DB
3,318471,P01965|HBA_PIG,G.GQAGAHGAEALE.R,Y,36.99,1109.5101,12,0.7,555.7628,2,9.84,0.8199-0.8487,2.2834E3,7,3313,230221 Sample_37_S1-A8_1_7687.d,1,1,19,30,,,PEAKS DB
3,318471,P01965|HBA_PIG,L.AAHHPDDFNPSV.H,Y,36.38,1305.5737,12,4.0,653.7968,2,14.87,0.9128-0.9414,1.1225E2,7,6293,230221 Sample_37_S1-A8_1_7687.d,1,1,110,121,,,PEAKS DB
3,318471,P01965|HBA_PIG,F.PTTKTYFPHFN.L,Y,36.06,1351.6560,11,3.4,451.5608,3,31.94,0.7958-0.8245,3.9417E2,7,15238,230221 Sample_37_S1-A8_1_7687.d,1,1,37,47,,,PEAKS DB
3,318471,P01965|HBA_PIG,L.DKFLANVSTVLT.S,Y,35.95,1306.7133,12,0.6,654.3643,2,36.07,0.9802-1.0086,2.6769E2,7,17263,230221 Sample_37_S1-A8_1_7687.d,1,1,126,137,,,PEAKS DB
3,318471,P01965|HBA_PIG,L.SHGSDQVKAHGQKVADALTKAVG.H,Y,35.94,2303.1982,23,-0.9,576.8063,4,32.48,0.8142-0.8429,0,7,15663,230221 Sample_37_S1-A8_1_7687.d,0,0,49,71,,,PEAKS DB
3,318471,P01965|HBA_PIG,K.FLANVSTVLTSKY.R,Y,35.91,1441.7816,13,0.0,721.8981,2,36.82,0.9939-1.0223,5.7483E1,7,17599,230221 Sample_37_S1-A8_1_7687.d,1,1,128,140,,,PEAKS DB
3,318471,P01965|HBA_PIG,F.NLSHGSDQV.K,Y,35.66,955.4359,9,-1.1,478.7247,2,8.41,0.7854-0.8142,7.3834E2,7,2398,230221 Sample_37_S1-A8_1_7687.d,1,1,47,55,,,PEAKS DB
3,318471,P01965|HBA_PIG,K.AVGHLDDLPGALSALSDLHAHKL.R,Y,35.49,2349.2441,23,-5.5,588.3151,4,42.51,0.8636-0.8922,0,7,21993,230221 Sample_37_S1-A8_1_7687.d,0,0,69,91,,,PEAKS DB
3,318471,P01965|HBA_PIG,L.SHGSDQVKAHGQKVADALTKAV.G,Y,35.49,2246.1768,22,-8.3,562.5468,4,32.66,0.8165-0.8452,2.5082E2,7,15786,230221 Sample_37_S1-A8_1_7687.d,1,1,49,70,,,PEAKS DB
3,318471,P01965|HBA_PIG,S.TVLTSKYR,Y,35.31,966.5498,8,3.3,323.1916,3,10.22,0.6848-0.7138,0,7,3620,230221 Sample_37_S1-A8_1_7687.d,0,0,134,141,,,PEAKS DB
3,318471,P01965|HBA_PIG,L.AAHHPDDFNPSVHASLDKFLANVSTVLTSKYR,Y,35.30,3536.7800,32,6.0,885.2076,4,42.60,1.1005-1.1288,0,7,22206,230221 Sample_37_S1-A8_1_7687.d,0,0,110,141,,,PEAKS DB
4,319005,P02067|HBB_PIG,V.NVDEVGGEALGRLLV.V,Y,64.68,1539.8257,15,3.6,770.9229,2,40.30,1.0121-1.0405,5.9987E2,7,19535,230221 Sample_37_S1-A8_1_7687.d,1,1,20,34,,,PEAKS DB
4,319005,P02067|HBB_PIG,V.DEVGGEALGRLLV.V,Y,56.65,1326.7142,13,3.8,664.3669,2,39.20,0.9254-0.9540,1.4187E3,7,18755,230221 Sample_37_S1-A8_1_7687.d,1,1,22,34,,,PEAKS DB
4,319005,P02067|HBB_PIG,G.DLSNADAVM(+15.99)GNPKV.K,Y,56.46,1445.6820,14,4.6,723.8516,2,16.79,0.9642-0.9927,1.3834E3,7,7536,230221 Sample_37_S1-A8_1_7687.d,1,1,48,61,Oxidation (M),M9:Oxidation (M):1000.00,PEAKS DB
4,319005,P02067|HBB_PIG,F.ESFGDLSNADAVM(+15.99)GNPK.V,Y,56.37,1766.7781,17,1.5,884.3976,2,20.66,1.0768-1.1051,1.0278E3,7,10103,230221 Sample_37_S1-A8_1_7687.d,1,1,44,60,Oxidation (M),M13:Oxidation (M):1000.00,PEAKS DB
4,319005,P02067|HBB_PIG,M.VHLSAEEKEAVL.G,Y,53.98,1323.7034,12,2.5,662.8606,2,19.31,0.9471-0.9756,2.8459E3,7,9171,230221 Sample_37_S1-A8_1_7687.d,2,2,2,13,,,PEAKS DB
4,319005,P02067|HBB_PIG,M.VHLSAEEKEAVLGL.W,Y,53.70,1493.8090,14,3.1,747.9141,2,34.27,1.0416-1.0700,2.4773E3,7,16498,230221 Sample_37_S1-A8_1_7687.d,2,2,2,15,,,PEAKS DB
4,319005,P02067|HBB_PIG,R.FFESFGDLSNADAV.M,Y,53.52,1517.6674,14,2.6,759.8429,2,39.75,1.0132-1.0416,1.3973E3,7,19140,230221 Sample_37_S1-A8_1_7687.d,1,1,42,55,,,PEAKS DB
4,319005,P02067|HBB_PIG,M.VHLSAEEKEAV.L,Y,52.94,1210.6194,11,1.8,606.3181,2,27.27,0.8945-0.9231,2.712E3,7,12899,230221 Sample_37_S1-A8_1_7687.d,2,2,2,12,,,PEAKS DB
4,319005,P02067|HBB_PIG,V.LQSFSDGLKHLDNL.K,Y,52.91,1585.8099,14,2.4,793.9141,2,35.30,1.0609-1.0892,3.5912E3,7,17021,230221 Sample_37_S1-A8_1_7687.d,1,1,69,82,,,PEAKS DB
4,319005,P02067|HBB_PIG,W.TQRFFESFGDLSNADAV.M,Y,52.15,1902.8748,17,2.4,952.4470,2,37.99,1.1412-1.1694,9.4716E2,7,18168,230221 Sample_37_S1-A8_1_7687.d,1,1,39,55,,,PEAKS DB
4,319005,P02067|HBB_PIG,G.DLSNADAVM(+15.99)GNPK.V,Y,51.92,1346.6136,13,-1.0,674.3134,2,11.58,0.9163-0.9448,6.1929E2,7,4471,230221 Sample_37_S1-A8_1_7687.d,1,1,48,60,Oxidation (M),M9:Oxidation (M):1000.00,PEAKS DB
4,319005,P02067|HBB_PIG,M.VHLSAEEKEAVLGLWGKVNV.D,Y,51.84,2177.1843,20,4.8,1089.6046,2,42.48,1.3164-1.3443,4.1976E2,7,21885,230221 Sample_37_S1-A8_1_7687.d,1,1,2,21,,,PEAKS DB
4,319005,P02067|HBB_PIG,V.NVDEVGGEALGRLL.V,Y,48.71,1440.7572,14,13.5,721.3956,2,37.95,0.9882-1.0166,4.3096E2,7,18191,230221 Sample_37_S1-A8_1_7687.d,1,1,20,33,,,PEAKS DB
4,319005,P02067|HBB_PIG,M.VHLSAEEKEA.V,Y,48.16,1111.5509,10,2.6,556.7842,2,9.26,0.8418-0.8705,3.9968E3,7,2844,230221 Sample_37_S1-A8_1_7687.d,2,2,2,11,,,PEAKS DB
4,319005,P02067|HBB_PIG,V.LQSFSDGLKHLD.N,Y,48.03,1358.6830,12,2.4,680.3504,2,30.63,1.0086-1.0371,7.4624E2,7,14450,230221 Sample_37_S1-A8_1_7687.d,1,1,69,80,,,PEAKS DB
4,319005,P02067|HBB_PIG,Q.RFFESFGDLSNADAV.M,Y,47.76,1673.7684,15,4.5,837.8953,2,38.01,1.0564-1.0847,1.9214E2,7,18206,230221 Sample_37_S1-A8_1_7687.d,1,1,41,55,,,PEAKS DB
4,319005,P02067|HBB_PIG,D.EVGGEALGRLL.V,Y,47.64,1112.6189,11,6.1,557.3201,2,35.68,0.8670-0.8957,7.905E1,7,17128,230221 Sample_37_S1-A8_1_7687.d,1,1,23,33,,,PEAKS DB
4,319005,P02067|HBB_PIG,R.FFESFGDLSNADAVM(+15.99)GNPK.V,Y,46.31,2060.9148,19,0.6,1031.4653,2,33.87,1.1728-1.2009,2.0158E2,7,16376,230221 Sample_37_S1-A8_1_7687.d,1,1,42,60,Oxidation (M),M15:Oxidation (M):1000.00,PEAKS DB
4,319005,P02067|HBB_PIG,V.AGVANALAHKYH,Y,46.23,1250.6520,12,3.6,417.8928,3,12.28,0.7277-0.7566,1.4359E2,7,4914,230221 Sample_37_S1-A8_1_7687.d,1,1,136,147,,,PEAKS DB
4,319005,P02067|HBB_PIG,F.ESFGDLSNADAVM(+15.99)GNPKV.K,Y,45.78,1865.8466,18,0.7,933.9312,2,24.13,1.1198-1.1480,1.8386E3,7,11959,230221 Sample_37_S1-A8_1_7687.d,1,1,44,61,Oxidation (M),M13:Oxidation (M):1000.00,PEAKS DB
4,319005,P02067|HBB_PIG,V.VAGVANALAHKYH,Y,45.02,1349.7203,13,-5.4,450.9116,3,29.57,0.7508-0.7796,0,7,14002,230221 Sample_37_S1-A8_1_7687.d,0,0,135,147,,,PEAKS DB
4,319005,P02067|HBB_PIG,M.VHLSAEEKEAVLG.L,Y,44.88,1380.7249,13,-0.4,691.3694,2,18.19,0.9608-0.9893,1.5731E3,7,8502,230221 Sample_37_S1-A8_1_7687.d,2,2,2,14,,,PEAKS DB
4,319005,P02067|HBB_PIG,F.SDGLKHLDNLKGTFA.K,Y,43.70,1614.8365,15,-12.9,539.2792,3,32.15,0.7865-0.8153,1.579E2,7,15441,230221 Sample_37_S1-A8_1_7687.d,1,1,73,87,,,PEAKS DB
4,319005,P02067|HBB_PIG,F.ESFGDLSNADAV.M,Y,43.57,1223.5305,12,1.8,612.7736,2,27.00,0.8957-0.9243,2.5957E2,7,12904,230221 Sample_37_S1-A8_1_7687.d,1,1,44,55,,,PEAKS DB
4,319005,P02067|HBB_PIG,V.HLSAEEKEAVLG.L,Y,43.07,1281.6565,12,4.6,641.8385,2,14.76,0.9448-0.9733,0,7,6234,230221 Sample_37_S1-A8_1_7687.d,0,0,3,14,,,PEAKS DB
4,319005,P02067|HBB_PIG,F.FESFGDLSNADAV.M,Y,43.00,1370.5990,13,4.6,686.3099,2,32.49,0.9642-0.9927,5.048E2,7,15639,230221 Sample_37_S1-A8_1_7687.d,1,1,43,55,,,PEAKS DB
4,319005,P02067|HBB_PIG,S.DGLKHLDNLKGTFA.K,Y,40.99,1527.8044,14,-2.9,510.2740,3,31.52,0.7704-0.7992,8.4904E1,7,15003,230221 Sample_37_S1-A8_1_7687.d,1,1,74,87,,,PEAKS DB
4,319005,P02067|HBB_PIG,S.NADAVM(+15.99)GNPKV.K,Y,40.88,1130.5389,11,-2.3,566.2755,2,10.54,0.8383-0.8670,6.4399E1,7,3839,230221 Sample_37_S1-A8_1_7687.d,1,1,51,61,Oxidation (M),M6:Oxidation (M):1000.00,PEAKS DB
4,319005,P02067|HBB_PIG,L.GLWGKVNVDEVGGEALG.R,Y,40.64,1698.8577,17,3.2,850.4388,2,35.23,1.0609-1.0892,4.1217E2,7,16899,230221 Sample_37_S1-A8_1_7687.d,1,1,14,30,,,PEAKS DB
4,319005,P02067|HBB_PIG,F.SDGLKHLDNL.K,Y,40.10,1110.5669,10,2.9,556.2924,2,29.83,0.8762-0.9048,2.8682E2,7,14129,230221 Sample_37_S1-A8_1_7687.d,1,1,73,82,,,PEAKS DB
4,319005,P02067|HBB_PIG,L.SAEEKEAVL.G,Y,39.61,974.4920,9,6.6,488.2565,2,14.14,0.7865-0.8153,1.6014E2,7,5916,230221 Sample_37_S1-A8_1_7687.d,1,1,5,13,,,PEAKS DB
4,319005,P02067|HBB_PIG,W.GKVNVDEVGGEALG.R,Y,39.39,1342.6729,14,0.7,672.3442,2,19.53,0.9220-0.9505,4.7761E2,7,9316,230221 Sample_37_S1-A8_1_7687.d,1,1,17,30,,,PEAKS DB
4,319005,P02067|HBB_PIG,R.FFESFGDLSNADAVM(+15.99)GNPKV.K,Y,39.20,2159.9834,20,-0.6,1080.9983,2,35.69,1.2009-1.2290,2.1345E2,7,17108,230221 Sample_37_S1-A8_1_7687.d,1,1,42,61,Oxidation (M),M15:Oxidation (M):1000.00,PEAKS DB
4,319005,P02067|HBB_PIG,V.LQSFSDGLKHLDNLKGTFA.K,Y,38.30,2090.0796,19,5.0,697.7040,3,36.64,0.9208-0.9494,2.1753E3,7,17460,230221 Sample_37_S1-A8_1_7687.d,1,1,69,87,,,PEAKS DB
4,319005,P02067|HBB_PIG,V.HLSAEEKEAV.L,Y,37.69,1111.5509,10,-11.6,556.7763,2,9.36,0.8613-0.8899,0,7,3047,230221 Sample_37_S1-A8_1_7687.d,0,0,3,12,,,PEAKS DB
4,319005,P02067|HBB_PIG,M.VHLSAEE.K,Y,36.50,783.3763,7,2.0,392.6962,2,10.77,0.7034-0.7323,2.1409E3,7,3988,230221 Sample_37_S1-A8_1_7687.d,1,1,2,8,,,PEAKS DB
4,319005,P02067|HBB_PIG,P.WTQRFFESFGDLSNADAV.M,Y,35.86,2088.9541,18,1.7,1045.4861,2,41.92,1.1818-1.2099,5.4732E1,7,21108,230221 Sample_37_S1-A8_1_7687.d,1,1,38,55,,,PEAKS DB
5,318305,P27917|APOC3_PIG,A.EDTSLLDKM(+15.99)QDYVKQAT.R,Y,61.95,1999.9408,17,1.4,667.6552,3,20.82,0.8372-0.8659,1.5222E4,7,9988,230221 Sample_37_S1-A8_1_7687.d,3,3,24,40,Oxidation (M),M9:Oxidation (M):1000.00,PEAKS DB
5,318305,P27917|APOC3_PIG,K.FTDFWDYTPKPEPSSS,Y,60.75,1902.8312,16,1.2,952.4240,2,36.20,1.1028-1.1311,1.9862E3,7,17262,230221 Sample_37_S1-A8_1_7687.d,1,1,81,96,,,PEAKS DB
5,318305,P27917|APOC3_PIG,R.TAQDALTSVKESEVAQQA.R,Y,59.24,1874.9221,18,1.5,938.4698,2,19.73,1.1265-1.1548,1.0539E4,7,9372,230221 Sample_37_S1-A8_1_7687.d,4,4,42,59,,,PEAKS DB
5,318305,P27917|APOC3_PIG,K.FTDFWDYTPKPEPS.S,Y,58.67,1728.7671,14,-0.9,865.3901,2,36.98,1.0745-1.1028,4.7944E2,7,17630,230221 Sample_37_S1-A8_1_7687.d,1,1,81,94,,,PEAKS DB
5,318305,P27917|APOC3_PIG,A.EDTSLLDKM(+15.99)QDYV.K,Y,57.07,1571.7025,13,1.8,786.8599,2,23.68,1.0280-1.0564,2.5693E3,7,11745,230221 Sample_37_S1-A8_1_7687.d,1,1,24,36,Oxidation (M),M9:Oxidation (M):1000.00,PEAKS DB
5,318305,P27917|APOC3_PIG,T.AQDALTSVKESEVAQQA.R,Y,55.76,1773.8744,17,3.8,887.9479,2,18.58,1.0858-1.1141,5.2791E2,7,8746,230221 Sample_37_S1-A8_1_7687.d,1,1,43,59,,,PEAKS DB
5,318305,P27917|APOC3_PIG,T.DFWDYTPKPEPSSS,Y,54.87,1654.7151,14,2.8,828.3671,2,32.29,1.0291-1.0575,1.1293E3,7,15481,230221 Sample_37_S1-A8_1_7687.d,2,2,83,96,,,PEAKS DB
5,318305,P27917|APOC3_PIG,A.QDALTSVKESEVAQQA.R,Y,54.52,1702.8373,16,2.7,852.4282,2,18.47,1.0722-1.1005,3.5259E2,7,8705,230221 Sample_37_S1-A8_1_7687.d,1,1,44,59,,,PEAKS DB
5,318305,P27917|APOC3_PIG,T.RTAQDALTSVKESEVAQQA.R,Y,54.12,2031.0232,19,-0.6,678.0146,3,18.18,0.8337-0.8624,1.446E3,7,8489,230221 Sample_37_S1-A8_1_7687.d,1,1,41,59,,,PEAKS DB
5,318305,P27917|APOC3_PIG,A.EDTSLLDKM(+15.99)QD.Y,Y,53.59,1309.5708,11,1.6,655.7937,2,14.48,0.9300-0.9585,1.3477E3,7,6031,230221 Sample_37_S1-A8_1_7687.d,1,1,24,34,Oxidation (M),M9:Oxidation (M):1000.00,PEAKS DB
5,318305,P27917|APOC3_PIG,A.EDTSLLDKM(+15.99)QDY.V,Y,53.50,1472.6340,12,6.0,737.3287,2,19.36,0.9722-1.0007,6.5779E2,7,9199,230221 Sample_37_S1-A8_1_7687.d,1,1,24,35,Oxidation (M),M9:Oxidation (M):1000.00,PEAKS DB
5,318305,P27917|APOC3_PIG,A.EDTSLLDKM(+15.99)QDYVKQA.T,Y,52.00,1898.8931,16,4.7,633.9746,3,19.46,0.8004-0.8291,2.5391E2,7,9266,230221 Sample_37_S1-A8_1_7687.d,1,1,24,39,Oxidation (M),M9:Oxidation (M):1000.00,PEAKS DB
5,318305,P27917|APOC3_PIG,E.DTSLLDKM(+15.99)QDYVKQAT.R,Y,50.14,1870.8982,16,2.6,624.6416,3,20.96,0.8096-0.8383,1.9408E3,7,10328,230221 Sample_37_S1-A8_1_7687.d,3,3,25,40,Oxidation (M),M8:Oxidation (M):1000.00,PEAKS DB
5,318305,P27917|APOC3_PIG,D.ALTSVKESEVAQQA.R,Y,49.98,1459.7518,14,-2.8,730.8812,2,14.97,0.9836-1.0121,3.107E2,7,6330,230221 Sample_37_S1-A8_1_7687.d,1,1,46,59,,,PEAKS DB
5,318305,P27917|APOC3_PIG,Q.DALTSVKESEVAQQA.R,Y,49.46,1574.7787,15,1.6,788.3979,2,18.99,1.0484-1.0768,3.6659E3,7,8980,230221 Sample_37_S1-A8_1_7687.d,1,1,45,59,,,PEAKS DB
5,318305,P27917|APOC3_PIG,E.DTSLLDKM(+15.99)QDYV.K,Y,49.32,1442.6599,12,1.7,722.3384,2,24.44,0.9711-0.9995,2.7274E3,7,12059,230221 Sample_37_S1-A8_1_7687.d,1,1,25,36,Oxidation (M),M8:Oxidation (M):1000.00,PEAKS DB
5,318305,P27917|APOC3_PIG,A.TRTAQDALTSVKESEVAQQA.R,Y,48.55,2132.0708,20,2.4,711.6993,3,18.69,0.8739-0.9025,1.173E3,7,8805,230221 Sample_37_S1-A8_1_7687.d,1,1,40,59,,,PEAKS DB
5,318305,P27917|APOC3_PIG,W.DYTPKPEPSSS,Y,47.26,1206.5404,11,3.7,604.2797,2,9.71,0.8636-0.8922,3.5946E3,7,3257,230221 Sample_37_S1-A8_1_7687.d,1,1,86,96,,,PEAKS DB
5,318305,P27917|APOC3_PIG,A.LTSVKESEVAQQA.R,Y,46.99,1388.7147,13,0.5,695.3650,2,12.77,0.9437-0.9722,1.935E2,7,5286,230221 Sample_37_S1-A8_1_7687.d,1,1,47,59,,,PEAKS DB
5,318305,P27917|APOC3_PIG,Y.TPKPEPSSS,Y,46.36,928.4501,9,0.8,465.2327,2,5.16,0.7600-0.7888,3.9256E3,7,479,230221 Sample_37_S1-A8_1_7687.d,1,1,88,96,,,PEAKS DB
5,318305,P27917|APOC3_PIG,W.DYTPKPEPS.S,Y,46.28,1032.4763,9,1.9,517.2464,2,10.01,0.8119-0.8406,4.0578E2,7,3473,230221 Sample_37_S1-A8_1_7687.d,1,1,86,94,,,PEAKS DB
5,318305,P27917|APOC3_PIG,D.YTPKPEPSSS,Y,45.95,1091.5134,10,2.3,546.7653,2,7.50,0.8142-0.8429,1.3142E3,7,1779,230221 Sample_37_S1-A8_1_7687.d,1,1,87,96,,,PEAKS DB
5,318305,P27917|APOC3_PIG,F.TDFWDYTPKPEPSSS,Y,45.26,1755.7627,15,-0.2,878.8884,2,32.17,1.0620-1.0904,2.8146E2,7,15436,230221 Sample_37_S1-A8_1_7687.d,1,1,82,96,,,PEAKS DB
5,318305,P27917|APOC3_PIG,Q.DALTSVKESEVAQ.Q,Y,43.87,1375.6831,13,-0.4,688.8486,2,17.37,0.9608-0.9893,2.0115E2,7,7981,230221 Sample_37_S1-A8_1_7687.d,1,1,45,57,,,PEAKS DB
5,318305,P27917|APOC3_PIG,R.TAQDALTSVKESEV.A,Y,43.77,1476.7307,14,2.8,739.3747,2,19.81,0.9973-1.0257,1.6296E2,7,9534,230221 Sample_37_S1-A8_1_7687.d,1,1,42,55,,,PEAKS DB
5,318305,P27917|APOC3_PIG,A.IEAEDTSLLDKM(+15.99)QDYVKQAT.R,Y,43.32,2313.1045,20,3.7,772.0450,3,23.15,0.8945-0.9231,0,7,11499,230221 Sample_37_S1-A8_1_7687.d,0,0,21,40,Oxidation (M),M12:Oxidation (M):1000.00,PEAKS DB
5,318305,P27917|APOC3_PIG,E.DTSLLDKM(+15.99)QD.Y,Y,40.85,1180.5282,10,0.5,591.2717,2,14.64,0.8624-0.8911,6.5601E2,7,6157,230221 Sample_37_S1-A8_1_7687.d,1,1,25,34,Oxidation (M),M8:Oxidation (M):1000.00,PEAKS DB
5,318305,P27917|APOC3_PIG,T.SVKESEVAQQA.R,Y,40.75,1174.5830,11,0.2,588.2989,2,8.53,0.8475-0.8762,2.5692E2,7,2511,230221 Sample_37_S1-A8_1_7687.d,1,1,49,59,,,PEAKS DB
5,318305,P27917|APOC3_PIG,R.TAQDALTSVKESEVAQQ.A,Y,39.88,1803.8850,17,6.3,902.9555,2,18.05,1.0960-1.1243,7.4125E1,7,8480,230221 Sample_37_S1-A8_1_7687.d,1,1,42,58,,,PEAKS DB
8,318311,P18648|APOA1_PIG,K.EGGGSLAEYQAKAQEQL.K,Y,55.09,1777.8481,17,0.7,889.9319,2,22.69,1.0870-1.1152,2.5459E2,7,11222,230221 Sample_37_S1-A8_1_7687.d,1,1,206,222,,,PEAKS DB
8,318311,P18648|APOA1_PIG,V.SILAAIDEASKKLNAQ,Y,50.47,1670.9203,16,-1.0,836.4666,2,38.86,1.1243-1.1525,8.6728E2,7,18613,230221 Sample_37_S1-A8_1_7687.d,2,2,250,265,,,PEAKS DB
8,318311,P18648|APOA1_PIG,L.DDFQNKWQEEM(+15.99)ETY.R,Y,50.42,1877.7413,14,-0.5,939.8775,2,23.37,1.0881-1.1164,1.0081E2,7,11638,230221 Sample_37_S1-A8_1_7687.d,1,1,125,138,Oxidation (M),M11:Oxidation (M):1000.00,PEAKS DB
8,318311,P18648|APOA1_PIG,Q.DDPQSPWDRVKDFATVY.V,Y,49.80,2037.9431,17,2.4,680.3233,3,39.89,0.8337-0.8624,1.2572E3,7,19223,230221 Sample_37_S1-A8_1_7687.d,1,1,25,41,,,PEAKS DB
8,318311,P18648|APOA1_PIG,A.IDEASKKLNAQ,Y,48.77,1215.6459,11,1.8,608.8313,2,7.44,0.8980-0.9265,2.3764E3,7,1737,230221 Sample_37_S1-A8_1_7687.d,2,2,255,265,,,PEAKS DB
8,318311,P18648|APOA1_PIG,Q.DDPQSPWDR.V,Y,47.61,1114.4679,9,1.9,558.2423,2,16.07,0.8222-0.8509,1.9349E2,7,7118,230221 Sample_37_S1-A8_1_7687.d,1,1,25,33,,,PEAKS DB
8,318311,P18648|APOA1_PIG,Y.LDDFQNKWQEEM(+15.99)ETY.R,Y,43.99,1990.8254,15,0.8,996.4208,2,24.91,1.1220-1.1503,4.0536E2,7,12317,230221 Sample_37_S1-A8_1_7687.d,1,1,124,138,Oxidation (M),M12:Oxidation (M):1000.00,PEAKS DB
8,318311,P18648|APOA1_PIG,Q.DDPQSPWDRV.K,Y,39.61,1213.5364,10,6.9,607.7797,2,23.92,0.8521-0.8808,0,7,11914,230221 Sample_37_S1-A8_1_7687.d,0,0,25,34,,,PEAKS DB
8,318311,P18648|APOA1_PIG,Y.VDAIKDSGRDY.V,Y,35.89,1237.5939,11,17.4,413.5457,3,10.73,0.7138-0.7427,0,7,3972,230221 Sample_37_S1-A8_1_7687.d,0,0,42,52,,,PEAKS DB
8,318311,P18648|APOA1_PIG,Q.DDPQSPWDRVKDF.A,Y,35.60,1603.7267,13,3.7,802.8736,2,33.75,0.9950-1.0234,1.2351E2,7,16314,230221 Sample_37_S1-A8_1_7687.d,1,1,25,37,,,PEAKS DB
9,318313,P19619|ANXA1_PIG,I.DNEEQEYIKTV.K,Y,63.54,1366.6252,11,3.4,684.3222,2,20.20,0.9403-0.9688,3.1887E3,7,9683,230221 Sample_37_S1-A8_1_7687.d,1,1,15,25,,,PEAKS DB
9,318313,P19619|ANXA1_PIG,I.DNEEQEYIKT.V,Y,59.41,1267.5568,10,0.1,634.7857,2,14.98,0.8957-0.9243,4.8697E2,7,6334,230221 Sample_37_S1-A8_1_7687.d,1,1,15,24,,,PEAKS DB
9,318313,P19619|ANXA1_PIG,W.FIDNEEQEYIKTV.K,Y,53.60,1626.7777,13,2.7,814.3983,2,25.28,1.0450-1.0734,4.828E1,7,12517,230221 Sample_37_S1-A8_1_7687.d,1,1,13,25,,,PEAKS DB
9,318313,P19619|ANXA1_PIG,D.NEEQEYIKTV.K,Y,49.13,1251.5983,10,3.3,626.8085,2,18.12,0.9071-0.9357,6.7546E2,7,8469,230221 Sample_37_S1-A8_1_7687.d,1,1,16,25,,,PEAKS DB
9,318313,P19619|ANXA1_PIG,N.EEQEYIKTV.K,Y,42.89,1137.5553,9,8.5,569.7897,2,16.88,0.8636-0.8922,9.596E1,7,7676,230221 Sample_37_S1-A8_1_7687.d,1,1,17,25,,,PEAKS DB
9,318313,P19619|ANXA1_PIG,D.NEEQEYIKT.V,Y,41.70,1152.5299,9,-1.5,577.2714,2,13.56,0.8567-0.8854,2.6972E2,7,5622,230221 Sample_37_S1-A8_1_7687.d,1,1,16,24,,,PEAKS DB
6,318303,P51524|PF11_PIG,R.FPPPNFPGPRFPPP.N,Y,50.39,1562.8033,14,2.2,782.4106,2,37.16,1.0143-1.0427,1.2928E4,7,17768,230221 Sample_37_S1-A8_1_7687.d,2,2,142,155,,,PEAKS DB
6,318303,P51524|PF11_PIG,R.FPPPNFPGPRFPPPNFPGP.R,Y,46.92,2075.0417,19,2.2,1038.5304,2,40.63,1.1807-1.2088,4.0733E4,7,19657,230221 Sample_37_S1-A8_1_7687.d,3,3,142,160,,,PEAKS DB
6,318303,P51524|PF11_PIG,R.FPPPNFPGPR.F,Y,40.28,1124.5767,10,2.5,563.2970,2,25.32,0.8498-0.8785,5.0287E4,7,12456,230221 Sample_37_S1-A8_1_7687.d,4,4,142,151,,,PEAKS DB
6,318303,P51524|PF11_PIG,F.PPPNVPGPR.F,Y,39.58,929.5082,9,5.4,465.7639,2,25.37,0.7808-0.8096,0,7,12549,230221 Sample_37_S1-A8_1_7687.d,0,0,133,141,,,PEAKS DB
6,318303,P51524|PF11_PIG,F.PPPNFPGPR.F,Y,38.70,977.5082,9,1.0,489.7619,2,32.28,0.8061-0.8349,3.5732E3,7,15766,230221 Sample_37_S1-A8_1_7687.d,2,2,143,151,,,PEAKS DB
6,318303,P51524|PF11_PIG,R.FPPPNFPGPRFPPPNFPGPR.F,Y,38.68,2231.1428,20,1.3,744.7225,3,38.17,0.8762-0.9048,5.954E3,7,18389,230221 Sample_37_S1-A8_1_7687.d,1,1,142,161,,,PEAKS DB
6,318303,P51524|PF11_PIG,R.PPPFGPPR.F,Y,38.21,863.4653,8,0.3,432.7401,2,17.59,0.7415-0.7704,0,7,8170,230221 Sample_37_S1-A8_1_7687.d,0,0,200,207,,,PEAKS DB
6,318303,P51524|PF11_PIG,F.PPPNFPGPRFPPPNFPGP.R,Y,37.81,1927.9733,18,0.5,964.9944,2,37.83,1.1548-1.1829,1.39E3,7,18117,230221 Sample_37_S1-A8_1_7687.d,1,1,143,160,,,PEAKS DB
6,318303,P51524|PF11_PIG,F.PPPNFPGPRFPPP.N,Y,37.66,1415.7349,13,3.0,708.8768,2,32.73,0.9608-0.9893,2.2129E3,7,15593,230221 Sample_37_S1-A8_1_7687.d,2,2,143,155,,,PEAKS DB
6,318303,P51524|PF11_PIG,V.PGPRFPPP.N,Y,37.32,863.4653,8,2.0,432.7408,2,18.47,0.7323-0.7612,1.0953E2,7,8716,230221 Sample_37_S1-A8_1_7687.d,1,1,138,145,,,PEAKS DB
6,318303,P51524|PF11_PIG,R.FPPPNFPGPRFPPPN.F,Y,37.31,1676.8463,15,2.5,839.4326,2,35.04,1.0530-1.0813,6.4057E3,7,16727,230221 Sample_37_S1-A8_1_7687.d,3,3,142,156,,,PEAKS DB
6,318303,P51524|PF11_PIG,R.FPPPNFPGPRFPPPNFP.G,Y,36.02,1920.9674,17,1.4,961.4923,2,41.72,1.1333-1.1615,7.1686E3,7,20726,230221 Sample_37_S1-A8_1_7687.d,1,1,142,158,,,PEAKS DB
6,318304,P51525|PF12_PIG,R.FPPPNFPGPRFPPP.N,Y,50.39,1562.8033,14,2.2,782.4106,2,37.16,1.0143-1.0427,1.2928E4,7,17768,230221 Sample_37_S1-A8_1_7687.d,2,2,168,181,,,PEAKS DB
6,318304,P51525|PF12_PIG,R.FPPPNFPGPRFPPPNFPGP.R,Y,46.92,2075.0417,19,2.2,1038.5304,2,40.63,1.1807-1.2088,4.0733E4,7,19657,230221 Sample_37_S1-A8_1_7687.d,3,3,168,186,,,PEAKS DB
6,318304,P51525|PF12_PIG,R.FPPPNFPGPR.F,Y,40.28,1124.5767,10,2.5,563.2970,2,25.32,0.8498-0.8785,5.0287E4,7,12456,230221 Sample_37_S1-A8_1_7687.d,4,4,168,177,,,PEAKS DB
6,318304,P51525|PF12_PIG,F.PPPNVPGPR.F,Y,39.58,929.5082,9,5.4,465.7639,2,25.37,0.7808-0.8096,0,7,12549,230221 Sample_37_S1-A8_1_7687.d,0,0,149,157,,,PEAKS DB
6,318304,P51525|PF12_PIG,F.PPPNFPGPR.F,Y,38.70,977.5082,9,1.0,489.7619,2,32.28,0.8061-0.8349,3.5732E3,7,15766,230221 Sample_37_S1-A8_1_7687.d,2,2,169,177,,,PEAKS DB
6,318304,P51525|PF12_PIG,R.FPPPNFPGPRFPPPNFPGPR.F,Y,38.68,2231.1428,20,1.3,744.7225,3,38.17,0.8762-0.9048,5.954E3,7,18389,230221 Sample_37_S1-A8_1_7687.d,1,1,168,187,,,PEAKS DB
6,318304,P51525|PF12_PIG,R.PPPFGPPR.F,Y,38.21,863.4653,8,0.3,432.7401,2,17.59,0.7415-0.7704,0,7,8170,230221 Sample_37_S1-A8_1_7687.d,0,0,216,223,,,PEAKS DB
6,318304,P51525|PF12_PIG,F.PPPNFPGPRFPPPNFPGP.R,Y,37.81,1927.9733,18,0.5,964.9944,2,37.83,1.1548-1.1829,1.39E3,7,18117,230221 Sample_37_S1-A8_1_7687.d,1,1,169,186,,,PEAKS DB
6,318304,P51525|PF12_PIG,F.PPPNFPGPRFPPP.N,Y,37.66,1415.7349,13,3.0,708.8768,2,32.73,0.9608-0.9893,2.2129E3,7,15593,230221 Sample_37_S1-A8_1_7687.d,2,2,169,181,,,PEAKS DB
6,318304,P51525|PF12_PIG,V.PGPRFPPP.N,Y,37.32,863.4653,8,2.0,432.7408,2,18.47,0.7323-0.7612,1.0953E2,7,8716,230221 Sample_37_S1-A8_1_7687.d,1,1,154,161,,,PEAKS DB
6,318304,P51525|PF12_PIG,R.FPPPNFPGPRFPPPN.F,Y,37.31,1676.8463,15,2.5,839.4326,2,35.04,1.0530-1.0813,6.4057E3,7,16727,230221 Sample_37_S1-A8_1_7687.d,3,3,168,182,,,PEAKS DB
6,318304,P51525|PF12_PIG,R.FPPPNFPGPRFPPPNFP.G,Y,36.02,1920.9674,17,1.4,961.4923,2,41.72,1.1333-1.1615,7.1686E3,7,20726,230221 Sample_37_S1-A8_1_7687.d,1,1,168,184,,,PEAKS DB
11,318301,Q6QAQ1|ACTB_PIG,P.EEHPVLLTEAPLNPK.A,Y,58.11,1685.8988,15,3.0,843.9592,2,24.93,1.0892-1.1175,1.8667E3,7,12309,230221 Sample_37_S1-A8_1_7687.d,3,3,99,113,,,PEAKS DB
11,318301,Q6QAQ1|ACTB_PIG,V.GM(+15.99)GQKDSYVGDEAQS.K,N,56.94,1586.6519,15,-0.8,794.3326,2,8.87,0.9882-1.0166,1.4601E2,7,2688,230221 Sample_37_S1-A8_1_7687.d,1,1,46,60,Oxidation (M),M2:Oxidation (M):1000.00,PEAKS DB
11,318301,Q6QAQ1|ACTB_PIG,M.VGM(+15.99)GQKDSYVGDEAQS.K,N,48.63,1685.7202,16,4.7,843.8713,2,9.99,1.0200-1.0484,2.7055E2,7,3444,230221 Sample_37_S1-A8_1_7687.d,1,1,45,60,Oxidation (M),M3:Oxidation (M):1000.00,PEAKS DB
11,318301,Q6QAQ1|ACTB_PIG,K.DLYANTVLSGGTTM(+15.99)YPGIAD.R,Y,45.81,2073.9565,20,4.4,1037.9901,2,34.56,1.1773-1.2054,1.6646E2,7,16656,230221 Sample_37_S1-A8_1_7687.d,1,1,292,311,Oxidation (M),M14:Oxidation (M):1000.00,PEAKS DB
11,318301,Q6QAQ1|ACTB_PIG,L.TEAPLNPK.A,N,42.67,868.4654,8,1.0,435.2404,2,9.76,0.7554-0.7842,2.9438E2,7,3285,230221 Sample_37_S1-A8_1_7687.d,1,1,106,113,,,PEAKS DB
11,318301,Q6QAQ1|ACTB_PIG,Y.ELPDGQVITIGNERF.R,N,38.20,1686.8577,15,1.6,844.4375,2,35.42,1.0427-1.0711,7.875E1,7,17011,230221 Sample_37_S1-A8_1_7687.d,1,1,241,255,,,PEAKS DB
11,318301,Q6QAQ1|ACTB_PIG,G.DDAPRAVFPSIVG.R,N,36.83,1342.6881,13,1.7,672.3525,2,35.31,0.9208-0.9494,3.0826E2,7,16946,230221 Sample_37_S1-A8_1_7687.d,1,1,24,36,,,PEAKS DB
7,318340,Q95JC9|PRP_PIG,P.GARPPPPPPPPADEPQQGP.A,Y,55.68,1900.9431,19,1.4,634.6559,3,13.87,0.8349-0.8636,3.3505E2,7,5768,230221 Sample_37_S1-A8_1_7687.d,1,1,412,430,,,PEAKS DB
7,318340,Q95JC9|PRP_PIG,A.RPPPGPPPPGPPPPGP.A,Y,50.64,1509.8091,16,1.1,755.9127,2,15.76,0.9882-1.0166,1.5106E4,7,6978,230221 Sample_37_S1-A8_1_7687.d,3,3,78,93,,,PEAKS DB
7,318340,Q95JC9|PRP_PIG,A.RPPPGPPPPGPPPP.G,Y,47.10,1355.7349,14,0.3,678.8749,2,14.70,0.9540-0.9825,7.6971E3,7,6069,230221 Sample_37_S1-A8_1_7687.d,2,2,78,91,,,PEAKS DB
7,318340,Q95JC9|PRP_PIG,P.SPPRPPPGPPP.Q,Y,45.50,1094.5872,11,1.5,548.3017,2,11.86,0.8119-0.8406,1.7974E3,7,4518,230221 Sample_37_S1-A8_1_7687.d,1,1,665,675,,,PEAKS DB
7,318340,Q95JC9|PRP_PIG,R.PPPGPPPPGPPPPGP.A,Y,43.59,1353.7080,15,2.3,677.8629,2,18.70,0.9231-0.9517,4.5551E3,7,8663,230221 Sample_37_S1-A8_1_7687.d,1,1,79,93,,,PEAKS DB
7,318340,Q95JC9|PRP_PIG,P.APPGARPPPGPPPPGPPPPGP.A,Y,39.81,1903.0104,21,-1.9,635.3428,3,17.24,0.8922-0.9208,3.8008E3,7,7898,230221 Sample_37_S1-A8_1_7687.d,1,1,73,93,,,PEAKS DB
7,318340,Q95JC9|PRP_PIG,R.PPPGPPPPGPPPP.G,Y,39.34,1199.6338,13,6.2,600.8279,2,17.47,0.8360-0.8647,9.3045E3,7,8083,230221 Sample_37_S1-A8_1_7687.d,1,1,79,91,,,PEAKS DB
10,318329,Q95274|TYB4_PIG,K.ETIEQEKQAGES,Y,57.64,1347.6154,12,-2.4,674.8134,2,7.13,0.9128-0.9414,3.4614E2,7,1525,230221 Sample_37_S1-A8_1_7687.d,1,1,33,44,,,PEAKS DB
10,318329,Q95274|TYB4_PIG,N.PLPSKETIEQEKQAGES,Y,48.38,1869.9319,17,1.7,624.3190,3,12.77,0.7911-0.8199,2.1637E3,7,5264,230221 Sample_37_S1-A8_1_7687.d,1,1,28,44,,,PEAKS DB
10,318329,Q95274|TYB4_PIG,K.TETQEKNPLPSKETIEQEKQAGES,Y,44.41,2700.3088,24,-2.4,676.0829,4,13.14,0.8968-0.9254,0,7,5415,230221 Sample_37_S1-A8_1_7687.d,0,0,21,44,,,PEAKS DB
10,318329,Q95274|TYB4_PIG,K.NPLPSKETIEQEKQAGES,Y,43.64,1983.9749,18,3.4,662.3345,3,13.43,0.8211-0.8498,2.9421E2,7,5536,230221 Sample_37_S1-A8_1_7687.d,1,1,27,44,,,PEAKS DB
10,318329,Q95274|TYB4_PIG,E.TQEKNPLPSKETIEQEKQAGES,Y,38.80,2470.2188,22,4.2,618.5646,4,12.75,0.8647-0.8934,4.4351E2,7,5273,230221 Sample_37_S1-A8_1_7687.d,1,1,23,44,,,PEAKS DB
10,318329,Q95274|TYB4_PIG,K.KTETQEKNPLPSKETIEQEKQAGES,Y,38.73,2828.4038,25,-0.1,708.1082,4,11.92,0.8980-0.9265,2.6652E2,7,4708,230221 Sample_37_S1-A8_1_7687.d,1,1,20,44,,,PEAKS DB
10,318329,Q95274|TYB4_PIG,P.SKETIEQEKQAGES,Y,36.94,1562.7423,14,1.2,521.9220,3,6.01,0.7068-0.7358,0,7,890,230221 Sample_37_S1-A8_1_7687.d,0,0,31,44,,,PEAKS DB
14,318302,P68137|ACTS_PIG,V.GM(+15.99)GQKDSYVGDEAQS.K,N,56.94,1586.6519,15,-0.8,794.3326,2,8.87,0.9882-1.0166,1.4601E2,7,2688,230221 Sample_37_S1-A8_1_7687.d,1,1,48,62,Oxidation (M),M2:Oxidation (M):1000.00,PEAKS DB
14,318302,P68137|ACTS_PIG,P.EEHPTLLTEAPLNPK.A,Y,53.38,1687.8781,15,2.8,844.9487,2,31.39,1.0926-1.1209,8.6998E2,7,14888,230221 Sample_37_S1-A8_1_7687.d,3,3,101,115,,,PEAKS DB
14,318302,P68137|ACTS_PIG,M.VGM(+15.99)GQKDSYVGDEAQS.K,N,48.63,1685.7202,16,4.7,843.8713,2,9.99,1.0200-1.0484,2.7055E2,7,3444,230221 Sample_37_S1-A8_1_7687.d,1,1,47,62,Oxidation (M),M3:Oxidation (M):1000.00,PEAKS DB
14,318302,P68137|ACTS_PIG,L.TEAPLNPK.A,N,42.67,868.4654,8,1.0,435.2404,2,9.76,0.7554-0.7842,2.9438E2,7,3285,230221 Sample_37_S1-A8_1_7687.d,1,1,108,115,,,PEAKS DB
14,318302,P68137|ACTS_PIG,Y.ELPDGQVITIGNERF.R,N,38.20,1686.8577,15,1.6,844.4375,2,35.42,1.0427-1.0711,7.875E1,7,17011,230221 Sample_37_S1-A8_1_7687.d,1,1,243,257,,,PEAKS DB
14,318302,P68137|ACTS_PIG,G.DDAPRAVFPSIVG.R,N,36.83,1342.6881,13,1.7,672.3525,2,35.31,0.9208-0.9494,3.0826E2,7,16946,230221 Sample_37_S1-A8_1_7687.d,1,1,26,38,,,PEAKS DB
13,318380,P50390|TTHY_PIG,Y.SYSTTALVSSPKEGAL,Y,58.94,1609.8198,16,2.9,805.9195,2,24.25,1.0450-1.0734,6.2338E3,7,11960,230221 Sample_37_S1-A8_1_7687.d,2,2,135,150,,,PEAKS DB
13,318380,P50390|TTHY_PIG,A.ALLSPYSYSTTALVSSPKEGAL,Y,53.36,2254.1733,22,4.9,1128.0995,2,38.04,1.2705-1.2985,2.9168E2,7,18197,230221 Sample_37_S1-A8_1_7687.d,1,1,129,150,,,PEAKS DB
13,318380,P50390|TTHY_PIG,A.LLSPYSYSTTALVSSPKEGAL,Y,49.22,2183.1362,21,-0.9,1092.5745,2,36.45,1.2347-1.2627,5.4162E2,7,17385,230221 Sample_37_S1-A8_1_7687.d,1,1,130,150,,,PEAKS DB
13,318380,P50390|TTHY_PIG,Y.STTALVSSPKEGAL,Y,47.34,1359.7245,14,1.3,680.8704,2,20.83,0.9654-0.9939,4.0738E3,7,10227,230221 Sample_37_S1-A8_1_7687.d,1,1,137,150,,,PEAKS DB
13,318380,P50390|TTHY_PIG,T.TALVSSPKEGAL,Y,45.80,1171.6448,12,3.7,586.8318,2,20.05,0.8980-0.9265,1.5329E3,7,9624,230221 Sample_37_S1-A8_1_7687.d,1,1,139,150,,,PEAKS DB
15,318315,Q19AZ8|THRB_PIG,R.TTADDFQPFFNEKTF.G,Y,60.28,1806.8101,15,0.7,904.4130,2,39.18,1.0971-1.1254,6.395E2,7,18780,230221 Sample_37_S1-A8_1_7687.d,1,1,316,330,,,PEAKS DB
15,318315,Q19AZ8|THRB_PIG,R.TTADDFQPFFNE.K,Y,38.65,1430.5990,12,1.3,716.3077,2,36.98,0.9483-0.9768,1.658E2,7,17696,230221 Sample_37_S1-A8_1_7687.d,1,1,316,327,,,PEAKS DB
15,318315,Q19AZ8|THRB_PIG,S.SLEDKTEKELFESYIEG.R,Y,38.48,2015.9575,17,3.3,672.9953,3,36.38,0.8050-0.8337,4.3193E3,7,17334,230221 Sample_37_S1-A8_1_7687.d,2,2,347,363,,,PEAKS DB
15,318315,Q19AZ8|THRB_PIG,L.EDKTEKELFESYIEG.R,Y,36.90,1815.8413,15,2.7,908.9304,2,34.31,1.0722-1.1005,9.7175E2,7,16521,230221 Sample_37_S1-A8_1_7687.d,1,1,349,363,,,PEAKS DB
15,318315,Q19AZ8|THRB_PIG,L.FEKSSLEDKTEKELFESYIEG.R,Y,35.43,2507.1953,21,4.3,836.7427,3,36.45,0.9277-0.9562,6.3909E2,7,17389,230221 Sample_37_S1-A8_1_7687.d,1,1,343,363,,,PEAKS DB
19,318803,P80272|HMGN2_PIG,R.SARLSAKPAPPKPEPKPK.K,Y,72.33,1898.1101,18,14.8,475.5418,4,30.59,0.8349-0.8636,0,7,14466,230221 Sample_37_S1-A8_1_7687.d,0,0,25,42,,,PEAKS DB
19,318803,P80272|HMGN2_PIG,L.SAKPAPPKPEPKPK.K,Y,43.27,1470.8557,14,2.7,368.7222,4,5.54,0.7207-0.7496,0,7,671,230221 Sample_37_S1-A8_1_7687.d,0,0,29,42,,,PEAKS DB
19,318803,P80272|HMGN2_PIG,M.PKRKAEGDAKGDKAKVKDEPQ.R,Y,37.81,2294.2341,21,6.2,574.5693,4,32.06,0.8303-0.8590,3.1186E3,7,15270,230221 Sample_37_S1-A8_1_7687.d,2,2,2,22,,,PEAKS DB
20,318306,P0DSO0|SAA2_PIG,F.LGEAYEGAKDM(+15.99)L.R,Y,42.84,1311.6017,12,1.9,656.8094,2,18.56,0.9345-0.9631,0,7,8766,230221 Sample_37_S1-A8_1_7687.d,0,0,24,35,Oxidation (M),M11:Oxidation (M):1000.00,PEAKS DB
20,318306,P0DSO0|SAA2_PIG,K.VISDARENVQ.R,Y,40.71,1129.5728,10,-1.2,565.7930,2,9.11,0.8509-0.8796,0,7,2865,230221 Sample_37_S1-A8_1_7687.d,0,0,74,83,,,PEAKS DB
20,318306,P0DSO0|SAA2_PIG,S.DM(+15.99)REANFKNSDKYFHA.R,Y,40.15,1987.8846,16,6.3,497.9816,4,30.45,0.7911-0.8199,0,7,14389,230221 Sample_37_S1-A8_1_7687.d,0,0,40,55,Oxidation (M),M2:Oxidation (M):1000.00,PEAKS DB
20,318306,P0DSO0|SAA2_PIG,L.GEAYEGAKDM(+15.99)L.R,Y,39.26,1198.5176,11,4.5,600.2687,2,14.26,0.8854-0.9140,2.4064E2,7,5992,230221 Sample_37_S1-A8_1_7687.d,1,1,25,35,Oxidation (M),M10:Oxidation (M):1000.00,PEAKS DB
20,318306,P0DSO0|SAA2_PIG,A.DQAANEWGR.S,Y,37.65,1045.4576,9,0.3,523.7363,2,11.43,0.8073-0.8360,0,7,4405,230221 Sample_37_S1-A8_1_7687.d,0,0,104,112,,,PEAKS DB
12,318314,P29700|FETUA_PIG,R.HSFSGVASVESASGEAFHVGKTPK.G,Y,55.45,2415.1819,24,1.2,604.8035,4,32.94,0.8808-0.9094,7.6232E2,7,15971,230221 Sample_37_S1-A8_1_7687.d,1,1,311,334,,,PEAKS DB
12,318314,P29700|FETUA_PIG,F.SGVASVESASGEAFHVGKTPK.G,Y,45.61,2044.0225,21,-2.1,682.3467,3,30.24,0.9368-0.9654,1.7632E2,7,14291,230221 Sample_37_S1-A8_1_7687.d,1,1,314,334,,,PEAKS DB
12,318314,P29700|FETUA_PIG,A.VPPGIPPVH.R,Y,43.16,911.5228,9,3.7,456.7704,2,19.55,0.7785-0.8073,5.2357E2,7,9366,230221 Sample_37_S1-A8_1_7687.d,2,2,295,303,,,PEAKS DB
22,318560,P09571|TRFE_PIG,L.DAGLVFEAGLAPYNLKPVV.A,Y,48.72,1972.0669,19,7.2,987.0478,2,42.64,1.1841-1.2122,1.6079E2,7,22219,230221 Sample_37_S1-A8_1_7687.d,1,1,62,80,,,PEAKS DB
22,318560,P09571|TRFE_PIG,Y.AVAVVKKGSNFQWNQL.Q,Y,46.75,1787.9683,16,-0.6,894.9909,2,33.43,1.1480-1.1762,9.1095E2,7,16151,230221 Sample_37_S1-A8_1_7687.d,1,1,96,111,,,PEAKS DB
22,318560,P09571|TRFE_PIG,D.AGLVFEAGLAPYNLKPVV.A,Y,43.12,1857.0399,18,3.0,929.5300,2,42.51,1.1649-1.1931,0,7,21980,230221 Sample_37_S1-A8_1_7687.d,0,0,63,80,,,PEAKS DB
16,318328,P01025|CO3_PIG,E.IPPADLSDQVPDTESET.K,Y,41.88,1812.8264,17,2.1,907.4224,2,23.46,1.0937-1.1220,1.2978E3,7,11548,230221 Sample_37_S1-A8_1_7687.d,1,1,960,976,,,PEAKS DB
16,318328,P01025|CO3_PIG,R.TLDPEHKGQQGVQ.R,Y,39.41,1435.7056,13,3.1,479.5773,3,8.11,0.7115-0.7404,4.0466E3,7,2147,230221 Sample_37_S1-A8_1_7687.d,1,1,944,956,,,PEAKS DB
16,318328,P01025|CO3_PIG,R.HRILWESASLL.R,Y,38.17,1323.7299,11,5.8,662.8760,2,42.55,0.9619-0.9904,4.3707E2,7,22080,230221 Sample_37_S1-A8_1_7687.d,1,1,1307,1317,,,PEAKS DB
23,318949,Q29549|CLUS_PIG,V.SDPKFM(+15.99)ETVAEEALQQY.R,Y,51.65,2000.9037,17,2.9,1001.4620,2,32.36,1.1412-1.1694,1.1682E3,7,15505,230221 Sample_37_S1-A8_1_7687.d,2,2,423,439,Oxidation (M),M6:Oxidation (M):1000.00,PEAKS DB
23,318949,Q29549|CLUS_PIG,K.TLIEQSNEERKSLLSSLEEA.K,Y,37.61,2275.1543,20,-6.9,759.3868,3,36.80,0.8980-0.9265,5.9183E1,7,17600,230221 Sample_37_S1-A8_1_7687.d,1,1,58,77,,,PEAKS DB
24,318307,P02543|VIME_PIG,M.FGGPGTASRPSSSRSYVTTST.R,Y,47.19,2102.0029,21,-0.4,701.6746,3,13.75,0.8487-0.8773,7.5381E1,7,5720,230221 Sample_37_S1-A8_1_7687.d,1,1,15,35,,,PEAKS DB
24,318307,P02543|VIME_PIG,F.GGPGTASRPSSSRSYVTTST.R,Y,46.17,1954.9344,20,-3.2,652.6500,3,10.05,0.8153-0.8441,2.2102E2,7,3488,230221 Sample_37_S1-A8_1_7687.d,1,1,16,35,,,PEAKS DB
25,318359,P18650|APOE_PIG,Q.SAVSISSSTSAPSDNQ,Y,43.45,1536.6903,16,-1.4,769.3514,2,13.89,1.0064-1.0348,1.9515E2,7,5787,230221 Sample_37_S1-A8_1_7687.d,1,1,302,317,,,PEAKS DB
25,318359,P18650|APOE_PIG,V.SISSSTSAPSDNQ,Y,41.46,1279.5527,13,3.0,640.7856,2,8.44,0.9048-0.9334,8.8502E2,7,2412,230221 Sample_37_S1-A8_1_7687.d,1,1,305,317,,,PEAKS DB
28,320057,P50447|A1AT_PIG,A.EGLQGHAVQETDVPR.H,Y,57.92,1634.8013,15,3.3,545.9428,3,13.65,0.7923-0.8211,4.0139E2,7,5645,230221 Sample_37_S1-A8_1_7687.d,1,1,25,39,,,PEAKS DB
21,318528,P20305|GELS_PIG,A.TASRGAPQARAPQG.R,Y,38.29,1366.7065,14,-3.2,456.5746,3,6.08,0.7439-0.7727,2.3633E2,7,929,230221 Sample_37_S1-A8_1_7687.d,1,1,19,32,,,PEAKS DB
21,318528,P20305|GELS_PIG,A.TASRGAPQARAPQGR.V,Y,36.99,1522.8076,15,-17.7,381.7024,4,5.21,0.6872-0.7161,0,7,523,230221 Sample_37_S1-A8_1_7687.d,0,0,19,33,,,PEAKS DB
17,319760,O97507|FA12_PIG,Y.LAWIQEHTTS,Y,50.07,1184.5825,10,3.6,593.3007,2,22.77,0.8532-0.8819,4.8728E3,7,11179,230221 Sample_37_S1-A8_1_7687.d,3,3,607,616,,,PEAKS DB
34,318810,Q29308|RS19_PIG,M.PGVTVKDVNQQEFV.R,Y,45.86,1558.7991,14,3.2,780.4093,2,23.36,1.0200-1.0484,3.6404E2,7,11611,230221 Sample_37_S1-A8_1_7687.d,1,1,2,15,,,PEAKS DB
30,320063,P08835|ALBU_PIG,R.DTYKSEIAHR.F,Y,44.71,1218.5992,10,-4.6,407.2051,3,7.51,0.6872-0.7161,0,7,1822,230221 Sample_37_S1-A8_1_7687.d,0,0,25,34,,,PEAKS DB
35,318934,P02550|TBA1A_PIG,V.DLEPTVIDEVRTGTY.R,Y,44.28,1706.8363,15,-0.9,854.4247,2,33.30,1.0552-1.0836,2.5962E2,7,16142,230221 Sample_37_S1-A8_1_7687.d,1,1,69,83,,,PEAKS DB
35,318935,Q2XVP4|TBA1B_PIG,V.DLEPTVIDEVRTGTY.R,Y,44.28,1706.8363,15,-0.9,854.4247,2,33.30,1.0552-1.0836,2.5962E2,7,16142,230221 Sample_37_S1-A8_1_7687.d,1,1,69,83,,,PEAKS DB
27,318839,Q71LE2|H33_PIG,K.STGGKAPRKQLAT.K,Y,43.20,1313.7415,13,3.6,438.9227,3,5.31,0.7577-0.7865,3.2209E2,7,545,230221 Sample_37_S1-A8_1_7687.d,1,1,11,23,,,PEAKS DB
31,318428,P00355|G3P_PIG,R.DGRGAAQNIIPASTGAA.K,Y,40.15,1568.7906,17,1.9,785.4041,2,20.11,0.9802-1.0086,1.5078E3,7,9659,230221 Sample_37_S1-A8_1_7687.d,1,1,196,212,,,PEAKS DB
36,319612,Q9GLP2|PROC_PIG,R.DTDQVDKKEDQIDPR.L,Y,39.85,1800.8489,15,-12.0,601.2830,3,9.31,0.8383-0.8670,1.3317E2,7,2994,230221 Sample_37_S1-A8_1_7687.d,1,1,199,213,,,PEAKS DB
33,318677,O19084|CDSN_PIG,K.DNPVKGSPGAPS.F,Y,36.58,1124.5461,12,12.1,563.2872,2,8.89,0.8188-0.8475,0,7,2735,230221 Sample_37_S1-A8_1_7687.d,0,0,47,58,,,PEAKS DB
26,318730,Q5U9S1|MBL1_PIG,F.LGITDEVTEGQFM(+15.99)YV.T,Y,36.57,1716.7916,15,0.3,859.4033,2,37.57,1.0632-1.0915,1.0531E2,7,18009,230221 Sample_37_S1-A8_1_7687.d,1,1,185,199,Oxidation (M),M13:Oxidation (M):1000.00,PEAKS DB
