Protein Group,Protein ID,Protein Accession,Peptide,Unique,-10lgP,Mass,Length,ppm,m/z,z,RT,1/k0 Range,Area Sample 38,Fraction,Precursor Id,Source File,#Feature,#Feature Sample 38,Start,End,PTM,AScore,Found By
1,6,tr|F1RX37|F1RX37_PIG,R.EEAPSLRPVAPPISAGGYQPRP.A,Y,96.34,2288.1912,22,3.2,763.7365,3,21.32,0.9162-0.9447,2.3188E5,53,9207,230609 Sample 37 D1_S1-E12_1_8192.d,16,16,58,79,,,PEAKS DB
1,6,tr|F1RX37|F1RX37_PIG,R.EEAPSLRPVAPPISAGGYQPRPA.K,Y,86.19,2359.2283,23,1.4,787.4140,3,20.98,0.9094-0.9379,2.3167E4,53,9104,230609 Sample 37 D1_S1-E12_1_8192.d,1,1,58,80,,,PEAKS DB
1,6,tr|F1RX37|F1RX37_PIG,E.EAPSLRPVAPPISAGGYQPRP.A,Y,84.02,2159.1487,21,1.3,720.7209,3,20.96,0.8762-0.9048,3.0662E4,53,9048,230609 Sample 37 D1_S1-E12_1_8192.d,1,1,59,79,,,PEAKS DB
1,6,tr|F1RX37|F1RX37_PIG,I.DYDEDEDGRPKV.H,Y,82.76,1436.6055,12,0.9,719.3072,2,8.59,0.9721-1.0005,4.4734E3,53,2545,230609 Sample 37 D1_S1-E12_1_8192.d,2,2,32,43,,,PEAKS DB
1,6,tr|F1RX37|F1RX37_PIG,E.EAPSLRPVAPPISAGGYQPRPA.K,Y,78.80,2230.1858,22,3.6,744.4016,3,20.51,0.8934-0.9219,2.719E3,53,8936,230609 Sample 37 D1_S1-E12_1_8192.d,1,1,59,80,,,PEAKS DB
1,6,tr|F1RX37|F1RX37_PIG,E.APSLRPVAPPISAGGYQPRP.A,Y,77.53,2030.1061,20,-1.1,677.7053,3,20.09,0.8385-0.8671,8.8476E2,53,8787,230609 Sample 37 D1_S1-E12_1_8192.d,1,1,60,79,,,PEAKS DB
1,6,tr|F1RX37|F1RX37_PIG,I.DYDEDEDGRPKVHVDA.R,Y,77.38,1858.7969,16,4.1,930.4050,2,13.24,1.0675-1.0958,2.6443E5,53,4935,230609 Sample 37 D1_S1-E12_1_8192.d,18,18,32,47,,,PEAKS DB
1,6,tr|F1RX37|F1RX37_PIG,A.AIDYDEDEDGRPKVHVDA.R,Y,75.97,2042.9181,18,-6.2,681.9725,3,13.25,0.9276-0.9561,1.1757E6,53,4896,230609 Sample 37 D1_S1-E12_1_8192.d,20,20,30,47,,,PEAKS DB
1,6,tr|F1RX37|F1RX37_PIG,L.RPVAPPISAGGYQPRP.A,Y,74.34,1661.9001,16,7.2,554.9753,3,14.61,0.8098-0.8385,4.2164E2,53,5944,230609 Sample 37 D1_S1-E12_1_8192.d,1,1,64,79,,,PEAKS DB
1,6,tr|F1RX37|F1RX37_PIG,P.SLRPVAPPISAGGYQPRP.A,Y,73.89,1862.0162,18,1.6,621.6774,3,18.39,0.7949-0.8236,2.1564E2,53,7884,230609 Sample 37 D1_S1-E12_1_8192.d,1,1,62,79,,,PEAKS DB
1,6,tr|F1RX37|F1RX37_PIG,Y.DEDEDGRPKVHVDA.R,Y,73.52,1580.7067,14,1.9,791.3583,2,13.23,1.0119-1.0403,1.8882E5,53,4874,230609 Sample 37 D1_S1-E12_1_8192.d,14,14,34,47,,,PEAKS DB
1,6,tr|F1RX37|F1RX37_PIG,V.APPISAGGYQPRPA.K,Y,72.89,1380.7150,14,0.1,691.3615,2,13.45,0.9584-0.9869,2.3143E3,53,5175,230609 Sample 37 D1_S1-E12_1_8192.d,2,2,67,80,,,PEAKS DB
1,6,tr|F1RX37|F1RX37_PIG,R.EEAPSLRPVAPPISA.G,Y,72.48,1532.8198,15,1.5,767.4147,2,22.48,0.9926-1.0210,9.0426E3,53,9655,230609 Sample 37 D1_S1-E12_1_8192.d,2,2,58,72,,,PEAKS DB
1,6,tr|F1RX37|F1RX37_PIG,D.YDEDEDGRPKVHVDA.R,Y,72.35,1743.7699,15,-4.9,582.2582,3,9.86,0.8545-0.8831,7.307E5,53,3149,230609 Sample 37 D1_S1-E12_1_8192.d,11,11,33,47,,,PEAKS DB
1,6,tr|F1RX37|F1RX37_PIG,I.DYDEDEDGRPK.V,Y,72.29,1337.5371,11,3.6,669.7750,2,4.81,0.9265-0.9550,5.3379E3,53,684,230609 Sample 37 D1_S1-E12_1_8192.d,2,2,32,42,,,PEAKS DB
1,6,tr|F1RX37|F1RX37_PIG,R.EEAPSLRPVAPPISAG.G,Y,70.75,1589.8413,16,0.3,795.9243,2,21.42,1.0323-1.0607,7.293E2,53,9316,230609 Sample 37 D1_S1-E12_1_8192.d,1,1,58,73,,,PEAKS DB
1,6,tr|F1RX37|F1RX37_PIG,R.EEAPSLRPVAPPISAGGYQP.R,Y,69.71,2035.0374,20,-3.3,1018.5177,2,24.57,1.1636-1.1918,2.9959E3,53,10593,230609 Sample 37 D1_S1-E12_1_8192.d,1,1,58,77,,,PEAKS DB
1,6,tr|F1RX37|F1RX37_PIG,R.EEAPSLRPVAPPISAGGY.Q,Y,68.36,1809.9260,18,-3.8,905.9625,2,24.59,1.1207-1.1489,5.9481E2,53,10580,230609 Sample 37 D1_S1-E12_1_8192.d,1,1,58,75,,,PEAKS DB
1,6,tr|F1RX37|F1RX37_PIG,D.YDEDEDGRPK.V,Y,67.94,1222.5101,10,-6.7,612.2553,2,3.92,0.8934-0.9219,1.8844E2,53,276,230609 Sample 37 D1_S1-E12_1_8192.d,1,1,33,42,,,PEAKS DB
1,6,tr|F1RX37|F1RX37_PIG,R.REEAPSLRPVAPPISAGGYQPRP.A,Y,67.84,2444.2922,23,-0.1,612.0773,4,18.80,0.9447-0.9732,2.6263E3,53,8131,230609 Sample 37 D1_S1-E12_1_8192.d,2,2,57,79,,,PEAKS DB
1,6,tr|F1RX37|F1RX37_PIG,P.SLRPVAPPISAGGYQPRPA.K,Y,67.37,1933.0533,19,7.5,645.3601,3,17.95,0.8064-0.8350,0,53,7721,230609 Sample 37 D1_S1-E12_1_8192.d,0,0,62,80,,,PEAKS DB
1,6,tr|F1RX37|F1RX37_PIG,E.APSLRPVAPPISA.G,Y,66.51,1274.7346,13,-1.6,638.3705,2,20.83,0.9151-0.9436,2.121E2,53,9072,230609 Sample 37 D1_S1-E12_1_8192.d,1,1,60,72,,,PEAKS DB
1,6,tr|F1RX37|F1RX37_PIG,L.RPVAPPISAGGYQPRPA.K,Y,66.29,1732.9373,17,7.6,578.6546,3,14.09,0.8178-0.8465,0,53,5698,230609 Sample 37 D1_S1-E12_1_8192.d,0,0,64,80,,,PEAKS DB
1,6,tr|F1RX37|F1RX37_PIG,A.AIDYDEDEDGRP.K,Y,65.40,1393.5634,12,2.6,697.7874,2,10.80,0.9596-0.9880,1.9143E2,53,3772,230609 Sample 37 D1_S1-E12_1_8192.d,1,1,30,41,,,PEAKS DB
1,6,tr|F1RX37|F1RX37_PIG,I.DYDEDEDGRPKVH.V,Y,65.10,1573.6644,13,3.8,525.5615,3,5.68,0.7765-0.8052,1.6661E4,53,1177,230609 Sample 37 D1_S1-E12_1_8192.d,3,3,32,44,,,PEAKS DB
1,6,tr|F1RX37|F1RX37_PIG,R.REEAPSLRPVAPPISAGGYQPRPA.K,Y,64.77,2515.3293,24,-1.1,629.8359,4,18.38,0.9390-0.9675,9.794E2,53,7864,230609 Sample 37 D1_S1-E12_1_8192.d,1,1,57,80,,,PEAKS DB
1,6,tr|F1RX37|F1RX37_PIG,R.EEAPSLRPVAPPIS.A,Y,63.64,1461.7827,14,0.2,731.8953,2,21.15,0.9948-1.0232,1.4312E3,53,9146,230609 Sample 37 D1_S1-E12_1_8192.d,1,1,58,71,,,PEAKS DB
1,6,tr|F1RX37|F1RX37_PIG,D.EDEDGRPKVHVDA.R,Y,63.61,1465.6797,13,1.3,733.8445,2,9.85,0.9299-0.9584,1.2899E5,53,3234,230609 Sample 37 D1_S1-E12_1_8192.d,5,5,35,47,,,PEAKS DB
1,6,tr|F1RX37|F1RX37_PIG,E.EAPSLRPVAPPISA.G,Y,63.27,1403.7772,14,0.2,702.8926,2,21.78,0.9550-0.9835,8.3822E2,53,9446,230609 Sample 37 D1_S1-E12_1_8192.d,1,1,59,72,,,PEAKS DB
1,6,tr|F1RX37|F1RX37_PIG,A.IDYDEDEDGRPKVHVDA.R,Y,62.75,1971.8810,17,-1.2,658.2970,3,11.82,0.8694-0.8980,6.479E4,53,4152,230609 Sample 37 D1_S1-E12_1_8192.d,13,13,31,47,,,PEAKS DB
1,6,tr|F1RX37|F1RX37_PIG,A.AIDYDEDEDGRPK.V,Y,62.44,1521.6582,13,4.1,508.2263,3,7.66,0.8041-0.8327,1.1979E2,53,2172,230609 Sample 37 D1_S1-E12_1_8192.d,1,1,30,42,,,PEAKS DB
1,6,tr|F1RX37|F1RX37_PIG,R.EEAPSLRPVAPPISAGGYQPRPAKV.A,Y,61.82,2586.3916,25,3.7,647.6044,4,19.46,0.9744-1.0028,1.7377E3,53,8496,230609 Sample 37 D1_S1-E12_1_8192.d,1,1,58,82,,,PEAKS DB
1,6,tr|F1RX37|F1RX37_PIG,D.YDEDEDGRPKV.H,Y,60.99,1321.5786,11,0.8,661.7939,2,7.03,0.9128-0.9413,9.1465E2,53,1865,230609 Sample 37 D1_S1-E12_1_8192.d,1,1,33,43,,,PEAKS DB
1,6,tr|F1RX37|F1RX37_PIG,Y.DEDEDGRPKVH.V,Y,60.48,1295.5742,11,1.0,648.7919,2,3.85,0.9014-0.9299,4.6343E4,53,216,230609 Sample 37 D1_S1-E12_1_8192.d,2,2,34,44,,,PEAKS DB
1,6,tr|F1RX37|F1RX37_PIG,Y.DEDEDGRPK.V,Y,60.41,1059.4468,9,-0.4,530.7279,2,2.43,0.8224-0.8511,1.0178E4,53,80,230609 Sample 37 D1_S1-E12_1_8192.d,2,2,34,42,,,PEAKS DB
1,6,tr|F1RX37|F1RX37_PIG,E.DEDGRPKVHVDA.R,Y,60.16,1336.6371,12,0.3,669.3228,2,13.23,0.9744-1.0028,1.6639E5,53,4945,230609 Sample 37 D1_S1-E12_1_8192.d,9,9,36,47,,,PEAKS DB
1,6,tr|F1RX37|F1RX37_PIG,E.EAPSLRPVAPPISAGGY.Q,Y,59.86,1680.8834,17,4.2,841.4484,2,24.14,1.1026-1.1308,1.4377E2,53,10410,230609 Sample 37 D1_S1-E12_1_8192.d,1,1,59,75,,,PEAKS DB
1,6,tr|F1RX37|F1RX37_PIG,Y.DEDEDGRPKV.H,Y,59.27,1158.5153,10,0.1,580.2621,2,5.49,0.8557-0.8842,4.0281E4,53,907,230609 Sample 37 D1_S1-E12_1_8192.d,2,2,34,43,,,PEAKS DB
1,6,tr|F1RX37|F1RX37_PIG,R.EEAPSLRPVAPPISAGGYQPRPAKVAIGQ.K,Y,59.14,2955.5930,29,2.7,739.9039,4,21.36,1.0221-1.0505,7.7565E3,53,9261,230609 Sample 37 D1_S1-E12_1_8192.d,1,1,58,86,,,PEAKS DB
1,6,tr|F1RX37|F1RX37_PIG,V.APPISAGGYQPRP.A,Y,57.63,1309.6779,13,-4.3,655.8402,2,14.03,0.9311-0.9596,2.4498E2,53,5681,230609 Sample 37 D1_S1-E12_1_8192.d,1,1,67,79,,,PEAKS DB
1,6,tr|F1RX37|F1RX37_PIG,I.DYDEDEDGRP.K,Y,57.40,1209.4421,10,-3.5,605.7233,2,7.05,0.8717-0.9002,4.8501E2,53,1874,230609 Sample 37 D1_S1-E12_1_8192.d,1,1,32,41,,,PEAKS DB
1,6,tr|F1RX37|F1RX37_PIG,E.EAPSLRPVAPPISAGGYQP.R,Y,56.89,1905.9948,19,3.8,954.0037,2,24.15,1.1489-1.1771,2.8598E2,53,10418,230609 Sample 37 D1_S1-E12_1_8192.d,1,1,59,77,,,PEAKS DB
1,6,tr|F1RX37|F1RX37_PIG,V.APPISAGGYQPRPAKVAIGQ.K,Y,56.77,1977.0795,20,2.4,660.0322,3,16.09,0.9356-0.9641,7.4768E2,53,6702,230609 Sample 37 D1_S1-E12_1_8192.d,2,2,67,86,,,PEAKS DB
1,6,tr|F1RX37|F1RX37_PIG,R.EEAPSLRPVAPPISAGGYQPR.P,Y,56.68,2191.1384,21,2.0,731.3847,3,20.34,0.9002-0.9288,0,53,8891,230609 Sample 37 D1_S1-E12_1_8192.d,0,0,58,78,,,PEAKS DB
1,6,tr|F1RX37|F1RX37_PIG,R.EEAPSLRPVAPPISAGG.Y,Y,56.59,1646.8627,17,6.9,824.4403,2,21.11,1.0652-1.0935,1.3653E2,53,9201,230609 Sample 37 D1_S1-E12_1_8192.d,1,1,58,74,,,PEAKS DB
1,6,tr|F1RX37|F1RX37_PIG,L.RPVAPPISAGGYQP.R,Y,56.45,1408.7462,14,5.2,705.3807,2,17.19,0.9584-0.9869,4.4293E2,53,7277,230609 Sample 37 D1_S1-E12_1_8192.d,1,1,64,77,,,PEAKS DB
1,6,tr|F1RX37|F1RX37_PIG,Y.DKRREEAPSLRPVAPPISAGGYQPRP.A,Y,55.97,2843.5154,26,4.9,569.7104,5,16.29,0.7788-0.8075,0,53,6813,230609 Sample 37 D1_S1-E12_1_8192.d,0,0,54,79,,,PEAKS DB
1,6,tr|F1RX37|F1RX37_PIG,R.EEAPSLRPV.A,Y,55.40,996.5240,9,2.2,499.2680,2,13.81,0.8006-0.8293,2.4845E3,53,5427,230609 Sample 37 D1_S1-E12_1_8192.d,1,1,58,66,,,PEAKS DB
1,6,tr|F1RX37|F1RX37_PIG,Y.DEDEDGRPKVHVD.A,Y,55.35,1509.6696,13,2.5,504.2293,3,6.27,0.7685-0.7972,6.3969E3,53,1451,230609 Sample 37 D1_S1-E12_1_8192.d,1,1,34,46,,,PEAKS DB
1,6,tr|F1RX37|F1RX37_PIG,D.GRPKVHVDA.R,Y,55.13,977.5406,9,2.8,489.7766,2,9.85,0.8579-0.8865,3.8163E3,53,3214,230609 Sample 37 D1_S1-E12_1_8192.d,3,3,39,47,,,PEAKS DB
1,6,tr|F1RX37|F1RX37_PIG,D.EDGRPKVHVDA.R,Y,54.84,1221.6101,11,1.3,611.8102,2,13.24,0.9060-0.9345,3.7572E3,53,4937,230609 Sample 37 D1_S1-E12_1_8192.d,3,3,37,47,,,PEAKS DB
1,6,tr|F1RX37|F1RX37_PIG,E.DEDGRPKV.H,Y,54.75,914.4457,8,0.7,458.2282,2,5.87,0.7604-0.7892,9.9185E4,53,1343,230609 Sample 37 D1_S1-E12_1_8192.d,2,2,36,43,,,PEAKS DB
1,6,tr|F1RX37|F1RX37_PIG,A.AIDYDEDEDGRPKV.H,Y,54.55,1620.7267,14,7.8,541.2511,3,11.57,0.7892-0.8178,0,53,4066,230609 Sample 37 D1_S1-E12_1_8192.d,0,0,30,43,,,PEAKS DB
1,6,tr|F1RX37|F1RX37_PIG,A.AIDYDEDEDGRPKVHVDAR.G,Y,54.00,2199.0190,19,-0.1,550.7593,4,10.80,0.8408-0.8694,2.5586E2,53,3763,230609 Sample 37 D1_S1-E12_1_8192.d,1,1,30,48,,,PEAKS DB
1,6,tr|F1RX37|F1RX37_PIG,D.EDEDGRPKV.H,Y,53.87,1043.4883,9,1.1,522.7495,2,4.73,0.8282-0.8568,4.4766E3,53,646,230609 Sample 37 D1_S1-E12_1_8192.d,1,1,35,43,,,PEAKS DB
1,6,tr|F1RX37|F1RX37_PIG,D.YDEDEDGRPKVHVD.A,Y,53.67,1672.7328,14,-2.5,558.5808,3,7.51,0.8442-0.8728,4.7894E2,53,2069,230609 Sample 37 D1_S1-E12_1_8192.d,1,1,33,46,,,PEAKS DB
1,6,tr|F1RX37|F1RX37_PIG,P.VAPPISAGGYQPRP.A,Y,53.39,1408.7462,14,2.7,705.3789,2,16.37,0.9607-0.9891,0,53,6862,230609 Sample 37 D1_S1-E12_1_8192.d,0,0,66,79,,,PEAKS DB
1,6,tr|F1RX37|F1RX37_PIG,R.PKVHVDA.R,Y,53.35,764.4181,7,-2.3,383.2136,2,9.86,0.7397-0.7685,3.0342E2,53,3216,230609 Sample 37 D1_S1-E12_1_8192.d,1,1,41,47,,,PEAKS DB
1,6,tr|F1RX37|F1RX37_PIG,A.IDYDEDEDGRPKVH.V,Y,53.02,1686.7485,14,2.5,563.2555,3,7.73,0.8041-0.8327,8.9931E2,53,2216,230609 Sample 37 D1_S1-E12_1_8192.d,1,1,31,44,,,PEAKS DB
1,6,tr|F1RX37|F1RX37_PIG,D.YDEDEDGRPKVH.V,Y,51.75,1458.6375,12,0.8,487.2178,3,4.85,0.7340-0.7627,4.8274E3,53,725,230609 Sample 37 D1_S1-E12_1_8192.d,1,1,33,44,,,PEAKS DB
1,6,tr|F1RX37|F1RX37_PIG,L.RPVAPPISAGGY.Q,Y,51.52,1183.6349,12,-8.5,592.8168,2,16.41,0.8751-0.9037,0,53,6880,230609 Sample 37 D1_S1-E12_1_8192.d,0,0,64,75,,,PEAKS DB
1,6,tr|F1RX37|F1RX37_PIG,E.DGRPKVHVDA.R,Y,50.77,1092.5676,10,-2.2,547.2872,2,9.86,0.9128-0.9413,4.8746E3,53,3232,230609 Sample 37 D1_S1-E12_1_8192.d,2,2,38,47,,,PEAKS DB
1,6,tr|F1RX37|F1RX37_PIG,D.YDEDEDGRP.K,Y,50.63,1094.4152,9,1.6,548.2131,2,6.88,0.8236-0.8522,1.3888E3,53,1810,230609 Sample 37 D1_S1-E12_1_8192.d,2,2,33,41,,,PEAKS DB
1,6,tr|F1RX37|F1RX37_PIG,Y.DEDEDGRP.K,Y,50.28,931.3519,8,-1.8,466.6801,2,3.62,0.7627-0.7915,0,53,225,230609 Sample 37 D1_S1-E12_1_8192.d,0,0,34,41,,,PEAKS DB
1,6,tr|F1RX37|F1RX37_PIG,R.EEAPSLRPVAPP.I,Y,50.15,1261.6666,12,5.5,631.8410,2,17.24,0.9014-0.9299,1.2322E2,53,7293,230609 Sample 37 D1_S1-E12_1_8192.d,1,1,58,69,,,PEAKS DB
1,6,tr|F1RX37|F1RX37_PIG,I.DYDEDEDGRPKVHVD.A,Y,48.80,1787.7598,15,3.5,596.9264,3,8.82,0.8396-0.8682,1.2252E3,53,2676,230609 Sample 37 D1_S1-E12_1_8192.d,1,1,32,46,,,PEAKS DB
1,6,tr|F1RX37|F1RX37_PIG,D.EDGRPKV.H,Y,46.87,799.4188,7,-0.6,400.7145,2,4.04,0.7098-0.7386,2.3658E3,53,289,230609 Sample 37 D1_S1-E12_1_8192.d,1,1,37,43,,,PEAKS DB
1,6,tr|F1RX37|F1RX37_PIG,A.IDYDEDEDGRPK.V,Y,46.65,1450.6211,12,11.4,484.5508,3,6.94,0.7696-0.7983,0,53,1851,230609 Sample 37 D1_S1-E12_1_8192.d,0,0,31,42,,,PEAKS DB
1,6,tr|F1RX37|F1RX37_PIG,L.RPVAPPISA.G,Y,46.59,906.5287,9,0.3,454.2696,2,12.79,0.7673-0.7960,0,53,4645,230609 Sample 37 D1_S1-E12_1_8192.d,0,0,64,72,,,PEAKS DB
1,6,tr|F1RX37|F1RX37_PIG,I.DYDEDEDGRPKVHV.D,Y,45.95,1672.7328,14,5.4,558.5852,3,9.69,0.7846-0.8133,0,53,3083,230609 Sample 37 D1_S1-E12_1_8192.d,0,0,32,45,,,PEAKS DB
1,6,tr|F1RX37|F1RX37_PIG,R.DNENVINEF.S,Y,45.27,1092.4723,9,-4.9,547.2381,2,26.39,0.8431-0.8717,9.6963E2,53,11299,230609 Sample 37 D1_S1-E12_1_8192.d,2,2,168,176,,,PEAKS DB
1,6,tr|F1RX37|F1RX37_PIG,E.DEDGRPKVHV.D,Y,44.49,1150.5730,10,0.6,384.5300,3,6.24,0.7213-0.7501,8.446E3,53,1601,230609 Sample 37 D1_S1-E12_1_8192.d,1,1,36,45,,,PEAKS DB
1,6,tr|F1RX37|F1RX37_PIG,A.AIDYDEDEDGRPKVH.V,Y,44.42,1757.7856,15,2.9,586.9347,3,8.37,0.8201-0.8488,2.0753E3,53,2434,230609 Sample 37 D1_S1-E12_1_8192.d,1,1,30,44,,,PEAKS DB
1,6,tr|F1RX37|F1RX37_PIG,D.EDGRPKVHV.D,Y,42.74,1035.5461,9,12.2,346.1919,3,5.26,0.6856-0.7144,0,53,946,230609 Sample 37 D1_S1-E12_1_8192.d,0,0,37,45,,,PEAKS DB
1,6,tr|F1RX37|F1RX37_PIG,D.EDEDGRPKVH.V,Y,40.69,1180.5472,10,2.2,394.5220,3,3.42,0.6844-0.7132,0,53,205,230609 Sample 37 D1_S1-E12_1_8192.d,0,0,35,44,,,PEAKS DB
1,6,tr|F1RX37|F1RX37_PIG,E.DEDGRPKVHVD.A,Y,40.18,1265.6000,11,0.6,422.8721,3,5.46,0.7282-0.7570,3.7268E2,53,1052,230609 Sample 37 D1_S1-E12_1_8192.d,1,1,36,46,,,PEAKS DB
1,6,tr|F1RX37|F1RX37_PIG,Y.DEDEDGRPKVHV.D,Y,39.38,1394.6426,12,1.0,698.3259,2,7.04,0.9516-0.9800,3.8806E3,53,1896,230609 Sample 37 D1_S1-E12_1_8192.d,1,1,34,45,,,PEAKS DB
1,6,tr|F1RX37|F1RX37_PIG,E.EAPSLRPVAPPISAGGYQPRPAKVAIGQ.K,Y,38.82,2826.5503,28,11.8,707.6498,4,21.03,0.9242-0.9527,0,53,9142,230609 Sample 37 D1_S1-E12_1_8192.d,0,0,59,86,,,PEAKS DB
1,6,tr|F1RX37|F1RX37_PIG,D.EDGRPKVHVD.A,Y,37.29,1150.5730,10,0.6,384.5300,3,6.24,0.6925-0.7213,8.446E3,53,1447,230609 Sample 37 D1_S1-E12_1_8192.d,1,1,37,46,,,PEAKS DB
1,6,tr|F1RX37|F1RX37_PIG,K.RREEAPSLRPVAPPISAGGYQPRPA.K,Y,36.47,2671.4307,25,5.1,668.8651,4,16.57,0.9128-0.9413,0,53,6966,230609 Sample 37 D1_S1-E12_1_8192.d,0,0,56,80,,,PEAKS DB
2,1,tr|F1RX36|F1RX36_PIG,A.EVQDKGEFLAEGGGV.R,Y,85.27,1533.7311,15,-1.1,767.8683,2,19.20,1.0391-1.0675,9.2126E5,53,8124,230609 Sample 37 D1_S1-E12_1_8192.d,4,4,48,62,,,PEAKS DB
2,1,tr|F1RX36|F1RX36_PIG,M.AEVQDKGEFLAEGGGV.R,Y,82.54,1604.7682,16,1.8,803.3889,2,19.11,1.0516-1.0799,1.551E5,53,8340,230609 Sample 37 D1_S1-E12_1_8192.d,2,2,47,62,,,PEAKS DB
2,1,tr|F1RX36|F1RX36_PIG,M.AEVQDKGEFLAEGGGVR.G,Y,82.25,1760.8693,17,-0.3,587.9607,3,13.99,0.8820-0.9105,1.1637E5,53,5612,230609 Sample 37 D1_S1-E12_1_8192.d,26,26,47,63,,,PEAKS DB
2,1,tr|F1RX36|F1RX36_PIG,A.EVQDKGEFLAEGGGVR.G,Y,79.86,1689.8322,16,9.8,564.2875,3,13.62,0.8579-0.8865,3.2913E5,53,5343,230609 Sample 37 D1_S1-E12_1_8192.d,25,25,48,63,,,PEAKS DB
2,1,tr|F1RX36|F1RX36_PIG,E.VQDKGEFLAEGGGV.R,Y,79.01,1404.6885,14,1.2,703.3490,2,18.08,0.9823-1.0107,1.675E5,53,7651,230609 Sample 37 D1_S1-E12_1_8192.d,2,2,49,62,,,PEAKS DB
2,1,tr|F1RX36|F1RX36_PIG,K.M(+15.99)EDEADSEEGLDLKGGHVIK.R,Y,77.44,2187.0000,20,5.6,547.7577,4,13.58,0.8259-0.8545,3.1853E2,53,5262,230609 Sample 37 D1_S1-E12_1_8192.d,1,1,659,678,Oxidation (M),M1:Oxidation (M):1000.00,PEAKS DB
2,1,tr|F1RX36|F1RX36_PIG,M.EDEADSEEGLDLKGGHV.I,Y,75.35,1798.7856,17,4.4,900.3997,2,14.61,1.1071-1.1354,3.256E3,53,5937,230609 Sample 37 D1_S1-E12_1_8192.d,2,2,660,676,,,PEAKS DB
2,1,tr|F1RX36|F1RX36_PIG,R.DETSLSRDPFPDFFSPV.L,Y,74.78,1954.8948,17,2.6,978.4525,2,41.73,1.1387-1.1670,1.1055E4,53,19771,230609 Sample 37 D1_S1-E12_1_8192.d,1,1,583,599,,,PEAKS DB
2,1,tr|F1RX36|F1RX36_PIG,E.DEADSEEGLDLKGGHV.I,Y,74.77,1669.7430,16,-4.5,835.8710,2,15.00,1.0539-1.0822,4.6113E2,53,6165,230609 Sample 37 D1_S1-E12_1_8192.d,2,2,661,676,,,PEAKS DB
2,1,tr|F1RX36|F1RX36_PIG,P.DGPEYSSSSKISS.H,Y,73.34,1342.5889,13,-1.7,672.2973,2,8.58,0.9174-0.9459,2.7264E2,53,2580,230609 Sample 37 D1_S1-E12_1_8192.d,1,1,623,635,,,PEAKS DB
2,1,tr|F1RX36|F1RX36_PIG,A.DSEEGLDLKGGHV.I,Y,72.93,1354.6365,13,0.8,678.3228,2,13.89,0.9835-1.0119,1.8662E3,53,5468,230609 Sample 37 D1_S1-E12_1_8192.d,1,1,664,676,,,PEAKS DB
2,1,tr|F1RX36|F1RX36_PIG,K.TQARETPPEWKALLETRQV.K,Y,70.94,2252.1912,19,-2.2,751.7324,3,23.27,0.9504-0.9789,1.0226E4,53,10012,230609 Sample 37 D1_S1-E12_1_8192.d,12,12,267,285,,,PEAKS DB
2,1,tr|F1RX36|F1RX36_PIG,A.DSEEGLDLKGGHVI.K,Y,70.76,1467.7205,14,1.5,734.8651,2,18.82,1.0765-1.1048,3.5151E2,53,8199,230609 Sample 37 D1_S1-E12_1_8192.d,1,1,664,677,,,PEAKS DB
2,1,tr|F1RX36|F1RX36_PIG,Q.DKGEFLAEGGGV.R,Y,69.78,1177.5615,12,-1.9,589.7841,2,19.13,0.8934-0.9219,1.1927E6,53,8376,230609 Sample 37 D1_S1-E12_1_8192.d,3,3,51,62,,,PEAKS DB
2,1,tr|F1RX36|F1RX36_PIG,V.QDKGEFLAEGGGV.R,Y,69.67,1305.6200,13,1.9,653.8154,2,17.80,0.9425-0.9709,7.3909E4,53,7400,230609 Sample 37 D1_S1-E12_1_8192.d,2,2,50,62,,,PEAKS DB
2,1,tr|F1RX36|F1RX36_PIG,A.DSEEGLDLKGGH.V,Y,68.30,1255.5680,12,-1.8,628.7871,2,9.93,0.9425-0.9709,0,53,3331,230609 Sample 37 D1_S1-E12_1_8192.d,0,0,664,675,,,PEAKS DB
2,1,tr|F1RX36|F1RX36_PIG,E.VQDKGEFLAEGGGVR.G,Y,68.29,1560.7896,15,1.6,521.2688,3,12.66,0.8247-0.8534,2.1514E4,53,4514,230609 Sample 37 D1_S1-E12_1_8192.d,5,5,49,63,,,PEAKS DB
2,1,tr|F1RX36|F1RX36_PIG,R.GGSISHGPGSVPGTGSPGGLKPGSYGP.G,Y,67.68,2363.1504,27,-3.3,788.7177,3,15.78,0.8877-0.9162,6.4638E2,53,6543,230609 Sample 37 D1_S1-E12_1_8192.d,1,1,300,326,,,PEAKS DB
2,1,tr|F1RX36|F1RX36_PIG,P.GSDLAGFFHPDGPEYSSSS.K,Y,67.37,1955.8173,19,-0.6,978.9106,2,27.61,1.1613-1.1895,3.014E3,53,11736,230609 Sample 37 D1_S1-E12_1_8192.d,1,1,613,631,,,PEAKS DB
2,1,tr|F1RX36|F1RX36_PIG,M.EDEADSEEGLDLKGGHVIK.R,Y,65.99,2039.9647,19,4.0,680.9949,3,13.71,0.9596-0.9880,1.0957E2,53,5429,230609 Sample 37 D1_S1-E12_1_8192.d,1,1,660,678,,,PEAKS DB
2,1,tr|F1RX36|F1RX36_PIG,Q.DKGEFLAEGGGVR.G,Y,65.41,1333.6626,13,2.2,667.8369,2,12.99,0.9436-0.9721,3.4969E5,53,4667,230609 Sample 37 D1_S1-E12_1_8192.d,18,18,51,63,,,PEAKS DB
2,1,tr|F1RX36|F1RX36_PIG,K.M(+15.99)EDEADSEEGLDLKGGHV.I,Y,65.12,1945.8210,18,-1.6,649.6101,3,14.48,0.9208-0.9493,2.1528E3,53,5830,230609 Sample 37 D1_S1-E12_1_8192.d,1,1,659,676,Oxidation (M),M1:Oxidation (M):1000.00,PEAKS DB
2,1,tr|F1RX36|F1RX36_PIG,Y.LPLIKISPLPDITPADF.K,Y,65.11,1849.0601,17,11.6,925.5436,2,42.22,1.1726-1.2008,0,53,20545,230609 Sample 37 D1_S1-E12_1_8192.d,0,0,249,265,,,PEAKS DB
2,1,tr|F1RX36|F1RX36_PIG,M.EDEADSEEGLDLKGGHVI.K,Y,64.15,1911.8698,18,-2.1,638.2928,3,19.22,0.9276-0.9561,6.8881E2,53,8393,230609 Sample 37 D1_S1-E12_1_8192.d,1,1,660,677,,,PEAKS DB
2,1,tr|F1RX36|F1RX36_PIG,D.KGEFLAEGGGV.R,Y,63.98,1062.5345,11,0.3,532.2722,2,17.11,0.8327-0.8614,7.8713E4,53,7074,230609 Sample 37 D1_S1-E12_1_8192.d,2,2,52,62,,,PEAKS DB
2,1,tr|F1RX36|F1RX36_PIG,R.GGSISHGPGSVPGTGSPGGLKPGS.Y,Y,63.81,2046.0129,24,-1.3,683.0074,3,11.86,0.8545-0.8831,1.7213E2,53,4190,230609 Sample 37 D1_S1-E12_1_8192.d,1,1,300,323,,,PEAKS DB
2,1,tr|F1RX36|F1RX36_PIG,P.DGPEYSSSSKISSHS.K,Y,63.06,1566.6798,15,-2.8,523.2299,3,6.68,0.8156-0.8442,1.0476E3,53,1687,230609 Sample 37 D1_S1-E12_1_8192.d,2,2,623,637,,,PEAKS DB
2,1,tr|F1RX36|F1RX36_PIG,R.DETSLSRDPFPDFFSPVL.K,Y,62.05,2067.9788,18,3.1,1034.9949,2,42.38,1.1579-1.1861,0,53,20892,230609 Sample 37 D1_S1-E12_1_8192.d,0,0,583,600,,,PEAKS DB
2,1,tr|F1RX36|F1RX36_PIG,E.DEADSEEGLDLKGGHVI.K,Y,61.80,1782.8271,17,0.1,595.2802,3,19.75,0.8922-0.9208,1.1288E2,53,8625,230609 Sample 37 D1_S1-E12_1_8192.d,1,1,661,677,,,PEAKS DB
2,1,tr|F1RX36|F1RX36_PIG,R.DETSLSRDPFPDF.F,Y,60.13,1524.6732,13,-0.2,763.3401,2,31.28,0.9948-1.0232,1.7935E3,53,12851,230609 Sample 37 D1_S1-E12_1_8192.d,1,1,583,595,,,PEAKS DB
2,1,tr|F1RX36|F1RX36_PIG,D.ETSLSRDPFPDFFSPV.L,Y,60.06,1839.8679,16,2.4,920.9390,2,38.79,1.0969-1.1252,3.5293E3,53,17328,230609 Sample 37 D1_S1-E12_1_8192.d,1,1,584,599,,,PEAKS DB
2,1,tr|F1RX36|F1RX36_PIG,R.GGSISHGPGSVPGTGSPGGLKPGSY.G,Y,59.92,2209.0762,25,-3.0,737.3602,3,14.76,0.8831-0.9117,1.7006E3,53,5998,230609 Sample 37 D1_S1-E12_1_8192.d,2,2,300,324,,,PEAKS DB
2,1,tr|F1RX36|F1RX36_PIG,A.EVQDKGEFLAEGGG.V,Y,59.89,1434.6626,14,3.3,718.3375,2,14.40,0.9698-0.9982,8.0911E2,53,5826,230609 Sample 37 D1_S1-E12_1_8192.d,2,2,48,61,,,PEAKS DB
2,1,tr|F1RX36|F1RX36_PIG,P.DGPEYSSSSKI.S,Y,59.57,1168.5248,11,0.4,585.2671,2,10.52,0.8728-0.9014,2.7525E2,53,3609,230609 Sample 37 D1_S1-E12_1_8192.d,1,1,623,633,,,PEAKS DB
2,1,tr|F1RX36|F1RX36_PIG,R.GGSISHGPGSVPGTGSPGGLKPG.S,Y,59.48,1958.9810,23,0.7,653.9982,3,12.04,0.8224-0.8511,5.4458E2,53,4256,230609 Sample 37 D1_S1-E12_1_8192.d,1,1,300,322,,,PEAKS DB
2,1,tr|F1RX36|F1RX36_PIG,G.SISHGPGSVPGTGSPGGLKPG.S,Y,59.23,1844.9380,21,1.1,615.9843,3,11.92,0.8110-0.8396,0,53,4219,230609 Sample 37 D1_S1-E12_1_8192.d,0,0,302,322,,,PEAKS DB
2,1,tr|F1RX36|F1RX36_PIG,S.DLAGFFHPDGPEYSSSS.K,Y,59.12,1811.7638,17,9.4,906.8933,2,29.80,1.0980-1.1263,2.9152E2,53,12362,230609 Sample 37 D1_S1-E12_1_8192.d,1,1,615,631,,,PEAKS DB
2,1,tr|F1RX36|F1RX36_PIG,K.EVSGSVSPGTKSEVHTS.K,Y,58.64,1686.8060,17,-0.3,844.4060,2,6.23,1.0584-1.0867,8.3356E3,53,1441,230609 Sample 37 D1_S1-E12_1_8192.d,2,2,481,497,,,PEAKS DB
2,1,tr|F1RX36|F1RX36_PIG,G.DTTPSNPDWGTFKEV.S,Y,57.76,1692.7631,15,-1.8,847.3832,2,24.40,1.0448-1.0731,6.1932E2,53,10489,230609 Sample 37 D1_S1-E12_1_8192.d,1,1,468,482,,,PEAKS DB
2,1,tr|F1RX36|F1RX36_PIG,I.SPLPDITPADFK.T,Y,57.62,1299.6710,12,5.1,650.8430,2,26.91,0.9664-0.9948,0,53,11511,230609 Sample 37 D1_S1-E12_1_8192.d,0,0,255,266,,,PEAKS DB
2,1,tr|F1RX36|F1RX36_PIG,G.SDLAGFFHPDGPEYSSSS.K,Y,57.52,1898.7958,18,1.6,950.4021,2,27.43,1.1105-1.1387,1.1475E2,53,11639,230609 Sample 37 D1_S1-E12_1_8192.d,1,1,614,631,,,PEAKS DB
2,1,tr|F1RX36|F1RX36_PIG,I.DEVNQDFTNRIN.K,Y,57.51,1463.6641,12,-1.9,732.8344,2,15.41,0.9641-0.9926,1.0279E2,53,6394,230609 Sample 37 D1_S1-E12_1_8192.d,1,1,103,114,,,PEAKS DB
2,1,tr|F1RX36|F1RX36_PIG,T.SLSRDPFPDFFSPV.L,Y,57.42,1609.7776,14,0.0,805.8922,2,38.14,1.0221-1.0505,4.498E3,53,16924,230609 Sample 37 D1_S1-E12_1_8192.d,1,1,586,599,,,PEAKS DB
2,1,tr|F1RX36|F1RX36_PIG,G.DTTPSNPDWGT.F,Y,57.39,1189.4888,11,4.5,595.7515,2,16.02,0.8236-0.8522,2.7812E2,53,6655,230609 Sample 37 D1_S1-E12_1_8192.d,1,1,468,478,,,PEAKS DB
2,1,tr|F1RX36|F1RX36_PIG,D.EADSEEGLDLKGGHV.I,Y,56.81,1554.7161,15,2.6,519.2448,3,13.55,0.8224-0.8511,5.8964E1,53,5266,230609 Sample 37 D1_S1-E12_1_8192.d,1,1,662,676,,,PEAKS DB
2,1,tr|F1RX36|F1RX36_PIG,K.TINREGGAVES.K,Y,55.66,1131.5520,11,2.8,566.7821,2,5.30,0.8270-0.8557,9.8558E3,53,923,230609 Sample 37 D1_S1-E12_1_8192.d,1,1,644,654,,,PEAKS DB
2,1,tr|F1RX36|F1RX36_PIG,R.DETSLSRDP.F,Y,55.39,1018.4567,9,0.0,510.2332,2,7.97,0.8041-0.8327,6.9062E2,53,2293,230609 Sample 37 D1_S1-E12_1_8192.d,1,1,583,591,,,PEAKS DB
2,1,tr|F1RX36|F1RX36_PIG,R.DETSLSRDPFPDFFSP.V,Y,55.32,1855.8264,16,2.0,928.9178,2,39.29,1.1139-1.1421,9.7089E1,53,17665,230609 Sample 37 D1_S1-E12_1_8192.d,1,1,583,598,,,PEAKS DB
2,1,tr|F1RX36|F1RX36_PIG,Q.DKGEFLAEGGG.V,Y,55.32,1078.4930,11,0.6,540.2515,2,13.76,0.8419-0.8705,1.7285E3,53,5390,230609 Sample 37 D1_S1-E12_1_8192.d,1,1,51,61,,,PEAKS DB
2,1,tr|F1RX36|F1RX36_PIG,V.QDKGEFLAEGGGVR.G,Y,54.76,1461.7212,14,0.8,488.2457,3,12.27,0.8041-0.8327,1.7698E4,53,4255,230609 Sample 37 D1_S1-E12_1_8192.d,3,3,50,63,,,PEAKS DB
2,1,tr|F1RX36|F1RX36_PIG,K.DSSTLSRNIIELL.R,Y,54.58,1459.7882,13,-0.5,730.8975,2,39.86,1.0153-1.0437,9.0233E3,53,18465,230609 Sample 37 D1_S1-E12_1_8192.d,1,1,129,141,,,PEAKS DB
2,1,tr|F1RX36|F1RX36_PIG,F.DGKTHPGGPGSDL.A,Y,54.28,1236.5735,13,5.5,619.2944,2,6.94,0.9139-0.9425,0,53,1853,230609 Sample 37 D1_S1-E12_1_8192.d,0,0,604,616,,,PEAKS DB
2,1,tr|F1RX36|F1RX36_PIG,P.GDTTPSNPDWGTF.K,Y,54.07,1393.5786,13,-5.7,697.7892,2,26.63,0.9550-0.9835,1.4171E2,53,11423,230609 Sample 37 D1_S1-E12_1_8192.d,1,1,467,479,,,PEAKS DB
2,1,tr|F1RX36|F1RX36_PIG,K.GEFLAEGGGVR.G,Y,53.98,1090.5406,11,1.8,546.2759,2,14.92,0.8557-0.8842,3.2284E4,53,6030,230609 Sample 37 D1_S1-E12_1_8192.d,2,2,53,63,,,PEAKS DB
2,1,tr|F1RX36|F1RX36_PIG,K.TINREGGAVESKSYKM(+15.99)E.D,Y,53.96,1913.9153,17,1.1,638.9767,3,5.40,0.9151-0.9436,8.8103E1,53,1037,230609 Sample 37 D1_S1-E12_1_8192.d,1,1,644,660,Oxidation (M),M16:Oxidation (M):1000.00,PEAKS DB
2,1,tr|F1RX36|F1RX36_PIG,G.EFLAEGGGVR.G,Y,53.88,1033.5192,10,2.3,517.7656,2,14.55,0.8178-0.8465,1.0937E5,53,5771,230609 Sample 37 D1_S1-E12_1_8192.d,2,2,54,63,,,PEAKS DB
2,1,tr|F1RX36|F1RX36_PIG,P.GDTTPSNPDWGTFKEVSGSVSPGT.K,Y,53.67,2422.0925,24,3.2,1212.0516,2,24.93,1.2637-1.2918,1.4963E3,53,10786,230609 Sample 37 D1_S1-E12_1_8192.d,1,1,467,490,,,PEAKS DB
2,1,tr|F1RX36|F1RX36_PIG,Q.M(+15.99)AEVQDKGEFLAEGGGV.R,Y,53.65,1751.8036,17,2.1,876.9067,2,19.16,1.0686-1.0969,4.1248E2,53,8374,230609 Sample 37 D1_S1-E12_1_8192.d,1,1,46,62,Oxidation (M),M1:Oxidation (M):1000.00,PEAKS DB
2,1,tr|F1RX36|F1RX36_PIG,G.DTTPSNPDWGTF.K,Y,53.57,1336.5571,12,-2.7,669.2808,2,28.24,0.8922-0.9208,6.4093E2,53,11862,230609 Sample 37 D1_S1-E12_1_8192.d,1,1,468,479,,,PEAKS DB
2,1,tr|F1RX36|F1RX36_PIG,E.DEADSEEGLDLKGGHVIK.R,Y,53.13,1910.9221,18,-0.7,637.9778,3,14.00,0.8922-0.9208,2.4935E2,53,5588,230609 Sample 37 D1_S1-E12_1_8192.d,1,1,661,678,,,PEAKS DB
2,1,tr|F1RX36|F1RX36_PIG,A.DSEEGLDLKGGHVIK.R,Y,53.00,1595.8154,15,-1.6,532.9423,3,13.01,0.8156-0.8442,3.7027E2,53,4749,230609 Sample 37 D1_S1-E12_1_8192.d,1,1,664,678,,,PEAKS DB
2,1,tr|F1RX36|F1RX36_PIG,A.GFFHPDGPEYSSSS.K,Y,52.85,1512.6157,14,2.1,757.3131,2,18.04,0.9721-1.0005,1.7382E2,53,7771,230609 Sample 37 D1_S1-E12_1_8192.d,1,1,618,631,,,PEAKS DB
2,1,tr|F1RX36|F1RX36_PIG,I.SPLPDITPADF.K,Y,52.71,1171.5760,11,-7.5,586.7881,2,34.82,0.8568-0.8854,1.2447E3,53,14536,230609 Sample 37 D1_S1-E12_1_8192.d,2,2,255,265,,,PEAKS DB
2,1,tr|F1RX36|F1RX36_PIG,P.DGPEYSSSSKISSHSKQT.I,Y,52.67,1923.8810,18,9.8,642.3041,3,5.26,0.8201-0.8488,0,53,944,230609 Sample 37 D1_S1-E12_1_8192.d,0,0,623,640,,,PEAKS DB
2,1,tr|F1RX36|F1RX36_PIG,D.KGEFLAEGGGVR.G,Y,52.50,1218.6356,12,-1.9,407.2164,3,11.31,0.6890-0.7179,0,53,3967,230609 Sample 37 D1_S1-E12_1_8192.d,0,0,52,63,,,PEAKS DB
2,1,tr|F1RX36|F1RX36_PIG,S.EEGLDLKGGHV.I,Y,52.46,1152.5775,11,-1.7,577.2923,2,12.75,0.8957-0.9242,0,53,4627,230609 Sample 37 D1_S1-E12_1_8192.d,0,0,666,676,,,PEAKS DB
2,1,tr|F1RX36|F1RX36_PIG,Q.M(+15.99)AEVQDKGEFLAEGGGVR.G,Y,51.90,1907.9047,18,-5.1,636.9692,3,14.41,0.9094-0.9379,9.5392E1,53,5846,230609 Sample 37 D1_S1-E12_1_8192.d,1,1,46,63,Oxidation (M),M1:Oxidation (M):1000.00,PEAKS DB
2,1,tr|F1RX36|F1RX36_PIG,R.HRDETSLSRDPFPDFFSPV.L,Y,51.77,2248.0549,19,-1.4,750.3542,3,32.01,0.8968-0.9254,8.4107E3,53,13333,230609 Sample 37 D1_S1-E12_1_8192.d,6,6,581,599,,,PEAKS DB
2,1,tr|F1RX36|F1RX36_PIG,K.MEDEADSEEGLDLKGGHV.I,Y,51.18,1929.8262,18,9.5,644.2856,3,15.65,0.9174-0.9459,1.2559E2,53,6504,230609 Sample 37 D1_S1-E12_1_8192.d,1,1,659,676,,,PEAKS DB
2,1,tr|F1RX36|F1RX36_PIG,Q.TITKTINREGGAVESKSY.K,Y,50.96,1953.0167,18,0.5,652.0100,3,9.24,0.8408-0.8694,5.1403E2,53,2848,230609 Sample 37 D1_S1-E12_1_8192.d,1,1,640,657,,,PEAKS DB
2,1,tr|F1RX36|F1RX36_PIG,M.VLERVGGDE.R,Y,50.81,972.4876,9,1.4,487.2494,2,8.17,0.7949-0.8236,8.0944E2,53,2345,230609 Sample 37 D1_S1-E12_1_8192.d,1,1,288,296,,,PEAKS DB
2,1,tr|F1RX36|F1RX36_PIG,S.DLAGFFHPDGPEY.S,Y,50.67,1463.6357,13,1.2,732.8225,2,32.26,0.9744-1.0028,0,53,13374,230609 Sample 37 D1_S1-E12_1_8192.d,0,0,615,627,,,PEAKS DB
2,1,tr|F1RX36|F1RX36_PIG,K.TINREGGAVESKSY.K,Y,50.51,1509.7423,14,7.8,504.2562,3,6.50,0.7271-0.7558,3.8198E2,53,1592,230609 Sample 37 D1_S1-E12_1_8192.d,1,1,644,657,,,PEAKS DB
2,1,tr|F1RX36|F1RX36_PIG,R.ETPPEWKALLETRQV.K,Y,50.31,1795.9468,15,5.9,599.6569,3,27.01,0.7926-0.8213,1.6617E2,53,11540,230609 Sample 37 D1_S1-E12_1_8192.d,2,2,271,285,,,PEAKS DB
2,1,tr|F1RX36|F1RX36_PIG,V.SGSVSPGTKSEVHTS.K,Y,50.18,1458.6951,15,-17.9,487.2279,3,4.56,0.7305-0.7593,0,53,582,230609 Sample 37 D1_S1-E12_1_8192.d,0,0,483,497,,,PEAKS DB
2,1,tr|F1RX36|F1RX36_PIG,G.DTTPSNPDWGTFKE.V,Y,50.09,1593.6947,14,6.4,797.8559,2,19.93,1.0221-1.0505,1.0986E2,53,8705,230609 Sample 37 D1_S1-E12_1_8192.d,1,1,468,481,,,PEAKS DB
2,1,tr|F1RX36|F1RX36_PIG,Q.TITKTINREGGAVESKS.Y,Y,49.61,1789.9534,17,0.6,597.6559,3,6.93,0.8006-0.8293,1.1466E3,53,1818,230609 Sample 37 D1_S1-E12_1_8192.d,1,1,640,656,,,PEAKS DB
2,1,tr|F1RX36|F1RX36_PIG,S.DLAGFFHPDGPEYS.S,Y,48.31,1550.6677,14,8.3,776.3438,2,31.04,1.0073-1.0357,2.5478E2,53,12790,230609 Sample 37 D1_S1-E12_1_8192.d,1,1,615,628,,,PEAKS DB
2,1,tr|F1RX36|F1RX36_PIG,A.EVQDKGEFLAEGG.G,Y,47.89,1377.6411,13,2.5,689.8262,2,14.69,0.9322-0.9607,2.7259E2,53,5962,230609 Sample 37 D1_S1-E12_1_8192.d,1,1,48,60,,,PEAKS DB
2,1,tr|F1RX36|F1RX36_PIG,E.FLAEGGGVR.G,Y,47.47,904.4766,9,1.1,453.2439,2,11.35,0.7788-0.8075,1.0604E4,53,3947,230609 Sample 37 D1_S1-E12_1_8192.d,1,1,55,63,,,PEAKS DB
2,1,tr|F1RX36|F1RX36_PIG,M.AEVQDKGEFL.A,Y,46.76,1134.5557,10,2.1,568.2836,2,16.43,0.8740-0.9025,8.733E2,53,6851,230609 Sample 37 D1_S1-E12_1_8192.d,1,1,47,56,,,PEAKS DB
2,1,tr|F1RX36|F1RX36_PIG,K.TINREGGAVE.S,Y,46.52,1044.5200,10,5.2,523.2675,2,5.39,0.8006-0.8293,5.5097E2,53,990,230609 Sample 37 D1_S1-E12_1_8192.d,1,1,644,653,,,PEAKS DB
2,1,tr|F1RX36|F1RX36_PIG,M.AEVQDKGEF.L,Y,46.32,1021.4716,9,-6.5,511.7373,2,9.07,0.8156-0.8442,5.0052E2,53,2788,230609 Sample 37 D1_S1-E12_1_8192.d,1,1,47,55,,,PEAKS DB
2,1,tr|F1RX36|F1RX36_PIG,A.EVQDKGEFL.A,Y,45.87,1063.5186,9,0.0,532.7640,2,16.24,0.8396-0.8682,3.2015E3,53,6699,230609 Sample 37 D1_S1-E12_1_8192.d,1,1,48,56,,,PEAKS DB
2,1,tr|F1RX36|F1RX36_PIG,K.EFDGKTHPG.G,Y,45.82,986.4457,9,-1.2,494.2272,2,4.63,0.8075-0.8362,5.6563E2,53,606,230609 Sample 37 D1_S1-E12_1_8192.d,1,1,602,610,,,PEAKS DB
2,1,tr|F1RX36|F1RX36_PIG,A.EVQDKGEFLAEGGGVRGP.R,Y,45.75,1843.9064,18,-5.5,922.9510,2,18.92,1.1252-1.1534,2.2483E2,53,8253,230609 Sample 37 D1_S1-E12_1_8192.d,1,1,48,65,,,PEAKS DB
2,1,tr|F1RX36|F1RX36_PIG,K.EVSGSVSPGTKSEVHTSKLVTS.K,Y,45.54,2215.1331,22,6.0,739.3859,3,9.54,0.9675-0.9960,0,53,3018,230609 Sample 37 D1_S1-E12_1_8192.d,0,0,481,502,,,PEAKS DB
2,1,tr|F1RX36|F1RX36_PIG,K.DSSTLSRNIIELLRGDFSNA.N,Y,45.27,2207.1182,20,-0.4,736.7095,3,42.22,0.9800-1.0085,0,53,20563,230609 Sample 37 D1_S1-E12_1_8192.d,0,0,129,148,,,PEAKS DB
2,1,tr|F1RX36|F1RX36_PIG,P.DGPEYSSSSKISSHSKQTIT.K,Y,45.16,2138.0127,20,-0.4,713.6744,3,8.00,0.9117-0.9402,0,53,2314,230609 Sample 37 D1_S1-E12_1_8192.d,0,0,623,642,,,PEAKS DB
2,1,tr|F1RX36|F1RX36_PIG,D.EADSEEGLDLKGGHVIK.R,Y,44.22,1795.8951,17,3.7,599.6383,3,12.80,0.8820-0.9105,0,53,4652,230609 Sample 37 D1_S1-E12_1_8192.d,0,0,662,678,,,PEAKS DB
2,1,tr|F1RX36|F1RX36_PIG,Q.DKGEFLAEGG.G,Y,44.07,1021.4716,10,-0.8,511.7402,2,14.09,0.8270-0.8557,1.932E3,53,5600,230609 Sample 37 D1_S1-E12_1_8192.d,1,1,51,60,,,PEAKS DB
2,1,tr|F1RX36|F1RX36_PIG,P.GSDLAGFFHPDGPEYSSSSKISSHS.K,Y,43.05,2595.1514,25,3.5,649.7943,4,21.46,0.9368-0.9652,0,53,9363,230609 Sample 37 D1_S1-E12_1_8192.d,0,0,613,637,,,PEAKS DB
2,1,tr|F1RX36|F1RX36_PIG,K.TQARETPPEWKALLET.R,Y,43.04,1868.9631,16,-2.1,623.9907,3,24.70,0.8911-0.9197,0,53,10682,230609 Sample 37 D1_S1-E12_1_8192.d,0,0,267,282,,,PEAKS DB
2,1,tr|F1RX36|F1RX36_PIG,P.GDTTPSNPDWGTFKEV.S,Y,43.03,1749.7845,16,-3.4,875.8923,2,23.16,1.0652-1.0935,3.8624E2,53,9900,230609 Sample 37 D1_S1-E12_1_8192.d,1,1,467,482,,,PEAKS DB
2,1,tr|F1RX36|F1RX36_PIG,A.EVQDKGEFLAEG.G,Y,42.82,1320.6198,12,-6.0,661.3100,2,15.01,0.9311-0.9596,5.1474E2,53,6129,230609 Sample 37 D1_S1-E12_1_8192.d,1,1,48,59,,,PEAKS DB
2,1,tr|F1RX36|F1RX36_PIG,S.HGPGSVPGTGSPGGLKPGSY.G,Y,42.76,1807.8853,20,2.9,603.6345,3,13.04,0.7972-0.8259,0,53,4799,230609 Sample 37 D1_S1-E12_1_8192.d,0,0,305,324,,,PEAKS DB
2,1,tr|F1RX36|F1RX36_PIG,Q.TITKTINREGGAVES.K,Y,42.72,1574.8264,15,5.2,788.4208,2,7.89,1.0391-1.0675,2.4073E3,53,2249,230609 Sample 37 D1_S1-E12_1_8192.d,2,2,640,654,,,PEAKS DB
2,1,tr|F1RX36|F1RX36_PIG,K.EVSGSVSPGTKSEVHT.S,Y,42.30,1599.7740,16,1.4,534.2635,3,7.01,0.7742-0.8029,2.3204E2,53,1860,230609 Sample 37 D1_S1-E12_1_8192.d,1,1,481,496,,,PEAKS DB
2,1,tr|F1RX36|F1RX36_PIG,K.DSSTLSRNIIEL.L,Y,42.01,1346.7041,12,6.7,674.3606,2,28.37,0.9573-0.9857,1.8528E2,53,11904,230609 Sample 37 D1_S1-E12_1_8192.d,1,1,129,140,,,PEAKS DB
2,1,tr|F1RX36|F1RX36_PIG,F.LAEGGGVR.G,Y,41.22,757.4082,8,-2.9,379.7085,2,4.60,0.7351-0.7639,0,53,620,230609 Sample 37 D1_S1-E12_1_8192.d,0,0,56,63,,,PEAKS DB
2,1,tr|F1RX36|F1RX36_PIG,M.VLERVGGDERT.R,Y,40.23,1229.6364,11,0.9,410.8844,3,6.55,0.7098-0.7386,0,53,1653,230609 Sample 37 D1_S1-E12_1_8192.d,0,0,288,298,,,PEAKS DB
2,1,tr|F1RX36|F1RX36_PIG,K.DSSTLSRNIIE.L,Y,40.10,1233.6201,11,-1.3,617.8135,2,17.10,0.9060-0.9345,1.5624E2,53,7264,230609 Sample 37 D1_S1-E12_1_8192.d,1,1,129,139,,,PEAKS DB
2,1,tr|F1RX36|F1RX36_PIG,G.DKDIVIGKE.K,Y,38.92,1015.5549,9,15.4,508.7901,2,8.99,0.8224-0.8511,0,53,2771,230609 Sample 37 D1_S1-E12_1_8192.d,0,0,505,513,,,PEAKS DB
2,1,tr|F1RX36|F1RX36_PIG,E.VSGSVSPGTKSEVHTS.K,Y,38.81,1557.7634,16,1.8,520.2602,3,5.42,0.7604-0.7892,0,53,1061,230609 Sample 37 D1_S1-E12_1_8192.d,0,0,482,497,,,PEAKS DB
2,1,tr|F1RX36|F1RX36_PIG,S.TLSRNIIELL.R,Y,38.53,1170.6971,10,6.5,586.3568,2,33.98,0.9094-0.9379,8.9538E2,53,14028,230609 Sample 37 D1_S1-E12_1_8192.d,1,1,132,141,,,PEAKS DB
2,1,tr|F1RX36|F1RX36_PIG,R.DETSLSRDPFPDFF.S,Y,38.25,1671.7416,14,0.0,836.8740,2,39.92,1.0527-1.0811,5.4273E2,53,18202,230609 Sample 37 D1_S1-E12_1_8192.d,1,1,583,596,,,PEAKS DB
2,1,tr|F1RX36|F1RX36_PIG,K.EVSGSVSPGTK.S,Y,37.38,1046.5244,11,-9.5,524.2620,2,4.99,0.8110-0.8396,0,53,808,230609 Sample 37 D1_S1-E12_1_8192.d,0,0,481,491,,,PEAKS DB
2,1,tr|F1RX36|F1RX36_PIG,R.GDFSNANNNDNIY.S,Y,37.32,1456.5854,13,-18.4,729.2831,2,16.84,0.9630-0.9914,0,53,7123,230609 Sample 37 D1_S1-E12_1_8192.d,0,0,143,155,,,PEAKS DB
2,1,tr|F1RX36|F1RX36_PIG,I.NREGGAVES.K,Y,36.78,917.4202,9,-1.2,459.7146,2,2.25,0.7535-0.7823,6.9281E1,53,123,230609 Sample 37 D1_S1-E12_1_8192.d,1,1,646,654,,,PEAKS DB
2,1,tr|F1RX36|F1RX36_PIG,R.ETPPEWKALLET.R,Y,36.51,1412.7188,12,-4.4,707.3602,2,29.84,0.9721-1.0005,1.4992E3,53,12309,230609 Sample 37 D1_S1-E12_1_8192.d,1,1,271,282,,,PEAKS DB
3,2,P01965|HBA_PIG,L.DDLPGALSALSDLHAH.K,Y,73.44,1630.7950,16,0.7,816.4014,2,30.73,1.1274-1.1557,6.011E3,53,12649,230609 Sample 37 D1_S1-E12_1_8192.d,4,4,74,89,,,PEAKS DB
3,2,P01965|HBA_PIG,G.HLDDLPGALSALSDLHAH.K,Y,72.59,1880.9380,18,-0.7,627.9832,3,29.97,0.9584-0.9869,2.3846E3,53,12347,230609 Sample 37 D1_S1-E12_1_8192.d,2,2,72,89,,,PEAKS DB
3,2,P01965|HBA_PIG,L.DDLPGALSALSDLHA.H,Y,71.65,1493.7361,15,-1.2,747.8708,2,36.58,1.0403-1.0686,1.1622E3,53,15627,230609 Sample 37 D1_S1-E12_1_8192.d,1,1,74,88,,,PEAKS DB
3,2,P01965|HBA_PIG,K.VGGQAGAHGAEAL.E,Y,70.89,1136.5574,13,0.5,569.2835,2,8.82,0.8591-0.8877,1.5411E4,53,2643,230609 Sample 37 D1_S1-E12_1_8192.d,1,1,17,29,,,PEAKS DB
3,2,P01965|HBA_PIG,VLSAADKANVKAA.W,Y,70.69,1256.7087,13,1.9,629.3598,2,7.47,0.9162-0.9447,1.3973E4,53,1997,230609 Sample 37 D1_S1-E12_1_8192.d,2,2,1,13,,,PEAKS DB
3,2,P01965|HBA_PIG,W.GKVGGQAGAHGAEAL.E,Y,70.55,1321.6738,15,5.5,661.8447,2,6.67,0.9835-1.0119,0,53,1720,230609 Sample 37 D1_S1-E12_1_8192.d,0,0,15,29,,,PEAKS DB
3,2,P01965|HBA_PIG,K.VGGQAGAHGAEALE.R,Y,70.09,1265.6000,14,1.8,633.8054,2,8.71,0.9128-0.9413,1.8368E4,53,2599,230609 Sample 37 D1_S1-E12_1_8192.d,1,1,17,30,,,PEAKS DB
3,2,P01965|HBA_PIG,VLSAADKANVKAAW.G,Y,68.00,1442.7881,14,0.8,722.3984,2,15.21,1.0051-1.0335,2.1806E3,53,6252,230609 Sample 37 D1_S1-E12_1_8192.d,2,2,1,14,,,PEAKS DB
3,2,P01965|HBA_PIG,H.HPDDFNPSVH.A,Y,66.28,1163.4995,10,-0.9,582.7537,2,8.67,0.8682-0.8968,3.5127E2,53,2648,230609 Sample 37 D1_S1-E12_1_8192.d,1,1,113,122,,,PEAKS DB
3,2,P01965|HBA_PIG,F.LANVSTVLTSKYR,Y,65.86,1450.8143,13,-1.3,726.4100,2,17.73,1.0788-1.1071,1.2862E3,53,7558,230609 Sample 37 D1_S1-E12_1_8192.d,2,2,129,141,,,PEAKS DB
3,2,P01965|HBA_PIG,L.RVDPVNFKLLSH.C,Y,63.81,1423.7936,12,1.4,475.6035,3,19.57,0.7811-0.8098,3.2896E3,53,8534,230609 Sample 37 D1_S1-E12_1_8192.d,6,6,92,103,,,PEAKS DB
3,2,P01965|HBA_PIG,VLSAADKANVKAAWGK.V,Y,63.50,1627.9045,16,2.3,543.6407,3,11.74,0.8591-0.8877,4.2713E3,53,4127,230609 Sample 37 D1_S1-E12_1_8192.d,1,1,1,16,,,PEAKS DB
3,2,P01965|HBA_PIG,A.NVSTVLTSKYR,Y,61.69,1266.6932,11,1.0,634.3515,2,12.38,0.9675-0.9960,6.8829E2,53,4380,230609 Sample 37 D1_S1-E12_1_8192.d,1,1,131,141,,,PEAKS DB
3,2,P01965|HBA_PIG,K.VGGQAGAHGAEALER.M,Y,61.45,1421.7010,15,0.8,474.9057,3,6.83,0.7604-0.7892,2.3988E3,53,1759,230609 Sample 37 D1_S1-E12_1_8192.d,3,3,17,31,,,PEAKS DB
3,2,P01965|HBA_PIG,K.AAWGKVGGQAGAHGAEALER.M,Y,61.39,1934.9711,20,-3.0,645.9926,3,11.98,0.9139-0.9425,5.4939E1,53,4234,230609 Sample 37 D1_S1-E12_1_8192.d,1,1,12,31,,,PEAKS DB
3,2,P01965|HBA_PIG,P.HFNLSHGSDQ.V,Y,60.83,1140.4949,10,-5.6,571.2488,2,7.02,0.8476-0.8762,0,53,1882,230609 Sample 37 D1_S1-E12_1_8192.d,0,0,45,54,,,PEAKS DB
3,2,P01965|HBA_PIG,L.DDLPGALSALSDLH.A,Y,60.79,1422.6990,14,2.2,712.3549,2,34.53,1.0073-1.0357,3.9562E2,53,14422,230609 Sample 37 D1_S1-E12_1_8192.d,2,2,74,87,,,PEAKS DB
3,2,P01965|HBA_PIG,A.SLDKFLANVSTVLTSKY.R,Y,60.36,1885.0197,17,-1.8,629.3430,3,39.14,0.8659-0.8945,1.8952E3,53,17458,230609 Sample 37 D1_S1-E12_1_8192.d,2,2,124,140,,,PEAKS DB
3,2,P01965|HBA_PIG,W.GKVGGQAGAHGAEALER.M,Y,59.94,1606.8175,17,1.8,536.6115,3,5.73,0.7869-0.8156,1.5917E3,53,1206,230609 Sample 37 D1_S1-E12_1_8192.d,1,1,15,31,,,PEAKS DB
3,2,P01965|HBA_PIG,P.DDFNPSVHASLDKFLANV.S,Y,59.17,1987.9639,18,1.5,663.6597,3,34.89,0.8442-0.8728,3.2427E3,53,14506,230609 Sample 37 D1_S1-E12_1_8192.d,2,2,115,132,,,PEAKS DB
3,2,P01965|HBA_PIG,A.SLDKFLANVSTVLTS.K,Y,58.59,1593.8613,15,1.1,797.9349,2,40.30,1.0595-1.0879,4.7354E3,53,18410,230609 Sample 37 D1_S1-E12_1_8192.d,2,2,124,138,,,PEAKS DB
3,2,P01965|HBA_PIG,VLSAADKANVKA.A,Y,58.40,1185.6716,12,1.7,593.8412,2,7.45,0.9048-0.9333,1.099E4,53,1994,230609 Sample 37 D1_S1-E12_1_8192.d,3,3,1,12,,,PEAKS DB
3,2,P01965|HBA_PIG,VLSAADKANVKAAWGKVGGQAGAHGAEALER.M,Y,58.05,3031.5950,31,0.8,607.3239,5,16.63,0.9356-0.9641,0,53,7003,230609 Sample 37 D1_S1-E12_1_8192.d,0,0,1,31,,,PEAKS DB
3,2,P01965|HBA_PIG,V.ADALTKAVGH.L,Y,57.51,981.5243,10,0.6,491.7673,2,8.06,0.8121-0.8408,0,53,2334,230609 Sample 37 D1_S1-E12_1_8192.d,0,0,63,72,,,PEAKS DB
3,2,P01965|HBA_PIG,A.VGHLDDLPGALSALSDLHAH.K,Y,57.19,2037.0280,20,0.8,680.0139,3,30.78,0.9709-0.9994,0,53,12731,230609 Sample 37 D1_S1-E12_1_8192.d,0,0,70,89,,,PEAKS DB
3,2,P01965|HBA_PIG,A.LSDLHAHKL.R,Y,56.52,1032.5717,9,5.9,517.2936,2,7.15,0.8694-0.8980,2.3576E2,53,1925,230609 Sample 37 D1_S1-E12_1_8192.d,1,1,83,91,,,PEAKS DB
3,2,P01965|HBA_PIG,D.DLPGALSALSDLH.A,Y,56.43,1307.6721,13,6.4,654.8444,2,35.24,0.9721-1.0005,1.1097E2,53,14833,230609 Sample 37 D1_S1-E12_1_8192.d,1,1,75,87,,,PEAKS DB
3,2,P01965|HBA_PIG,D.DLPGALSALSDLHAH.K,Y,56.13,1515.7681,15,-3.2,758.8853,2,31.07,1.0901-1.1184,0,53,12834,230609 Sample 37 D1_S1-E12_1_8192.d,0,0,75,89,,,PEAKS DB
3,2,P01965|HBA_PIG,L.AAHHPDDFNPSVH.A,Y,56.07,1442.6327,13,4.1,481.8845,3,7.15,0.7903-0.8190,0,53,1933,230609 Sample 37 D1_S1-E12_1_8192.d,0,0,110,122,,,PEAKS DB
3,2,P01965|HBA_PIG,H.HPDDFNPSVHA.S,Y,55.76,1234.5366,11,3.8,618.2750,2,10.59,0.8785-0.9071,1.1094E2,53,3671,230609 Sample 37 D1_S1-E12_1_8192.d,1,1,113,123,,,PEAKS DB
3,2,P01965|HBA_PIG,H.GQKVADALTKAVG.H,Y,55.59,1256.7089,13,-4.6,629.3558,2,14.05,0.9333-0.9618,3.8337E2,53,5611,230609 Sample 37 D1_S1-E12_1_8192.d,1,1,59,71,,,PEAKS DB
3,2,P01965|HBA_PIG,P.DDFNPSVHA.S,Y,55.18,1000.4250,9,-2.1,501.2163,2,13.31,0.7995-0.8282,4.0963E2,53,5076,230609 Sample 37 D1_S1-E12_1_8192.d,1,1,115,123,,,PEAKS DB
3,2,P01965|HBA_PIG,A.VGHLDDLPGALSA.L,Y,54.56,1263.6459,13,0.1,632.8272,2,23.93,0.9265-0.9550,1.2652E4,53,10257,230609 Sample 37 D1_S1-E12_1_8192.d,1,1,70,82,,,PEAKS DB
3,2,P01965|HBA_PIG,VLSAADKANVKAAWGKVGGQAGA.H,Y,54.44,2168.1702,23,2.9,723.7292,3,16.03,0.9436-0.9721,8.063E2,53,6653,230609 Sample 37 D1_S1-E12_1_8192.d,1,1,1,23,,,PEAKS DB
3,2,P01965|HBA_PIG,F.LANVSTVLTSKY.R,Y,54.39,1294.7133,12,1.1,648.3615,2,22.65,0.9402-0.9687,7.1946E2,53,9709,230609 Sample 37 D1_S1-E12_1_8192.d,1,1,129,140,,,PEAKS DB
3,2,P01965|HBA_PIG,V.GHLDDLPGALSA.L,Y,54.33,1164.5775,12,-0.5,583.2929,2,21.94,0.8854-0.9139,1.7346E3,53,9483,230609 Sample 37 D1_S1-E12_1_8192.d,1,1,71,82,,,PEAKS DB
3,2,P01965|HBA_PIG,VLSAADKANVK.A,Y,54.30,1114.6345,11,0.5,558.3221,2,5.81,0.8774-0.9060,1.4049E4,53,1217,230609 Sample 37 D1_S1-E12_1_8192.d,2,2,1,11,,,PEAKS DB
3,2,P01965|HBA_PIG,V.GGQAGAHGAEALERM(+15.99).F,Y,54.12,1469.6681,15,4.9,490.8967,3,6.18,0.7731-0.8018,0,53,1458,230609 Sample 37 D1_S1-E12_1_8192.d,0,0,18,32,Oxidation (M),M15:Oxidation (M):1000.00,PEAKS DB
3,2,P01965|HBA_PIG,K.VGGQAGAHGAEALERM.F,Y,53.90,1552.7416,16,-3.1,518.5837,3,12.32,0.8064-0.8350,0,53,4395,230609 Sample 37 D1_S1-E12_1_8192.d,0,0,17,32,,,PEAKS DB
3,2,P01965|HBA_PIG,W.GKVGGQAGAHGAEALE.R,Y,53.81,1450.7164,16,-4.6,726.3586,2,6.76,0.9823-1.0107,4.3273E3,53,1748,230609 Sample 37 D1_S1-E12_1_8192.d,2,2,15,30,,,PEAKS DB
3,2,P01965|HBA_PIG,VLSAADKANVKAAWG.K,Y,53.50,1499.8096,15,9.2,750.9153,2,14.66,1.0096-1.0380,2.0917E2,53,5981,230609 Sample 37 D1_S1-E12_1_8192.d,1,1,1,15,,,PEAKS DB
3,2,P01965|HBA_PIG,H.LDDLPGALSAL.S,Y,53.46,1083.5812,11,0.0,542.7952,2,37.02,0.8591-0.8877,3.1241E2,53,15951,230609 Sample 37 D1_S1-E12_1_8192.d,1,1,73,83,,,PEAKS DB
3,2,P01965|HBA_PIG,V.GGQAGAHGAEAL.E,Y,53.02,1037.4890,12,1.6,519.7501,2,6.97,0.8064-0.8350,2.7992E3,53,1801,230609 Sample 37 D1_S1-E12_1_8192.d,1,1,18,29,,,PEAKS DB
3,2,P01965|HBA_PIG,V.ADALTKAVG.H,Y,52.72,844.4654,9,1.3,423.2385,2,10.31,0.7489-0.7777,2.0909E3,53,3547,230609 Sample 37 D1_S1-E12_1_8192.d,1,1,63,71,,,PEAKS DB
3,2,P01965|HBA_PIG,A.VGHLDDLPGALSAL.S,Y,52.67,1376.7300,14,-1.0,689.3683,2,33.11,0.9869-1.0153,3.8946E3,53,13816,230609 Sample 37 D1_S1-E12_1_8192.d,1,1,70,83,,,PEAKS DB
3,2,P01965|HBA_PIG,P.HFNLSHGSDQV.K,Y,52.13,1239.5632,11,5.9,620.7896,2,10.86,0.8877-0.9162,0,53,3813,230609 Sample 37 D1_S1-E12_1_8192.d,0,0,45,55,,,PEAKS DB
3,2,P01965|HBA_PIG,P.DDFNPSVHASLD.K,Y,52.10,1315.5680,12,-0.5,658.7878,2,18.39,0.9265-0.9550,8.9413E2,53,7873,230609 Sample 37 D1_S1-E12_1_8192.d,1,1,115,126,,,PEAKS DB
3,2,P01965|HBA_PIG,K.VGGQAGAHGAEALERM(+15.99).F,Y,51.56,1568.7365,16,0.4,523.9171,3,7.55,0.8293-0.8579,2.0693E3,53,2111,230609 Sample 37 D1_S1-E12_1_8192.d,1,1,17,32,Oxidation (M),M16:Oxidation (M):1000.00,PEAKS DB
3,2,P01965|HBA_PIG,P.DDFNPSVHASLDKFLAN.V,Y,51.25,1888.8955,17,10.6,630.6428,3,28.00,0.8247-0.8534,0,53,11816,230609 Sample 37 D1_S1-E12_1_8192.d,0,0,115,131,,,PEAKS DB
3,2,P01965|HBA_PIG,L.AAHHPDDFNPSVHA.S,Y,51.14,1513.6698,14,-13.7,505.5545,3,8.86,0.7995-0.8282,0,53,2727,230609 Sample 37 D1_S1-E12_1_8192.d,0,0,110,123,,,PEAKS DB
3,2,P01965|HBA_PIG,V.GGQAGAHGAEALE.R,Y,50.93,1166.5316,13,-1.4,584.2695,2,7.00,0.8259-0.8545,2.1013E3,53,1859,230609 Sample 37 D1_S1-E12_1_8192.d,1,1,18,30,,,PEAKS DB
3,2,P01965|HBA_PIG,H.FNLSHGSDQV.K,Y,50.80,1102.5043,10,0.2,552.2568,2,13.93,0.8728-0.9014,2.7443E2,53,5553,230609 Sample 37 D1_S1-E12_1_8192.d,1,1,46,55,,,PEAKS DB
3,2,P01965|HBA_PIG,VLSAADKANV.K,Y,50.70,986.5396,10,2.0,494.2757,2,9.67,0.7949-0.8236,3.3849E3,53,3035,230609 Sample 37 D1_S1-E12_1_8192.d,1,1,1,10,,,PEAKS DB
3,2,P01965|HBA_PIG,V.TLAAHHPDDFNPSVHASLDKFLANVSTVLTSKY.R,Y,50.64,3594.8105,33,0.4,719.9662,5,42.05,0.9948-1.0232,1.6292E3,53,20233,230609 Sample 37 D1_S1-E12_1_8192.d,2,2,108,140,,,PEAKS DB
3,2,P01965|HBA_PIG,P.DDFNPSVHASL.D,Y,50.55,1200.5411,11,-7.6,601.2704,2,19.96,0.8980-0.9265,0,53,8742,230609 Sample 37 D1_S1-E12_1_8192.d,0,0,115,125,,,PEAKS DB
3,2,P01965|HBA_PIG,G.KVGGQAGAHGAEALE.R,Y,50.19,1393.6949,15,1.2,697.8522,2,6.59,0.9584-0.9869,3.0871E2,53,1670,230609 Sample 37 D1_S1-E12_1_8192.d,1,1,16,30,,,PEAKS DB
3,2,P01965|HBA_PIG,V.TLAAHHPDDFNPSVHA.S,Y,49.73,1727.8015,16,-5.2,576.9354,3,11.61,0.7983-0.8270,0,53,4080,230609 Sample 37 D1_S1-E12_1_8192.d,0,0,108,123,,,PEAKS DB
3,2,P01965|HBA_PIG,V.STVLTSKYR,Y,49.50,1053.5818,9,-0.5,527.7953,2,7.36,0.8671-0.8957,3.958E3,53,1959,230609 Sample 37 D1_S1-E12_1_8192.d,1,1,133,141,,,PEAKS DB
3,2,P01965|HBA_PIG,G.HLDDLPGALSAL.S,Y,49.32,1220.6400,12,4.0,611.3268,2,32.37,0.9162-0.9447,2.8135E3,53,13515,230609 Sample 37 D1_S1-E12_1_8192.d,1,1,72,83,,,PEAKS DB
3,2,P01965|HBA_PIG,G.HLDDLPGALSA.L,Y,48.74,1107.5560,11,2.0,554.7838,2,21.76,0.8614-0.8900,1.1232E3,53,9435,230609 Sample 37 D1_S1-E12_1_8192.d,1,1,72,82,,,PEAKS DB
3,2,P01965|HBA_PIG,V.ADALTKAV.G,Y,48.56,787.4440,8,1.2,394.7278,2,10.76,0.7167-0.7455,0,53,3760,230609 Sample 37 D1_S1-E12_1_8192.d,0,0,63,70,,,PEAKS DB
3,2,P01965|HBA_PIG,L.DDLPGALSALSD.L,Y,48.44,1172.5560,12,-4.1,587.2800,2,31.91,0.8808-0.9094,1.6034E2,53,13199,230609 Sample 37 D1_S1-E12_1_8192.d,1,1,74,85,,,PEAKS DB
3,2,P01965|HBA_PIG,K.VGGQAGAHGAEALERM(+15.99)FLGFPTT.K,Y,48.20,2332.1270,23,1.9,778.3806,3,30.47,0.9002-0.9288,1.0642E4,53,12560,230609 Sample 37 D1_S1-E12_1_8192.d,4,4,17,39,Oxidation (M),M16:Oxidation (M):1000.00,PEAKS DB
3,2,P01965|HBA_PIG,V.GGQAGAHGAEALERMFLGFPT.T,Y,48.12,2116.0159,21,-3.7,706.3399,3,35.49,0.9755-1.0039,0,53,15002,230609 Sample 37 D1_S1-E12_1_8192.d,0,0,18,38,,,PEAKS DB
3,2,P01965|HBA_PIG,V.GGQAGAHGAEALER.M,Y,48.02,1322.6327,14,3.8,441.8844,3,5.44,0.7386-0.7673,0,53,1070,230609 Sample 37 D1_S1-E12_1_8192.d,0,0,18,31,,,PEAKS DB
3,2,P01965|HBA_PIG,A.VGHLDDLPGALS.A,Y,47.94,1192.6088,12,1.0,597.3094,2,22.25,0.8888-0.9174,1.0043E2,53,9599,230609 Sample 37 D1_S1-E12_1_8192.d,1,1,70,81,,,PEAKS DB
3,2,P01965|HBA_PIG,A.SLDKFLANVST.V,Y,47.82,1193.6292,11,-3.9,597.8167,2,25.05,0.8900-0.9185,4.1243E2,53,10806,230609 Sample 37 D1_S1-E12_1_8192.d,1,1,124,134,,,PEAKS DB
3,2,P01965|HBA_PIG,H.LDDLPGALSA.L,Y,47.24,970.4971,10,-3.0,486.2520,2,25.88,0.8029-0.8316,3.248E2,53,11106,230609 Sample 37 D1_S1-E12_1_8192.d,1,1,73,82,,,PEAKS DB
3,2,P01965|HBA_PIG,A.ADKANVKAAWGKVGGQAGAHGAEAL.E,Y,46.96,2376.2297,25,-3.8,595.0596,4,13.97,0.9002-0.9288,0,53,5594,230609 Sample 37 D1_S1-E12_1_8192.d,0,0,5,29,,,PEAKS DB
3,2,P01965|HBA_PIG,K.AVGHLDDLPGALSA.L,Y,46.68,1334.6830,14,1.1,668.3463,2,24.52,0.9459-0.9744,1.5084E3,53,10637,230609 Sample 37 D1_S1-E12_1_8192.d,1,1,69,82,,,PEAKS DB
3,2,P01965|HBA_PIG,V.GGQAGAHGAEALERM(+15.99)FLGFPT.T,Y,46.30,2132.0107,21,2.4,711.6758,3,29.80,0.8476-0.8762,1.216E4,53,12348,230609 Sample 37 D1_S1-E12_1_8192.d,2,2,18,38,Oxidation (M),M15:Oxidation (M):1000.00,PEAKS DB
3,2,P01965|HBA_PIG,V.GHLDDLPGALSAL.S,Y,44.91,1277.6615,13,2.1,639.8363,2,31.87,0.9288-0.9573,7.2185E2,53,13145,230609 Sample 37 D1_S1-E12_1_8192.d,1,1,71,83,,,PEAKS DB
3,2,P01965|HBA_PIG,K.VGGQAGAHGAEALERM(+15.99)FLGFPT.T,Y,44.86,2231.0793,22,1.3,744.6978,3,30.82,0.9880-1.0164,1.1722E4,53,12518,230609 Sample 37 D1_S1-E12_1_8192.d,1,1,17,38,Oxidation (M),M16:Oxidation (M):1000.00,PEAKS DB
3,2,P01965|HBA_PIG,A.DKANVKAAWGKVGGQAGA.H,Y,44.84,1726.9114,18,0.9,576.6422,3,11.19,0.7811-0.8098,0,53,3927,230609 Sample 37 D1_S1-E12_1_8192.d,0,0,6,23,,,PEAKS DB
3,2,P01965|HBA_PIG,V.STVLTSKY.R,Y,44.80,897.4807,8,-0.1,449.7454,2,11.30,0.7708-0.7995,9.4274E2,53,3935,230609 Sample 37 D1_S1-E12_1_8192.d,1,1,133,140,,,PEAKS DB
3,2,P01965|HBA_PIG,A.SLDKFLANVSTVLT.S,Y,44.38,1506.8293,14,5.2,754.4222,2,38.10,1.0266-1.0550,1.4909E3,53,16574,230609 Sample 37 D1_S1-E12_1_8192.d,1,1,124,137,,,PEAKS DB
3,2,P01965|HBA_PIG,L.RVDPVNF.K,Y,44.31,845.4395,7,-2.0,423.7242,2,16.47,0.7604-0.7892,3.1751E3,53,6827,230609 Sample 37 D1_S1-E12_1_8192.d,1,1,92,98,,,PEAKS DB
3,2,P01965|HBA_PIG,F.NLSHGSDQV.K,Y,44.27,955.4359,9,0.5,478.7232,2,5.61,0.7788-0.8075,1.1963E3,53,1154,230609 Sample 37 D1_S1-E12_1_8192.d,1,1,47,55,,,PEAKS DB
3,2,P01965|HBA_PIG,L.DKFLANVSTVLT.S,Y,44.23,1306.7133,12,-4.0,654.3582,2,29.55,0.9926-1.0210,3.58E2,53,12257,230609 Sample 37 D1_S1-E12_1_8192.d,1,1,126,137,,,PEAKS DB
3,2,P01965|HBA_PIG,K.AAWGKVGGQAGAHGAEALE.R,Y,44.15,1778.8699,19,-1.8,593.9600,3,14.09,0.7983-0.8270,3.777E2,53,5654,230609 Sample 37 D1_S1-E12_1_8192.d,1,1,12,30,,,PEAKS DB
3,2,P01965|HBA_PIG,G.GQAGAHGAEALERM(+15.99)FLGFPT.T,Y,44.04,2074.9895,20,-0.5,692.6667,3,30.17,0.9299-0.9584,4.312E2,53,12508,230609 Sample 37 D1_S1-E12_1_8192.d,2,2,19,38,Oxidation (M),M14:Oxidation (M):1000.00,PEAKS DB
3,2,P01965|HBA_PIG,G.GQAGAHGAEAL.E,Y,43.66,980.4675,11,13.9,491.2455,2,6.78,0.7995-0.8282,1.7015E2,53,1764,230609 Sample 37 D1_S1-E12_1_8192.d,1,1,19,29,,,PEAKS DB
3,2,P01965|HBA_PIG,G.HLDDLPGALS.A,Y,43.66,1036.5189,10,4.1,519.2664,2,20.05,0.8270-0.8557,0,53,8780,230609 Sample 37 D1_S1-E12_1_8192.d,0,0,72,81,,,PEAKS DB
3,2,P01965|HBA_PIG,T.VLTSKYR,Y,43.20,865.5021,7,3.5,433.7578,2,4.87,0.7995-0.8282,0,53,759,230609 Sample 37 D1_S1-E12_1_8192.d,0,0,135,141,,,PEAKS DB
3,2,P01965|HBA_PIG,A.DKANVKAAWGKVGGQA.G,Y,42.25,1598.8528,16,3.0,533.9572,3,10.82,0.7892-0.8178,0,53,3793,230609 Sample 37 D1_S1-E12_1_8192.d,0,0,6,21,,,PEAKS DB
3,2,P01965|HBA_PIG,VLSAADKAN.V,Y,42.03,887.4712,9,4.8,444.7429,2,4.93,0.7535-0.7823,0,53,780,230609 Sample 37 D1_S1-E12_1_8192.d,0,0,1,9,,,PEAKS DB
3,2,P01965|HBA_PIG,A.WGKVGGQAGAHGAEALE.R,Y,41.87,1636.7957,17,-2.1,546.6021,3,12.09,0.7639-0.7926,0,53,4293,230609 Sample 37 D1_S1-E12_1_8192.d,0,0,14,30,,,PEAKS DB
3,2,P01965|HBA_PIG,M.FLGFPTTKT.Y,Y,41.32,1010.5436,9,3.9,506.2786,2,24.31,0.8156-0.8442,2.3013E2,53,10475,230609 Sample 37 D1_S1-E12_1_8192.d,1,1,33,41,,,PEAKS DB
3,2,P01965|HBA_PIG,A.DALTKAVGHLDDLPGALSAL.S,Y,41.30,1976.0577,20,-4.7,659.6869,3,37.97,0.8579-0.8865,0,53,16614,230609 Sample 37 D1_S1-E12_1_8192.d,0,0,64,83,,,PEAKS DB
3,2,P01965|HBA_PIG,F.PTTKTYFPHFNLS.H,Y,40.55,1551.7721,13,0.9,518.2626,3,23.84,0.8614-0.8900,3.8831E2,53,10269,230609 Sample 37 D1_S1-E12_1_8192.d,1,1,37,49,,,PEAKS DB
3,2,P01965|HBA_PIG,V.TLAAHHPDDFNPSVH.A,Y,40.09,1656.7644,15,4.7,553.2620,3,10.30,0.8511-0.8797,0,53,3542,230609 Sample 37 D1_S1-E12_1_8192.d,0,0,108,122,,,PEAKS DB
3,2,P01965|HBA_PIG,S.TVLTSKY.R,Y,39.50,810.4487,7,-5.1,406.2276,2,10.49,0.7363-0.7650,0,53,3620,230609 Sample 37 D1_S1-E12_1_8192.d,0,0,134,140,,,PEAKS DB
3,2,P01965|HBA_PIG,A.VGHLDDLPG.A,Y,39.43,921.4556,9,-0.1,461.7328,2,14.97,0.7846-0.8133,5.4472E2,53,6124,230609 Sample 37 D1_S1-E12_1_8192.d,1,1,70,78,,,PEAKS DB
3,2,P01965|HBA_PIG,V.ADALTKAVGHLDDLPGALSA.L,Y,39.23,1934.0109,20,-1.6,645.6734,3,30.03,0.8499-0.8785,5.4034E2,53,12428,230609 Sample 37 D1_S1-E12_1_8192.d,1,1,63,82,,,PEAKS DB
3,2,P01965|HBA_PIG,A.DALTKAVGHLDDLPGALSA.L,Y,39.16,1862.9738,19,-6.1,621.9918,3,30.99,0.8350-0.8637,0,53,12800,230609 Sample 37 D1_S1-E12_1_8192.d,0,0,64,82,,,PEAKS DB
3,2,P01965|HBA_PIG,Q.AGAHGAEALE.R,Y,38.44,924.4301,10,3.0,463.2214,2,6.28,0.7616-0.7903,0,53,1513,230609 Sample 37 D1_S1-E12_1_8192.d,0,0,21,30,,,PEAKS DB
3,2,P01965|HBA_PIG,VLSAADKA.N,Y,38.42,773.4283,8,-0.7,387.7193,2,5.77,0.6867-0.7155,1.2446E3,53,1283,230609 Sample 37 D1_S1-E12_1_8192.d,1,1,1,8,,,PEAKS DB
3,2,P01965|HBA_PIG,N.VSTVLTSKYR,Y,38.24,1152.6503,10,-3.4,385.2209,3,9.77,0.7363-0.7650,0,53,3121,230609 Sample 37 D1_S1-E12_1_8192.d,0,0,132,141,,,PEAKS DB
3,2,P01965|HBA_PIG,H.ASLDKFLANVST.V,Y,38.23,1264.6663,12,-0.1,633.3373,2,26.65,0.9368-0.9652,2.3258E2,53,11416,230609 Sample 37 D1_S1-E12_1_8192.d,1,1,123,134,,,PEAKS DB
3,2,P01965|HBA_PIG,A.AWGKVGGQAGAHGAEALE.R,Y,38.15,1707.8328,18,-4.7,570.2794,3,13.04,0.7938-0.8224,1.531E2,53,4764,230609 Sample 37 D1_S1-E12_1_8192.d,1,1,13,30,,,PEAKS DB
3,2,P01965|HBA_PIG,VLSAADKANVKAAWGKVGGQAGAHGAEALE.R,Y,37.84,2875.4939,30,-5.0,719.8737,4,18.01,0.9151-0.9436,1.0887E3,53,7727,230609 Sample 37 D1_S1-E12_1_8192.d,2,2,1,30,,,PEAKS DB
3,2,P01965|HBA_PIG,A.VGHLDDLPGAL.S,Y,37.44,1105.5768,11,4.3,553.7953,2,24.47,0.8557-0.8842,7.6678E2,53,10519,230609 Sample 37 D1_S1-E12_1_8192.d,1,1,70,80,,,PEAKS DB
3,2,P01965|HBA_PIG,A.VGHLDDLPGALSALSDLHAHKL.R,Y,36.65,2278.2070,22,4.1,570.5586,4,30.36,0.8579-0.8865,0,53,12569,230609 Sample 37 D1_S1-E12_1_8192.d,0,0,70,91,,,PEAKS DB
3,2,P01965|HBA_PIG,F.LGFPTTK.T,Y,36.42,762.4276,7,2.3,382.2201,2,13.92,0.7294-0.7581,0,53,5560,230609 Sample 37 D1_S1-E12_1_8192.d,0,0,34,40,,,PEAKS DB
4,13,P27917|APOC3_PIG,R.TAQDALTSVKESEVAQQA.R,Y,78.09,1874.9221,18,1.2,938.4649,2,16.70,1.1263-1.1545,5.6424E4,53,6980,230609 Sample 37 D1_S1-E12_1_8192.d,3,3,42,59,,,PEAKS DB
4,13,P27917|APOC3_PIG,K.FTDFWDYTPKPEPS.S,Y,77.40,1728.7671,14,1.0,865.3875,2,30.15,1.0845-1.1128,1.2953E3,53,12459,230609 Sample 37 D1_S1-E12_1_8192.d,1,1,81,94,,,PEAKS DB
4,13,P27917|APOC3_PIG,R.TAQDALTSVKESEV.A,Y,76.95,1476.7307,14,2.4,739.3708,2,16.37,1.0028-1.0312,9.9121E2,53,6803,230609 Sample 37 D1_S1-E12_1_8192.d,1,1,42,55,,,PEAKS DB
4,13,P27917|APOC3_PIG,K.FTDFWDYTPKPEPSSS,Y,76.81,1902.8312,16,0.8,952.4190,2,29.74,1.1534-1.1816,1.2659E4,53,12302,230609 Sample 37 D1_S1-E12_1_8192.d,1,1,81,96,,,PEAKS DB
4,13,P27917|APOC3_PIG,T.AQDALTSVKESEVAQQA.R,Y,75.39,1773.8744,17,2.4,887.9423,2,15.54,1.0992-1.1274,3.2344E3,53,6408,230609 Sample 37 D1_S1-E12_1_8192.d,1,1,43,59,,,PEAKS DB
4,13,P27917|APOC3_PIG,A.EDTSLLDKM(+15.99)QDYVKQAT.R,Y,74.71,1999.9408,17,1.4,667.6519,3,17.42,0.8488-0.8774,2.9182E4,53,7401,230609 Sample 37 D1_S1-E12_1_8192.d,2,2,24,40,Oxidation (M),M9:Oxidation (M):1000.00,PEAKS DB
4,13,P27917|APOC3_PIG,A.EDTSLLDKM(+15.99)QDYV.K,Y,72.70,1571.7025,13,-1.0,786.8539,2,20.19,1.0346-1.0629,2.5636E3,53,8777,230609 Sample 37 D1_S1-E12_1_8192.d,1,1,24,36,Oxidation (M),M9:Oxidation (M):1000.00,PEAKS DB
4,13,P27917|APOC3_PIG,F.TDFWDYTPKPEPSSS,Y,72.21,1755.7627,15,1.6,878.8858,2,25.56,1.0595-1.0879,3.7333E3,53,11016,230609 Sample 37 D1_S1-E12_1_8192.d,1,1,82,96,,,PEAKS DB
4,13,P27917|APOC3_PIG,T.RTAQDALTSVKESEVAQQA.R,Y,71.77,2031.0232,19,0.8,678.0123,3,14.80,0.8465-0.8751,9.8239E3,53,5991,230609 Sample 37 D1_S1-E12_1_8192.d,1,1,41,59,,,PEAKS DB
4,13,P27917|APOC3_PIG,T.DFWDYTPKPEPSSS,Y,70.43,1654.7151,14,-0.4,828.3605,2,26.22,1.0414-1.0697,7.7739E3,53,11218,230609 Sample 37 D1_S1-E12_1_8192.d,2,2,83,96,,,PEAKS DB
4,13,P27917|APOC3_PIG,T.DFWDYTPKPEPS.S,Y,69.23,1480.6510,12,0.9,741.3298,2,26.82,0.9960-1.0244,6.7254E2,53,11472,230609 Sample 37 D1_S1-E12_1_8192.d,1,1,83,94,,,PEAKS DB
4,13,P27917|APOC3_PIG,A.QDALTSVKESEVAQQA.R,Y,69.21,1702.8373,16,-1.5,852.4205,2,15.51,1.0777-1.1060,3.0974E3,53,6415,230609 Sample 37 D1_S1-E12_1_8192.d,1,1,44,59,,,PEAKS DB
4,13,P27917|APOC3_PIG,A.EDTSLLDKMQDYVKQAT.R,Y,68.54,1983.9459,17,1.9,662.3206,3,31.87,0.8419-0.8705,1.9661E4,53,13124,230609 Sample 37 D1_S1-E12_1_8192.d,2,2,24,40,,,PEAKS DB
4,13,P27917|APOC3_PIG,Q.DALTSVKESEVAQQA.R,Y,67.66,1574.7787,15,1.9,788.3943,2,16.21,1.0391-1.0675,1.0873E4,53,6746,230609 Sample 37 D1_S1-E12_1_8192.d,2,2,45,59,,,PEAKS DB
4,13,P27917|APOC3_PIG,E.DTSLLDKM(+15.99)QDYVKQAT.R,Y,67.04,1870.8982,16,1.5,624.6379,3,17.57,0.8133-0.8419,2.8341E3,53,7451,230609 Sample 37 D1_S1-E12_1_8192.d,2,2,25,40,Oxidation (M),M8:Oxidation (M):1000.00,PEAKS DB
4,13,P27917|APOC3_PIG,R.TAQDALTSVKESEVAQQ.A,Y,67.00,1803.8850,17,-0.7,902.9448,2,15.18,1.0969-1.1252,4.1642E2,53,6234,230609 Sample 37 D1_S1-E12_1_8192.d,1,1,42,58,,,PEAKS DB
4,13,P27917|APOC3_PIG,D.FWDYTPKPEPSSS,Y,66.96,1539.6881,13,1.6,770.8489,2,19.70,0.9994-1.0278,2.3855E3,53,8564,230609 Sample 37 D1_S1-E12_1_8192.d,1,1,84,96,,,PEAKS DB
4,13,P27917|APOC3_PIG,A.EDTSLLDKMQDY.V,Y,64.05,1456.6392,12,3.0,729.3255,2,24.97,0.9869-1.0153,6.2109E2,53,10761,230609 Sample 37 D1_S1-E12_1_8192.d,1,1,24,35,,,PEAKS DB
4,13,P27917|APOC3_PIG,E.DTSLLDKMQDYVKQAT.R,Y,63.48,1854.9033,16,-2.4,619.3039,3,32.75,0.8029-0.8316,3.3533E3,53,13528,230609 Sample 37 D1_S1-E12_1_8192.d,2,2,25,40,,,PEAKS DB
4,13,P27917|APOC3_PIG,A.TRTAQDALTSVKESEVAQQA.R,Y,62.43,2132.0708,20,1.1,711.6949,3,15.26,0.8842-0.9128,8.4036E3,53,6245,230609 Sample 37 D1_S1-E12_1_8192.d,1,1,40,59,,,PEAKS DB
4,13,P27917|APOC3_PIG,F.WDYTPKPEPSSS,Y,61.65,1392.6198,12,3.4,697.3162,2,14.12,0.9527-0.9812,1.4939E3,53,5648,230609 Sample 37 D1_S1-E12_1_8192.d,1,1,85,96,,,PEAKS DB
4,13,P27917|APOC3_PIG,A.EDTSLLDKM(+15.99)QDY.V,Y,61.55,1472.6340,12,1.7,737.3220,2,16.16,0.9823-1.0107,1.3358E3,53,6701,230609 Sample 37 D1_S1-E12_1_8192.d,1,1,24,35,Oxidation (M),M9:Oxidation (M):1000.00,PEAKS DB
4,13,P27917|APOC3_PIG,E.DTSLLDKM(+15.99)QDY.V,Y,60.55,1343.5914,11,0.2,672.7999,2,16.86,0.9345-0.9630,6.6884E2,53,7096,230609 Sample 37 D1_S1-E12_1_8192.d,1,1,25,35,Oxidation (M),M8:Oxidation (M):1000.00,PEAKS DB
4,13,P27917|APOC3_PIG,R.TAQDALTSVKESEVA.Q,Y,59.98,1547.7678,15,8.7,774.8942,2,16.09,1.0210-1.0493,1.2547E2,53,6710,230609 Sample 37 D1_S1-E12_1_8192.d,1,1,42,56,,,PEAKS DB
4,13,P27917|APOC3_PIG,R.TAQDALTSVKESEVAQQARG.W,Y,59.75,2088.0447,20,1.8,697.0201,3,14.70,0.8740-0.9025,0,53,6011,230609 Sample 37 D1_S1-E12_1_8192.d,0,0,42,61,,,PEAKS DB
4,13,P27917|APOC3_PIG,R.TAQDALTSVKESEVAQ.Q,Y,59.46,1675.8264,16,-1.0,838.9156,2,15.21,1.0788-1.1071,3.5301E2,53,6287,230609 Sample 37 D1_S1-E12_1_8192.d,1,1,42,57,,,PEAKS DB
4,13,P27917|APOC3_PIG,Q.DALTSVKESEVAQ.Q,Y,59.20,1375.6831,13,-2.3,688.8439,2,14.57,0.9675-0.9960,6.1617E2,53,5914,230609 Sample 37 D1_S1-E12_1_8192.d,1,1,45,57,,,PEAKS DB
4,13,P27917|APOC3_PIG,D.ALTSVKESEVAQQA.R,Y,58.51,1459.7518,14,1.3,730.8806,2,11.85,0.9960-1.0244,4.9618E2,53,4171,230609 Sample 37 D1_S1-E12_1_8192.d,1,1,46,59,,,PEAKS DB
4,13,P27917|APOC3_PIG,A.EDTSLLDKM(+15.99)QD.Y,Y,57.95,1309.5708,11,0.9,655.7901,2,11.62,0.9436-0.9721,3.2598E2,53,4065,230609 Sample 37 D1_S1-E12_1_8192.d,1,1,24,34,Oxidation (M),M9:Oxidation (M):1000.00,PEAKS DB
4,13,P27917|APOC3_PIG,T.SVKESEVAQQA.R,Y,57.83,1174.5830,11,3.6,588.2980,2,6.08,0.8602-0.8888,2.9261E2,53,1383,230609 Sample 37 D1_S1-E12_1_8192.d,1,1,49,59,,,PEAKS DB
4,13,P27917|APOC3_PIG,E.DTSLLDKMQDYV.K,Y,57.70,1426.6650,12,1.0,714.3371,2,32.71,0.9812-1.0096,1.7031E3,53,13504,230609 Sample 37 D1_S1-E12_1_8192.d,1,1,25,36,,,PEAKS DB
4,13,P27917|APOC3_PIG,A.EDTSLLDKMQDYV.K,Y,55.50,1555.7075,13,0.6,778.8577,2,31.40,1.0289-1.0573,2.0659E3,53,12955,230609 Sample 37 D1_S1-E12_1_8192.d,1,1,24,36,,,PEAKS DB
4,13,P27917|APOC3_PIG,W.DYTPKPEPSSS,Y,55.49,1206.5404,11,2.6,604.2761,2,7.73,0.8671-0.8957,1.4086E3,53,2183,230609 Sample 37 D1_S1-E12_1_8192.d,1,1,86,96,,,PEAKS DB
4,13,P27917|APOC3_PIG,E.DTSLLDKM(+15.99)QDYV.K,Y,55.28,1442.6599,12,1.6,722.3349,2,21.13,0.9869-1.0153,2.644E3,53,9121,230609 Sample 37 D1_S1-E12_1_8192.d,1,1,25,36,Oxidation (M),M8:Oxidation (M):1000.00,PEAKS DB
4,13,P27917|APOC3_PIG,D.FWDYTPKPEPS.S,Y,54.89,1365.6240,11,6.0,683.8201,2,20.20,0.9390-0.9675,0,53,8834,230609 Sample 37 D1_S1-E12_1_8192.d,0,0,84,94,,,PEAKS DB
4,13,P27917|APOC3_PIG,K.QATRTAQDALTSVKESEVAQQA.R,Y,54.29,2331.1665,22,2.3,778.0608,3,15.92,0.9197-0.9482,1.096E3,53,6592,230609 Sample 37 D1_S1-E12_1_8192.d,1,1,38,59,,,PEAKS DB
4,13,P27917|APOC3_PIG,Q.ATRTAQDALTSVKESEVAQQA.R,Y,53.63,2203.1079,21,3.0,735.3752,3,15.40,0.9060-0.9345,1.7204E2,53,6386,230609 Sample 37 D1_S1-E12_1_8192.d,1,1,39,59,,,PEAKS DB
4,13,P27917|APOC3_PIG,E.DTSLLDKM(+15.99)QDYVKQA.T,Y,53.05,1769.8506,15,0.6,590.9550,3,16.63,0.7915-0.8201,0,53,7000,230609 Sample 37 D1_S1-E12_1_8192.d,0,0,25,39,Oxidation (M),M8:Oxidation (M):1000.00,PEAKS DB
4,13,P27917|APOC3_PIG,E.DTSLLDKM(+15.99)QD.Y,Y,52.50,1180.5282,10,1.3,591.2693,2,11.88,0.8728-0.9014,2.3167E2,53,4193,230609 Sample 37 D1_S1-E12_1_8192.d,1,1,25,34,Oxidation (M),M8:Oxidation (M):1000.00,PEAKS DB
4,13,P27917|APOC3_PIG,A.IEAEDTSLLDKMQDYVKQAT.R,Y,51.42,2297.1096,20,3.6,766.7095,3,32.53,0.9128-0.9413,3.7236E2,53,13460,230609 Sample 37 D1_S1-E12_1_8192.d,1,1,21,40,,,PEAKS DB
4,13,P27917|APOC3_PIG,W.DYTPKPEPS.S,Y,49.69,1032.4763,9,1.5,517.2437,2,7.95,0.8098-0.8385,4.7253E2,53,2312,230609 Sample 37 D1_S1-E12_1_8192.d,1,1,86,94,,,PEAKS DB
4,13,P27917|APOC3_PIG,A.EDTSLLDKMQDYVKQA.T,Y,48.71,1882.8982,16,-2.5,628.6354,3,29.73,0.8121-0.8408,3.2155E2,53,12325,230609 Sample 37 D1_S1-E12_1_8192.d,1,1,24,39,,,PEAKS DB
4,13,P27917|APOC3_PIG,L.TSVKESEVAQQA.R,Y,47.92,1275.6306,12,3.7,638.8218,2,6.91,0.9037-0.9322,9.8815E2,53,1809,230609 Sample 37 D1_S1-E12_1_8192.d,1,1,48,59,,,PEAKS DB
4,13,P27917|APOC3_PIG,F.TDFWDYTPKPEPS.S,Y,47.47,1581.6987,13,-3.6,791.8500,2,26.11,1.0357-1.0641,2.8789E2,53,11213,230609 Sample 37 D1_S1-E12_1_8192.d,1,1,82,94,,,PEAKS DB
4,13,P27917|APOC3_PIG,A.EDTSLLDKMQD.Y,Y,47.11,1293.5758,11,-0.7,647.7916,2,18.86,0.9459-0.9744,0,53,8235,230609 Sample 37 D1_S1-E12_1_8192.d,0,0,24,34,,,PEAKS DB
4,13,P27917|APOC3_PIG,A.EDTSLLDKMQDYVKQ.A,Y,46.31,1811.8611,15,6.3,604.9619,3,26.48,0.8110-0.8396,0,53,11368,230609 Sample 37 D1_S1-E12_1_8192.d,0,0,24,38,,,PEAKS DB
4,13,P27917|APOC3_PIG,A.IEAEDTSLLDKM(+15.99)QDYVKQAT.R,Y,44.51,2313.1045,20,-0.7,772.0378,3,19.29,0.9060-0.9345,0,53,8465,230609 Sample 37 D1_S1-E12_1_8192.d,0,0,21,40,Oxidation (M),M12:Oxidation (M):1000.00,PEAKS DB
4,13,P27917|APOC3_PIG,A.EDTSLLDKM(+15.99)QDYVKQA.T,Y,43.95,1898.8931,16,1.3,633.9694,3,16.01,0.8098-0.8385,9.6016E2,53,6652,230609 Sample 37 D1_S1-E12_1_8192.d,2,2,24,39,Oxidation (M),M9:Oxidation (M):1000.00,PEAKS DB
4,13,P27917|APOC3_PIG,A.TRTAQDALTSVKESEVAQ.Q,Y,40.64,1932.9752,18,4.7,645.3323,3,13.90,0.8133-0.8419,0,53,5554,230609 Sample 37 D1_S1-E12_1_8192.d,0,0,40,57,,,PEAKS DB
4,13,P27917|APOC3_PIG,Q.DALTSVKE.S,Y,40.29,861.4443,8,3.8,431.7290,2,10.18,0.7478-0.7765,0,53,3486,230609 Sample 37 D1_S1-E12_1_8192.d,0,0,45,52,,,PEAKS DB
4,13,P27917|APOC3_PIG,A.EDTSLLDKM(+15.99)QDYVK.Q,Y,40.21,1699.7975,14,2.1,567.6049,3,14.97,0.8110-0.8396,1.3539E2,53,6149,230609 Sample 37 D1_S1-E12_1_8192.d,1,1,24,37,Oxidation (M),M9:Oxidation (M):1000.00,PEAKS DB
4,13,P27917|APOC3_PIG,T.DSISSLKDYWST.F,Y,40.04,1400.6460,12,0.6,701.3273,2,27.34,0.9698-0.9982,1.4395E2,53,11628,230609 Sample 37 D1_S1-E12_1_8192.d,1,1,65,76,,,PEAKS DB
4,13,P27917|APOC3_PIG,E.DTSLLDKMQD.Y,Y,38.73,1164.5332,10,8.2,583.2758,2,19.82,0.8728-0.9014,0,53,8683,230609 Sample 37 D1_S1-E12_1_8192.d,0,0,25,34,,,PEAKS DB
4,13,P27917|APOC3_PIG,L.TSVKESEVAQ.Q,Y,38.23,1076.5349,10,-0.1,539.2721,2,5.28,0.8373-0.8659,0,53,961,230609 Sample 37 D1_S1-E12_1_8192.d,0,0,48,57,,,PEAKS DB
6,9,P02067|HBB_PIG,V.DEVGGEALGRLLV.V,Y,76.58,1326.7142,13,4.5,664.3642,2,32.04,0.9379-0.9664,1.1246E3,53,13224,230609 Sample 37 D1_S1-E12_1_8192.d,1,1,22,34,,,PEAKS DB
6,9,P02067|HBB_PIG,F.ESFGDLSNADAVM(+15.99)GNPK.V,Y,76.40,1766.7781,17,1.8,884.3937,2,17.45,1.0947-1.1229,4.841E3,53,7355,230609 Sample 37 D1_S1-E12_1_8192.d,1,1,44,60,Oxidation (M),M13:Oxidation (M):1000.00,PEAKS DB
6,9,P02067|HBB_PIG,F.ESFGDLSNADAVMGNPK.V,Y,75.85,1750.7832,17,-1.7,876.3931,2,22.82,1.1173-1.1455,1.2406E3,53,9762,230609 Sample 37 D1_S1-E12_1_8192.d,2,2,44,60,,,PEAKS DB
6,9,P02067|HBB_PIG,R.FFESFGDLSNADAVM(+15.99)GNPKV.K,Y,72.60,2159.9834,20,11.3,1081.0060,2,29.58,1.2210-1.2491,0,53,12292,230609 Sample 37 D1_S1-E12_1_8192.d,0,0,42,61,Oxidation (M),M15:Oxidation (M):1000.00,PEAKS DB
6,9,P02067|HBB_PIG,E.SFGDLSNADAVM(+15.99)GNPK.V,Y,70.99,1637.7355,16,-7.2,819.8652,2,16.47,1.0686-1.0969,7.2654E1,53,6911,230609 Sample 37 D1_S1-E12_1_8192.d,1,1,45,60,Oxidation (M),M12:Oxidation (M):1000.00,PEAKS DB
6,9,P02067|HBB_PIG,M.VHLSAEEKEAV.L,Y,70.84,1210.6194,11,0.1,606.3141,2,9.28,0.9082-0.9368,3.6867E3,53,2860,230609 Sample 37 D1_S1-E12_1_8192.d,2,2,2,12,,,PEAKS DB
6,9,P02067|HBB_PIG,F.FESFGDLSNADAVM(+15.99)GNPK.V,Y,69.73,1913.8464,18,1.4,957.9272,2,22.02,1.1354-1.1636,1.1301E2,53,9526,230609 Sample 37 D1_S1-E12_1_8192.d,1,1,43,60,Oxidation (M),M14:Oxidation (M):1000.00,PEAKS DB
6,9,P02067|HBB_PIG,V.NVDEVGGEALGRLLV.V,Y,69.10,1539.8257,15,-2.3,770.9146,2,32.28,1.0335-1.0618,2.8754E2,53,13348,230609 Sample 37 D1_S1-E12_1_8192.d,1,1,20,34,,,PEAKS DB
6,9,P02067|HBB_PIG,G.DLSNADAVM(+15.99)GNPKV.K,Y,68.91,1445.6820,14,12.4,723.8538,2,13.95,0.9721-1.0005,5.9855E2,53,5579,230609 Sample 37 D1_S1-E12_1_8192.d,1,1,48,61,Oxidation (M),M9:Oxidation (M):1000.00,PEAKS DB
6,9,P02067|HBB_PIG,W.TQRFFESFGDLSNADAV.M,Y,68.15,1902.8748,17,-1.0,952.4391,2,31.05,1.1647-1.1929,1.6402E3,53,12765,230609 Sample 37 D1_S1-E12_1_8192.d,1,1,39,55,,,PEAKS DB
6,9,P02067|HBB_PIG,F.FESFGDLSNADAVM(+15.99)GNPKV.K,Y,68.08,2012.9149,19,6.8,1007.4667,2,24.80,1.1568-1.1850,2.2022E2,53,10697,230609 Sample 37 D1_S1-E12_1_8192.d,1,1,43,61,Oxidation (M),M14:Oxidation (M):1000.00,PEAKS DB
6,9,P02067|HBB_PIG,G.DLSNADAVMGNPKV.K,Y,67.91,1429.6871,14,-2.1,715.8459,2,19.80,0.9664-0.9948,6.4531E2,53,8632,230609 Sample 37 D1_S1-E12_1_8192.d,1,1,48,61,,,PEAKS DB
6,9,P02067|HBB_PIG,F.ESFGDLSNADAVMGNPKV.K,Y,66.20,1849.8516,18,3.0,925.9313,2,26.01,1.1466-1.1749,8.379E2,53,11160,230609 Sample 37 D1_S1-E12_1_8192.d,1,1,44,61,,,PEAKS DB
6,9,P02067|HBB_PIG,F.ESFGDLSNADAVM(+15.99)GNPKV.K,Y,65.11,1865.8466,18,-0.4,933.9257,2,20.81,1.1354-1.1636,3.1003E3,53,9018,230609 Sample 37 D1_S1-E12_1_8192.d,1,1,44,61,Oxidation (M),M13:Oxidation (M):1000.00,PEAKS DB
6,9,P02067|HBB_PIG,F.ESFGDLSNADAVM(+15.99)GN.P,Y,63.43,1541.6304,15,3.9,771.8217,2,20.89,1.0221-1.0505,6.6546E1,53,9084,230609 Sample 37 D1_S1-E12_1_8192.d,1,1,44,58,Oxidation (M),M13:Oxidation (M):1000.00,PEAKS DB
6,9,P02067|HBB_PIG,R.FFESFGDLSNADAV.M,Y,62.87,1517.6674,14,3.5,759.8400,2,35.06,1.0232-1.0516,3.818E3,53,14653,230609 Sample 37 D1_S1-E12_1_8192.d,1,1,42,55,,,PEAKS DB
6,9,P02067|HBB_PIG,R.FFESFGDLSNADAVM(+15.99)GNPK.V,Y,62.70,2060.9148,19,5.9,1031.4658,2,27.58,1.1805-1.2086,4.7102E2,53,11700,230609 Sample 37 D1_S1-E12_1_8192.d,1,1,42,60,Oxidation (M),M15:Oxidation (M):1000.00,PEAKS DB
6,9,P02067|HBB_PIG,L.VVYPWTQRFFESFGDLSNADAV.M,Y,62.43,2547.2070,22,1.3,1274.6063,2,42.26,1.3790-1.4069,0,53,20610,230609 Sample 37 D1_S1-E12_1_8192.d,0,0,34,55,,,PEAKS DB
6,9,P02067|HBB_PIG,K.VNVDEVGGEALGR.L,Y,61.16,1313.6575,13,4.5,657.8358,2,16.82,0.9493-0.9778,4.4969E2,53,7085,230609 Sample 37 D1_S1-E12_1_8192.d,1,1,19,31,,,PEAKS DB
6,9,P02067|HBB_PIG,V.HLSAEEKEAVLG.L,Y,59.79,1281.6565,12,-1.3,641.8316,2,10.79,0.9573-0.9857,6.8672E2,53,3732,230609 Sample 37 D1_S1-E12_1_8192.d,1,1,3,14,,,PEAKS DB
6,9,P02067|HBB_PIG,G.DLSNADAVM(+15.99)GNPK.V,Y,59.30,1346.6136,13,3.1,674.3129,2,9.40,0.9288-0.9573,1.788E3,53,2944,230609 Sample 37 D1_S1-E12_1_8192.d,1,1,48,60,Oxidation (M),M9:Oxidation (M):1000.00,PEAKS DB
6,9,P02067|HBB_PIG,G.DLSNADAVMGNPK.V,Y,58.71,1330.6187,13,-2.3,666.3119,2,15.03,0.9345-0.9630,6.2795E2,53,6162,230609 Sample 37 D1_S1-E12_1_8192.d,1,1,48,60,,,PEAKS DB
6,9,P02067|HBB_PIG,V.DEVGGEALGRL.L,Y,57.37,1114.5618,11,1.0,558.2860,2,20.37,0.8545-0.8831,2.0301E2,53,8892,230609 Sample 37 D1_S1-E12_1_8192.d,1,1,22,32,,,PEAKS DB
6,9,P02067|HBB_PIG,M.VHLSAEEKEA.V,Y,56.34,1111.5509,10,-0.5,556.7798,2,6.24,0.8442-0.8728,7.0292E3,53,1368,230609 Sample 37 D1_S1-E12_1_8192.d,1,1,2,11,,,PEAKS DB
6,9,P02067|HBB_PIG,P.WTQRFFESFGDLSNADAV.M,Y,54.81,2088.9541,18,-1.0,1045.4783,2,35.25,1.1996-1.2278,7.8546E2,53,14771,230609 Sample 37 D1_S1-E12_1_8192.d,1,1,38,55,,,PEAKS DB
6,9,P02067|HBB_PIG,V.AGVANALAHKYH,Y,53.13,1250.6520,12,6.8,417.8921,3,8.39,0.7351-0.7639,0,53,2480,230609 Sample 37 D1_S1-E12_1_8192.d,0,0,136,147,,,PEAKS DB
6,9,P02067|HBB_PIG,V.HLSAEEKEAV.L,Y,52.86,1111.5509,10,-0.5,556.7798,2,6.24,0.8534-0.8820,7.0292E3,53,1432,230609 Sample 37 D1_S1-E12_1_8192.d,1,1,3,12,,,PEAKS DB
6,9,P02067|HBB_PIG,W.GKVNVDEVGGEALG.R,Y,52.28,1342.6729,14,-2.1,672.3391,2,15.79,0.9276-0.9561,1.2321E3,53,6515,230609 Sample 37 D1_S1-E12_1_8192.d,1,1,17,30,,,PEAKS DB
6,9,P02067|HBB_PIG,L.WGKVNVDEVGGEALG.R,Y,52.23,1528.7521,15,-5.7,765.3753,2,22.24,0.9903-1.0187,1.5668E2,53,9596,230609 Sample 37 D1_S1-E12_1_8192.d,1,1,16,30,,,PEAKS DB
6,9,P02067|HBB_PIG,S.FGDLSNADAVM(+15.99)GNPK.V,Y,51.33,1550.7035,15,-6.1,776.3506,2,14.56,1.0142-1.0425,0,53,5931,230609 Sample 37 D1_S1-E12_1_8192.d,0,0,46,60,Oxidation (M),M11:Oxidation (M):1000.00,PEAKS DB
6,9,P02067|HBB_PIG,L.GLWGKVNVDEVGGEALG.R,Y,50.36,1698.8577,17,-2.7,850.4297,2,28.22,1.0675-1.0958,1.0929E2,53,11872,230609 Sample 37 D1_S1-E12_1_8192.d,1,1,14,30,,,PEAKS DB
6,9,P02067|HBB_PIG,V.NVDEVGGEALGR.L,Y,47.92,1214.5891,12,5.5,608.3022,2,12.70,0.8991-0.9276,3.0002E2,53,4582,230609 Sample 37 D1_S1-E12_1_8192.d,1,1,20,31,,,PEAKS DB
6,9,P02067|HBB_PIG,M.VHLSAEEKEAVL.G,Y,46.95,1323.7034,12,-0.6,662.8553,2,14.40,0.9596-0.9880,0,53,5861,230609 Sample 37 D1_S1-E12_1_8192.d,0,0,2,13,,,PEAKS DB
6,9,P02067|HBB_PIG,M.VHLSAEEKEAVLGLWGKVNVDEV.G,Y,46.93,2520.3223,23,3.6,841.1136,3,31.20,0.9755-1.0039,0,53,12889,230609 Sample 37 D1_S1-E12_1_8192.d,0,0,2,24,,,PEAKS DB
6,9,P02067|HBB_PIG,V.VAGVANALAH.K,Y,46.72,921.5032,10,2.0,461.7575,2,12.69,0.7926-0.8213,0,53,4603,230609 Sample 37 D1_S1-E12_1_8192.d,0,0,135,144,,,PEAKS DB
6,9,P02067|HBB_PIG,G.DLSNADAVM(+15.99)GNPKVKAHG.K,Y,45.43,1838.8944,18,-2.3,613.9677,3,7.85,0.8557-0.8842,0,53,2257,230609 Sample 37 D1_S1-E12_1_8192.d,0,0,48,65,Oxidation (M),M9:Oxidation (M):1000.00,PEAKS DB
6,9,P02067|HBB_PIG,Q.RFFESFGDLSNADAV.M,Y,45.14,1673.7684,15,-0.8,837.8868,2,30.75,1.0686-1.0969,0,53,12723,230609 Sample 37 D1_S1-E12_1_8192.d,0,0,41,55,,,PEAKS DB
6,9,P02067|HBB_PIG,F.FESFGDLSNADAV.M,Y,45.09,1370.5990,13,1.9,686.3047,2,29.18,0.9744-1.0028,3.59E3,53,12133,230609 Sample 37 D1_S1-E12_1_8192.d,1,1,43,55,,,PEAKS DB
6,9,P02067|HBB_PIG,M.VHLSAEEKEAVLGL.W,Y,42.64,1493.8090,14,-0.5,498.9409,3,21.51,0.7811-0.8098,1.5133E2,53,9370,230609 Sample 37 D1_S1-E12_1_8192.d,1,1,2,15,,,PEAKS DB
6,9,P02067|HBB_PIG,L.WGKVNVDEVGGEAL.G,Y,42.25,1471.7307,14,-6.1,736.8646,2,23.33,0.9823-1.0107,0,53,10081,230609 Sample 37 D1_S1-E12_1_8192.d,0,0,16,29,,,PEAKS DB
6,9,P02067|HBB_PIG,V.LQSFSDGLKHLDNL.K,Y,42.22,1585.8099,14,-6.5,529.6046,3,25.85,0.8029-0.8316,0,53,11126,230609 Sample 37 D1_S1-E12_1_8192.d,0,0,69,82,,,PEAKS DB
6,9,P02067|HBB_PIG,V.VYPWTQRFFESFGDLSNADAV.M,Y,42.15,2448.1387,21,-4.0,1225.0658,2,42.20,1.3220-1.3500,1.1472E2,53,20463,230609 Sample 37 D1_S1-E12_1_8192.d,1,1,35,55,,,PEAKS DB
6,9,P02067|HBB_PIG,V.LQSFSDGLKH.L,Y,41.56,1130.5720,10,1.5,566.2914,2,11.51,0.8854-0.9139,0,53,4039,230609 Sample 37 D1_S1-E12_1_8192.d,0,0,69,78,,,PEAKS DB
6,9,P02067|HBB_PIG,M.VHLSAEEKEAVLG.L,Y,40.34,1380.7249,13,1.3,461.2473,3,13.78,0.7386-0.7673,0,53,5471,230609 Sample 37 D1_S1-E12_1_8192.d,0,0,2,14,,,PEAKS DB
6,9,P02067|HBB_PIG,M.VHLSAEE.K,Y,39.79,783.3763,7,9.2,392.6971,2,7.55,0.7317-0.7604,0,53,2112,230609 Sample 37 D1_S1-E12_1_8192.d,0,0,2,8,,,PEAKS DB
6,9,P02067|HBB_PIG,F.ESFGDLSNADAV.M,Y,39.46,1223.5305,12,0.0,612.7696,2,23.97,0.9105-0.9390,2.8559E3,53,10326,230609 Sample 37 D1_S1-E12_1_8192.d,1,1,44,55,,,PEAKS DB
6,9,P02067|HBB_PIG,G.KVNVDEVGGEALG.R,Y,39.18,1285.6514,13,9.2,643.8358,2,15.71,0.9185-0.9470,3.2148E2,53,6525,230609 Sample 37 D1_S1-E12_1_8192.d,1,1,18,30,,,PEAKS DB
6,9,P02067|HBB_PIG,S.AEEKEAVLG.L,Y,38.62,944.4814,9,8.2,473.2496,2,8.49,0.8041-0.8327,0,53,2542,230609 Sample 37 D1_S1-E12_1_8192.d,0,0,6,14,,,PEAKS DB
6,9,P02067|HBB_PIG,V.DEVGGEALGRLL.V,Y,38.55,1227.6459,12,-0.1,614.8272,2,29.67,0.9231-0.9516,2.7527E2,53,12350,230609 Sample 37 D1_S1-E12_1_8192.d,1,1,22,33,,,PEAKS DB
6,9,P02067|HBB_PIG,L.SAEEKEAVLG.L,Y,36.72,1031.5134,10,-5.4,516.7587,2,8.99,0.8190-0.8476,0,53,2769,230609 Sample 37 D1_S1-E12_1_8192.d,0,0,5,14,,,PEAKS DB
7,5,P18648|APOA1_PIG,L.DDFQNKWQEEM(+15.99)ET.Y,Y,77.59,1714.6781,13,1.7,858.3436,2,16.21,1.0335-1.0618,1.0697E3,53,6728,230609 Sample 37 D1_S1-E12_1_8192.d,1,1,125,137,Oxidation (M),M11:Oxidation (M):1000.00,PEAKS DB
7,5,P18648|APOA1_PIG,L.DDFQNKWQEEM(+15.99)ETY.R,Y,71.35,1877.7413,14,4.2,939.8773,2,20.68,1.0935-1.1218,0,53,9015,230609 Sample 37 D1_S1-E12_1_8192.d,0,0,125,138,Oxidation (M),M11:Oxidation (M):1000.00,PEAKS DB
7,5,P18648|APOA1_PIG,L.DDFQNKWQEEMET.Y,Y,67.36,1698.6831,13,-1.7,850.3433,2,22.75,1.0391-1.0675,1.2884E2,53,9749,230609 Sample 37 D1_S1-E12_1_8192.d,1,1,125,137,,,PEAKS DB
7,5,P18648|APOA1_PIG,Y.LDDFQNKWQEEM(+15.99)ETY.R,Y,65.95,1990.8254,15,0.6,996.4158,2,21.79,1.1252-1.1534,1.0606E3,53,9444,230609 Sample 37 D1_S1-E12_1_8192.d,1,1,124,138,Oxidation (M),M12:Oxidation (M):1000.00,PEAKS DB
7,5,P18648|APOA1_PIG,Y.LDDFQNKWQEEMETY.R,Y,62.45,1974.8306,15,1.2,988.4189,2,28.20,1.1354-1.1636,3.2839E2,53,11875,230609 Sample 37 D1_S1-E12_1_8192.d,1,1,124,138,,,PEAKS DB
7,5,P18648|APOA1_PIG,A.AIDEASKKLNAQ,Y,59.60,1286.6830,12,-0.2,644.3455,2,6.53,0.9470-0.9755,3.622E2,53,1621,230609 Sample 37 D1_S1-E12_1_8192.d,1,1,254,265,,,PEAKS DB
7,5,P18648|APOA1_PIG,K.EGGGSLAEYQAKAQEQL.K,Y,58.52,1777.8481,17,-4.4,889.9232,2,19.39,1.1048-1.1331,2.9325E2,53,8477,230609 Sample 37 D1_S1-E12_1_8192.d,1,1,206,222,,,PEAKS DB
7,5,P18648|APOA1_PIG,A.IDEASKKLNAQ,Y,58.21,1215.6459,11,-1.2,608.8265,2,5.14,0.9151-0.9436,1.091E3,53,843,230609 Sample 37 D1_S1-E12_1_8192.d,1,1,255,265,,,PEAKS DB
7,5,P18648|APOA1_PIG,Y.VDAIKDSGRDY.V,Y,54.60,1237.5939,11,-4.9,619.7982,2,7.83,0.9048-0.9333,1.2391E3,53,2225,230609 Sample 37 D1_S1-E12_1_8192.d,2,2,42,52,,,PEAKS DB
7,5,P18648|APOA1_PIG,Q.DDPQSPWDRV.K,Y,53.73,1213.5364,10,0.8,607.7730,2,20.51,0.8659-0.8945,3.0439E2,53,8924,230609 Sample 37 D1_S1-E12_1_8192.d,1,1,25,34,,,PEAKS DB
7,5,P18648|APOA1_PIG,Q.DDPQSPWDRVKDFATVY.V,Y,53.61,2037.9431,17,1.8,1019.9758,2,33.38,1.1602-1.1884,3.393E4,53,13940,230609 Sample 37 D1_S1-E12_1_8192.d,3,3,25,41,,,PEAKS DB
7,5,P18648|APOA1_PIG,Q.DDPQSPWDR.V,Y,51.88,1114.4679,9,4.5,558.2410,2,13.39,0.8247-0.8534,3.8192E2,53,5106,230609 Sample 37 D1_S1-E12_1_8192.d,1,1,25,33,,,PEAKS DB
7,5,P18648|APOA1_PIG,L.AAIDEASKKLNAQ,Y,46.79,1357.7201,13,6.2,679.8682,2,9.36,0.9766-1.0051,0,53,2941,230609 Sample 37 D1_S1-E12_1_8192.d,0,0,253,265,,,PEAKS DB
7,5,P18648|APOA1_PIG,Q.DDPQSPWDRVKD.F,Y,40.26,1456.6582,12,-1.0,729.3322,2,14.80,0.9436-0.9721,2.3566E2,53,6029,230609 Sample 37 D1_S1-E12_1_8192.d,1,1,25,36,,,PEAKS DB
7,5,P18648|APOA1_PIG,V.DAIKDSGRDYVAQFEA.S,Y,39.76,1783.8376,16,2.5,595.6185,3,19.94,0.7949-0.8236,1.3838E2,53,8709,230609 Sample 37 D1_S1-E12_1_8192.d,1,1,43,58,,,PEAKS DB
10,15,P19619|ANXA1_PIG,I.DNEEQEYIKT.V,Y,75.29,1267.5568,10,2.3,634.7841,2,12.30,0.8877-0.9162,1.8397E3,53,4351,230609 Sample 37 D1_S1-E12_1_8192.d,1,1,15,24,,,PEAKS DB
10,15,P19619|ANXA1_PIG,I.DNEEQEYIKTV.K,Y,74.40,1366.6252,11,0.6,684.3170,2,16.99,0.9493-0.9778,6.9963E3,53,7140,230609 Sample 37 D1_S1-E12_1_8192.d,1,1,15,25,,,PEAKS DB
10,15,P19619|ANXA1_PIG,I.DNEEQEYIKTVK.G,Y,70.72,1494.7202,12,3.6,748.3665,2,11.96,1.0278-1.0561,0,53,4238,230609 Sample 37 D1_S1-E12_1_8192.d,0,0,15,26,,,PEAKS DB
10,15,P19619|ANXA1_PIG,W.FIDNEEQEYIKTV.K,Y,61.85,1626.7777,13,-7.7,814.3859,2,21.77,1.0425-1.0709,0,53,9475,230609 Sample 37 D1_S1-E12_1_8192.d,0,0,13,25,,,PEAKS DB
10,15,P19619|ANXA1_PIG,D.NEEQEYIKTV.K,Y,58.06,1251.5983,10,3.7,626.8057,2,14.45,0.9105-0.9390,8.0177E2,53,5878,230609 Sample 37 D1_S1-E12_1_8192.d,1,1,16,25,,,PEAKS DB
10,15,P19619|ANXA1_PIG,W.FIDNEEQEYIKT.V,Y,57.85,1527.7092,12,0.1,764.8583,2,17.91,1.0142-1.0425,0,53,7692,230609 Sample 37 D1_S1-E12_1_8192.d,0,0,13,24,,,PEAKS DB
10,15,P19619|ANXA1_PIG,D.NEEQEYIKT.V,Y,56.58,1152.5299,9,9.7,577.2750,2,10.51,0.8671-0.8957,4.7687E2,53,3598,230609 Sample 37 D1_S1-E12_1_8192.d,1,1,16,24,,,PEAKS DB
10,15,P19619|ANXA1_PIG,I.DNEEQEYIKTVKGS.K,Y,39.29,1638.7737,14,10.5,547.2682,3,13.35,0.7960-0.8247,0,53,5141,230609 Sample 37 D1_S1-E12_1_8192.d,0,0,15,28,,,PEAKS DB
5,7,P51524|PF11_PIG,R.QAFPPPNVPGPRFPPPNFPGP.R,Y,53.74,2226.1375,21,1.1,1114.0719,2,39.08,1.1974-1.2255,4.2045E4,53,17554,230609 Sample 37 D1_S1-E12_1_8192.d,5,5,130,150,,,PEAKS DB
5,7,P51524|PF11_PIG,R.FPPPNFPGPRFPPP.N,Y,53.60,1562.8033,14,11.9,782.4145,2,30.13,1.0255-1.0539,2.7142E3,53,12495,230609 Sample 37 D1_S1-E12_1_8192.d,2,2,142,155,,,PEAKS DB
5,7,P51524|PF11_PIG,R.FPPPNFPGPRFPPPNFPGP.R,Y,50.97,2075.0417,19,1.1,1038.5243,2,34.53,1.2154-1.2435,3.9432E4,53,14277,230609 Sample 37 D1_S1-E12_1_8192.d,4,4,142,160,,,PEAKS DB
5,7,P51524|PF11_PIG,F.PPPNFPGPR.F,Y,49.64,977.5082,9,-5.2,489.7565,2,12.86,0.8236-0.8522,0,53,4682,230609 Sample 37 D1_S1-E12_1_8192.d,0,0,143,151,,,PEAKS DB
5,7,P51524|PF11_PIG,R.QAFPPPNVPGPRFPPPNFP.G,Y,48.89,2072.0632,19,-0.7,1037.0332,2,39.99,1.2041-1.2323,1.6943E2,53,18338,230609 Sample 37 D1_S1-E12_1_8192.d,1,1,130,148,,,PEAKS DB
5,7,P51524|PF11_PIG,R.FPPPNFPGPRFPPPNFP.G,Y,47.98,1920.9674,17,-2.9,961.4836,2,34.94,1.1421-1.1703,6.8654E3,53,14573,230609 Sample 37 D1_S1-E12_1_8192.d,4,4,142,158,,,PEAKS DB
5,7,P51524|PF11_PIG,N.FPGPRFPPP.N,Y,47.21,1010.5337,9,8.8,506.2761,2,21.65,0.8029-0.8316,0,53,9442,230609 Sample 37 D1_S1-E12_1_8192.d,0,0,147,155,,,PEAKS DB
5,7,P51524|PF11_PIG,R.QAFPPPNVPGPR.F,Y,46.63,1275.6724,12,0.5,638.8407,2,23.82,0.8820-0.9105,1.3029E4,53,10282,230609 Sample 37 D1_S1-E12_1_8192.d,1,1,130,141,,,PEAKS DB
5,7,P51524|PF11_PIG,R.FPPPNFPGPR.F,Y,44.89,1124.5767,10,-0.1,563.2928,2,20.64,0.8178-0.8465,1.3077E5,53,9174,230609 Sample 37 D1_S1-E12_1_8192.d,3,3,142,151,,,PEAKS DB
5,7,P51524|PF11_PIG,F.PPPNVPGPR.F,Y,44.47,929.5082,9,-3.3,465.7576,2,24.68,0.8006-0.8293,0,53,10672,230609 Sample 37 D1_S1-E12_1_8192.d,0,0,133,141,,,PEAKS DB
5,7,P51524|PF11_PIG,R.FPPPNFPGPRFPPPN.F,Y,43.56,1676.8463,15,-1.3,839.4253,2,28.30,1.0641-1.0924,2.5593E3,53,11950,230609 Sample 37 D1_S1-E12_1_8192.d,2,2,142,156,,,PEAKS DB
5,7,P51524|PF11_PIG,L.ELDQPPKADEDPGTPKPV.S,N,42.99,1931.9475,18,-5.0,644.9835,3,12.00,0.8293-0.8579,0,53,4260,230609 Sample 37 D1_S1-E12_1_8192.d,0,0,43,60,,,PEAKS DB
5,7,P51524|PF11_PIG,R.QAFPPPNVPGPRFPPPNFPGPR.F,Y,42.68,2382.2385,22,-0.2,795.0828,3,31.85,1.0539-1.0822,1.7189E3,53,13200,230609 Sample 37 D1_S1-E12_1_8192.d,1,1,130,151,,,PEAKS DB
5,7,P51524|PF11_PIG,R.QAFPPPNVPGPRFPPP.N,Y,42.21,1713.8990,16,6.9,857.9586,2,33.12,1.0856-1.1139,4.0354E2,53,13824,230609 Sample 37 D1_S1-E12_1_8192.d,1,1,130,145,,,PEAKS DB
5,7,P51524|PF11_PIG,F.PPPNFPGPRFPPP.N,Y,40.94,1415.7349,13,-0.6,708.8708,2,24.99,0.9766-1.0051,1.441E3,53,10721,230609 Sample 37 D1_S1-E12_1_8192.d,1,1,143,155,,,PEAKS DB
5,7,P51524|PF11_PIG,F.PPPNFPGPRFPPPNFPGP.R,Y,40.27,1927.9733,18,6.3,964.9954,2,31.09,1.1624-1.1906,5.3172E2,53,12833,230609 Sample 37 D1_S1-E12_1_8192.d,1,1,143,160,,,PEAKS DB
5,7,P51524|PF11_PIG,Q.AFPPPNVPGPR.F,Y,38.08,1147.6138,11,3.4,574.8134,2,16.28,0.8557-0.8842,0,53,6802,230609 Sample 37 D1_S1-E12_1_8192.d,0,0,131,141,,,PEAKS DB
5,7,P51524|PF11_PIG,R.FPPPNFP.G,Y,37.69,814.4013,7,-2.5,408.2049,2,28.07,0.7317-0.7604,0,53,11844,230609 Sample 37 D1_S1-E12_1_8192.d,0,0,142,148,,,PEAKS DB
5,7,P51524|PF11_PIG,R.FPPPNFPGPRFPPPNFPGPR.F,Y,36.76,2231.1428,20,0.3,744.7182,3,30.59,0.8888-0.9174,7.2965E4,53,12650,230609 Sample 37 D1_S1-E12_1_8192.d,1,1,142,161,,,PEAKS DB
12,3,Q6QAQ1|ACTB_PIG,M.VGM(+15.99)GQKDSYVGDEAQS.K,N,65.36,1685.7202,16,2.4,843.8654,2,7.68,1.0369-1.0652,4.5496E2,53,2152,230609 Sample 37 D1_S1-E12_1_8192.d,1,1,45,60,Oxidation (M),M3:Oxidation (M):1000.00,PEAKS DB
12,3,Q6QAQ1|ACTB_PIG,R.HQGVM(+15.99)VGMGQKDSYVGDEAQS.K,N,56.50,2237.9680,21,-2.7,746.9910,3,12.04,0.8762-0.9048,2.1594E2,53,4254,230609 Sample 37 D1_S1-E12_1_8192.d,1,1,40,60,Oxidation (M),M5:Oxidation (M):19.27,PEAKS DB
12,3,Q6QAQ1|ACTB_PIG,M.DSGDGVTHTVPIYEGY.A,Y,54.88,1708.7581,16,3.4,855.3851,2,23.18,1.0561-1.0845,1.4787E3,53,9885,230609 Sample 37 D1_S1-E12_1_8192.d,1,1,154,169,,,PEAKS DB
12,3,Q6QAQ1|ACTB_PIG,V.GM(+15.99)GQKDSYVGDEAQS.K,N,52.83,1586.6519,15,3.4,794.3321,2,6.59,1.0039-1.0323,0,53,1666,230609 Sample 37 D1_S1-E12_1_8192.d,0,0,46,60,Oxidation (M),M2:Oxidation (M):1000.00,PEAKS DB
12,3,Q6QAQ1|ACTB_PIG,M.DSGDGVTHTVPIYEG.Y,Y,50.51,1545.6947,15,2.9,773.8531,2,18.85,0.9982-1.0266,5.5957E2,53,8200,230609 Sample 37 D1_S1-E12_1_8192.d,1,1,154,168,,,PEAKS DB
12,3,Q6QAQ1|ACTB_PIG,L.TEAPLNPK.A,N,47.14,868.4654,8,10.6,435.2425,2,6.80,0.7708-0.7995,0,53,1789,230609 Sample 37 D1_S1-E12_1_8192.d,0,0,106,113,,,PEAKS DB
12,3,Q6QAQ1|ACTB_PIG,G.DGVTHTVPIYE.G,Y,46.00,1229.5928,11,0.5,615.8010,2,17.89,0.8934-0.9219,2.8127E2,53,7656,230609 Sample 37 D1_S1-E12_1_8192.d,1,1,157,167,,,PEAKS DB
12,3,Q6QAQ1|ACTB_PIG,D.SGDGVTHTVPIYEG.Y,Y,41.87,1430.6677,14,2.4,716.3394,2,16.76,0.9539-0.9823,0,53,7091,230609 Sample 37 D1_S1-E12_1_8192.d,0,0,155,168,,,PEAKS DB
12,3,Q6QAQ1|ACTB_PIG,Y.NELRVAPEEHPV.L,Y,41.58,1388.7048,12,7.0,463.9099,3,11.69,0.8270-0.8557,0,53,4116,230609 Sample 37 D1_S1-E12_1_8192.d,0,0,92,103,,,PEAKS DB
12,3,Q6QAQ1|ACTB_PIG,V.GM(+15.99)GQKDSYVGDEA.Q,N,41.32,1371.5613,13,3.7,686.7872,2,7.15,0.9219-0.9504,0,53,1932,230609 Sample 37 D1_S1-E12_1_8192.d,0,0,46,58,Oxidation (M),M2:Oxidation (M):1000.00,PEAKS DB
13,38,Q3BDI7|DSG1_PIG,N.NPTDLLAIDSKTGIIT.L,Y,75.61,1670.9091,16,1.4,836.4590,2,30.42,1.1003-1.1286,8.051E2,53,12558,230609 Sample 37 D1_S1-E12_1_8192.d,1,1,428,443,,,PEAKS DB
13,38,Q3BDI7|DSG1_PIG,G.NNPTDLLAIDSKTGIIT.L,Y,70.89,1784.9519,17,-0.3,893.4787,2,30.47,1.1308-1.1591,6.6858E2,53,12610,230609 Sample 37 D1_S1-E12_1_8192.d,1,1,427,443,,,PEAKS DB
13,38,Q3BDI7|DSG1_PIG,G.EFIATDLDTGLPSTTV.R,Y,69.31,1678.8301,16,0.4,840.4186,2,33.98,1.0856-1.1139,5.955E2,53,14148,230609 Sample 37 D1_S1-E12_1_8192.d,1,1,406,421,,,PEAKS DB
13,38,Q3BDI7|DSG1_PIG,T.DLLAIDSKTGIIT.L,Y,58.60,1358.7656,13,-0.3,680.3866,2,30.03,0.9664-0.9948,6.8384E2,53,12434,230609 Sample 37 D1_S1-E12_1_8192.d,1,1,431,443,,,PEAKS DB
13,38,Q3BDI7|DSG1_PIG,Q.DLERPLE.L,Y,37.15,870.4446,7,0.0,436.2275,2,14.17,0.7765-0.8052,0,53,5731,230609 Sample 37 D1_S1-E12_1_8192.d,0,0,136,142,,,PEAKS DB
18,197,Q9TV61|MYH1_PIG,R.DLEEATLQHEATAA.T,Y,64.59,1497.6947,14,4.2,749.8542,2,18.00,1.0107-1.0391,1.9155E2,53,7739,230609 Sample 37 D1_S1-E12_1_8192.d,1,1,1181,1194,,,PEAKS DB
18,197,Q9TV61|MYH1_PIG,L.EEAEERADIAESQVN.K,Y,55.11,1688.7489,15,2.0,845.3793,2,10.62,1.0300-1.0584,1.8679E2,53,3676,230609 Sample 37 D1_S1-E12_1_8192.d,1,1,1908,1922,,,PEAKS DB
18,197,Q9TV61|MYH1_PIG,R.DLEEATLQHEATAATL.R,Y,49.39,1711.8264,16,0.2,856.9165,2,25.33,1.0935-1.1218,1.8773E2,53,10929,230609 Sample 37 D1_S1-E12_1_8192.d,1,1,1181,1196,,,PEAKS DB
18,197,Q9TV61|MYH1_PIG,R.DLEEATLQHEATAAT.L,Y,45.37,1598.7423,15,-1.2,800.3736,2,18.80,1.0629-1.0913,4.8823E2,53,8120,230609 Sample 37 D1_S1-E12_1_8192.d,1,1,1181,1195,,,PEAKS DB
18,197,Q9TV61|MYH1_PIG,Y.ETDAIQRTEELEEA.K,Y,45.08,1632.7478,14,1.4,817.3784,2,17.05,1.0369-1.0652,0,53,7233,230609 Sample 37 D1_S1-E12_1_8192.d,0,0,1380,1393,,,PEAKS DB
18,197,Q9TV61|MYH1_PIG,Q.HELEEAEERADIAESQVN.K,Y,42.65,2067.9343,18,-9.7,690.3087,3,15.01,0.8465-0.8751,0,53,6184,230609 Sample 37 D1_S1-E12_1_8192.d,0,0,1905,1922,,,PEAKS DB
18,197,Q9TV61|MYH1_PIG,E.VTERAEDEEEINAELTA.K,Y,41.10,1917.8802,17,-3.5,959.9395,2,18.05,1.1320-1.1602,1.8273E2,53,7750,230609 Sample 37 D1_S1-E12_1_8192.d,1,1,926,942,,,PEAKS DB
19,11,P68137|ACTS_PIG,M.VGM(+15.99)GQKDSYVGDEAQS.K,N,65.36,1685.7202,16,2.4,843.8654,2,7.68,1.0369-1.0652,4.5496E2,53,2152,230609 Sample 37 D1_S1-E12_1_8192.d,1,1,47,62,Oxidation (M),M3:Oxidation (M):1000.00,PEAKS DB
19,11,P68137|ACTS_PIG,R.HQGVM(+15.99)VGMGQKDSYVGDEAQS.K,N,56.50,2237.9680,21,-2.7,746.9910,3,12.04,0.8762-0.9048,2.1594E2,53,4254,230609 Sample 37 D1_S1-E12_1_8192.d,1,1,42,62,Oxidation (M),M5:Oxidation (M):19.27,PEAKS DB
19,11,P68137|ACTS_PIG,V.GM(+15.99)GQKDSYVGDEAQS.K,N,52.83,1586.6519,15,3.4,794.3321,2,6.59,1.0039-1.0323,0,53,1666,230609 Sample 37 D1_S1-E12_1_8192.d,0,0,48,62,Oxidation (M),M2:Oxidation (M):1000.00,PEAKS DB
19,11,P68137|ACTS_PIG,L.TEAPLNPK.A,N,47.14,868.4654,8,10.6,435.2425,2,6.80,0.7708-0.7995,0,53,1789,230609 Sample 37 D1_S1-E12_1_8192.d,0,0,108,115,,,PEAKS DB
19,11,P68137|ACTS_PIG,P.EEHPTLLTEAPLNPK.A,Y,45.29,1687.8781,15,3.8,563.6327,3,19.56,0.8110-0.8396,1.2573E2,53,8549,230609 Sample 37 D1_S1-E12_1_8192.d,1,1,101,115,,,PEAKS DB
19,11,P68137|ACTS_PIG,V.GM(+15.99)GQKDSYVGDEA.Q,N,41.32,1371.5613,13,3.7,686.7872,2,7.15,0.9219-0.9504,0,53,1932,230609 Sample 37 D1_S1-E12_1_8192.d,0,0,48,60,Oxidation (M),M2:Oxidation (M):1000.00,PEAKS DB
14,77,Q95274|TYB4_PIG,K.ETIEQEKQAGES,Y,61.12,1347.6154,12,12.0,674.8198,2,5.21,0.9231-0.9516,0,53,916,230609 Sample 37 D1_S1-E12_1_8192.d,0,0,33,44,,,PEAKS DB
14,77,Q95274|TYB4_PIG,N.PLPSKETIEQEKQAGES,Y,57.11,1869.9319,17,-0.9,624.3143,3,9.99,0.8293-0.8579,2.0788E3,53,3337,230609 Sample 37 D1_S1-E12_1_8192.d,1,1,28,44,,,PEAKS DB
14,77,Q95274|TYB4_PIG,K.NPLPSKETIEQEKQAGES,Y,46.86,1983.9749,18,0.2,662.3292,3,10.50,0.8316-0.8602,8.332E2,53,3590,230609 Sample 37 D1_S1-E12_1_8192.d,1,1,27,44,,,PEAKS DB
14,77,Q95274|TYB4_PIG,K.KTETQEKNPLPSKETIEQEKQAGES,Y,44.19,2828.4038,25,7.6,708.1102,4,8.75,0.9174-0.9459,9.3611E2,53,2685,230609 Sample 37 D1_S1-E12_1_8192.d,1,1,20,44,,,PEAKS DB
14,77,Q95274|TYB4_PIG,E.KNPLPSKETIEQEKQAGES,Y,42.97,2112.0698,19,-1.4,705.0262,3,8.93,0.8465-0.8751,2.6206E3,53,2718,230609 Sample 37 D1_S1-E12_1_8192.d,1,1,26,44,,,PEAKS DB
14,77,Q95274|TYB4_PIG,K.TETQEKNPLPSKETIEQEKQAGES,Y,42.75,2700.3088,24,4.1,676.0840,4,10.13,0.8980-0.9265,7.6589E2,53,3432,230609 Sample 37 D1_S1-E12_1_8192.d,1,1,21,44,,,PEAKS DB
14,77,Q95274|TYB4_PIG,E.TQEKNPLPSKETIEQEKQAGES,Y,40.28,2470.2188,22,7.6,618.5637,4,9.71,0.8419-0.8705,7.0833E2,53,3091,230609 Sample 37 D1_S1-E12_1_8192.d,1,1,23,44,,,PEAKS DB
15,4,P02543|VIME_PIG,Y.SLGSALRPSTSRSLYTSSPGGVYAT.R,Y,51.88,2514.2715,25,-3.5,839.0908,3,20.15,0.9641-0.9926,2.0238E2,53,8791,230609 Sample 37 D1_S1-E12_1_8192.d,1,1,39,63,,,PEAKS DB
15,4,P02543|VIME_PIG,F.GGPGTASRPSSSRSYVTTST.R,Y,48.76,1954.9344,20,-0.7,652.6485,3,7.19,0.8224-0.8511,9.3886E1,53,1937,230609 Sample 37 D1_S1-E12_1_8192.d,1,1,16,35,,,PEAKS DB
15,4,P02543|VIME_PIG,M.FGGPGTASRPSSSRSYVTTST.R,Y,47.31,2102.0029,21,-0.1,701.6714,3,10.34,0.8602-0.8888,0,53,3554,230609 Sample 37 D1_S1-E12_1_8192.d,0,0,15,35,,,PEAKS DB
15,4,P02543|VIME_PIG,R.DGQVINETSQHHDDLE,Y,46.15,1835.7922,16,9.7,612.9410,3,10.39,0.7926-0.8213,0,53,3581,230609 Sample 37 D1_S1-E12_1_8192.d,0,0,451,466,,,PEAKS DB
15,4,P02543|VIME_PIG,F.SLADAINTEFKNT.R,Y,44.55,1422.6991,13,-1.5,712.3523,2,25.50,0.9721-1.0005,0,53,11011,230609 Sample 37 D1_S1-E12_1_8192.d,0,0,87,99,,,PEAKS DB
15,4,P02543|VIME_PIG,V.ETRDGQVINETSQHHDDLE,Y,42.79,2221.9836,19,-0.4,556.5003,4,9.01,0.8282-0.8568,0,53,2777,230609 Sample 37 D1_S1-E12_1_8192.d,0,0,448,466,,,PEAKS DB
15,4,P02543|VIME_PIG,S.SLNLRETNLESLPLVDT.H,Y,42.01,1913.0105,17,1.7,957.5096,2,31.79,1.1523-1.1805,2.399E2,53,13138,230609 Sample 37 D1_S1-E12_1_8192.d,1,1,420,436,,,PEAKS DB
15,4,P02543|VIME_PIG,T.NLESLPLVDT.H,Y,39.40,1099.5760,10,-1.4,550.7919,2,30.67,0.8694-0.8980,6.8312E2,53,12652,230609 Sample 37 D1_S1-E12_1_8192.d,1,1,427,436,,,PEAKS DB
15,4,P02543|VIME_PIG,Y.SLGSALRPS.T,Y,38.95,886.4872,9,0.3,444.2488,2,11.95,0.7892-0.8178,3.4636E2,53,4203,230609 Sample 37 D1_S1-E12_1_8192.d,1,1,39,47,,,PEAKS DB
9,133,Q95JC9|PRP_PIG,A.RPPPGPPPPGPPPPGP.A,Y,60.49,1509.8091,16,3.4,755.9107,2,12.97,0.9982-1.0266,1.3887E3,53,4685,230609 Sample 37 D1_S1-E12_1_8192.d,2,2,78,93,,,PEAKS DB
9,133,Q95JC9|PRP_PIG,R.PPPGPPPPGPPPPGP.A,Y,48.79,1353.7080,15,17.9,677.8701,2,17.05,0.9231-0.9516,4.0975E2,53,7238,230609 Sample 37 D1_S1-E12_1_8192.d,3,3,79,93,,,PEAKS DB
9,133,Q95JC9|PRP_PIG,P.GARPPPPPPPPADEPQQGP.A,Y,47.53,1900.9431,19,6.7,951.4807,2,11.51,1.1139-1.1421,0,53,4038,230609 Sample 37 D1_S1-E12_1_8192.d,0,0,412,430,,,PEAKS DB
9,133,Q95JC9|PRP_PIG,P.SPPRPPPGPPP.Q,Y,47.10,1094.5872,11,0.1,548.2983,2,9.13,0.8201-0.8488,0,53,2827,230609 Sample 37 D1_S1-E12_1_8192.d,0,0,665,675,,,PEAKS DB
9,133,Q95JC9|PRP_PIG,A.RPPPGPPPPGPPPP.G,Y,46.77,1355.7349,14,-4.0,678.8687,2,11.95,0.9276-0.9561,6.2909E2,53,4217,230609 Sample 37 D1_S1-E12_1_8192.d,2,2,78,91,,,PEAKS DB
9,133,Q95JC9|PRP_PIG,R.PPPGPPPPGPPPP.G,Y,44.88,1199.6338,13,1.7,600.8223,2,15.87,0.8694-0.8980,4.9381E3,53,6602,230609 Sample 37 D1_S1-E12_1_8192.d,2,2,79,91,,,PEAKS DB
9,133,Q95JC9|PRP_PIG,P.APPGARPPPGPPPPGPPPPGP.A,Y,37.54,1903.0104,21,7.5,952.5150,2,15.30,1.1455-1.1737,4.2739E2,53,6318,230609 Sample 37 D1_S1-E12_1_8192.d,1,1,73,93,,,PEAKS DB
11,27,P01025|CO3_PIG,R.EEIPPADLSDQVPDTESETKILLQGTPVAQM(+15.99)VEDA.I,Y,60.76,3780.8137,35,5.0,1261.2787,3,35.65,1.2143-1.2424,0,53,15113,230609 Sample 37 D1_S1-E12_1_8192.d,0,0,958,992,Oxidation (M),M31:Oxidation (M):1000.00,PEAKS DB
11,27,P01025|CO3_PIG,R.EEIPPADLSDQVPDTESETKILLQGTPVA.Q,Y,54.28,3091.5447,29,5.1,1031.5225,3,33.51,1.0765-1.1048,0,53,13934,230609 Sample 37 D1_S1-E12_1_8192.d,0,0,958,986,,,PEAKS DB
11,27,P01025|CO3_PIG,R.EEIPPADLSDQVPDTESETKILLQGTPVAQMVEDA.I,Y,53.37,3764.8188,35,1.6,1255.9429,3,42.14,1.2143-1.2424,0,53,20426,230609 Sample 37 D1_S1-E12_1_8192.d,0,0,958,992,,,PEAKS DB
11,27,P01025|CO3_PIG,E.IPPADLSDQVPDTESET.K,Y,51.82,1812.8264,17,-1.7,907.4146,2,21.08,1.1048-1.1331,1.4369E2,53,9169,230609 Sample 37 D1_S1-E12_1_8192.d,1,1,960,976,,,PEAKS DB
11,27,P01025|CO3_PIG,R.EEIPPADLSDQVPDTESETKILLQGTPV.A,Y,47.94,3020.5076,28,-2.2,1007.8361,3,34.44,1.0459-1.0743,4.0752E3,53,14320,230609 Sample 37 D1_S1-E12_1_8192.d,2,2,958,985,,,PEAKS DB
11,27,P01025|CO3_PIG,R.TLDPEHKGQQGVQ.R,Y,42.06,1435.7056,13,3.6,718.8592,2,5.55,0.9687-0.9971,1.3272E2,53,1134,230609 Sample 37 D1_S1-E12_1_8192.d,1,1,944,956,,,PEAKS DB
11,27,P01025|CO3_PIG,R.EEIPPADLSDQVPDTESETK.I,Y,38.72,2199.0066,20,4.8,1100.5105,2,19.19,1.2188-1.2469,0,53,8419,230609 Sample 37 D1_S1-E12_1_8192.d,0,0,958,977,,,PEAKS DB
22,81,O19084|CDSN_PIG,Y.FTKDNPVKGSPGAPSFAAGPPISEG.K,Y,59.59,2427.2070,25,2.7,810.0746,3,19.30,0.9311-0.9596,2.2456E3,53,8405,230609 Sample 37 D1_S1-E12_1_8192.d,1,1,44,68,,,PEAKS DB
22,81,O19084|CDSN_PIG,K.DNPVKGSPGAPSFAAGPPISEG.K,Y,54.42,2050.9958,22,-0.2,1026.5000,2,22.20,1.1613-1.1895,0,53,9597,230609 Sample 37 D1_S1-E12_1_8192.d,0,0,47,68,,,PEAKS DB
22,81,O19084|CDSN_PIG,F.TKDNPVKGSPGAPSFAAGPPISEG.K,Y,50.95,2280.1384,24,0.7,761.0503,3,17.83,0.8842-0.9128,1.8859E3,53,7522,230609 Sample 37 D1_S1-E12_1_8192.d,1,1,45,68,,,PEAKS DB
22,81,O19084|CDSN_PIG,S.NPIIPSHSSSSSNI.Y,Y,40.86,1438.7052,14,-0.1,720.3563,2,14.28,0.9846-1.0130,1.9183E2,53,5769,230609 Sample 37 D1_S1-E12_1_8192.d,1,1,74,87,,,PEAKS DB
22,81,O19084|CDSN_PIG,K.DNPVKGSPGAPS.F,Y,39.28,1124.5461,12,-2.9,563.2760,2,6.87,0.8316-0.8602,8.6264E2,53,1788,230609 Sample 37 D1_S1-E12_1_8192.d,1,1,47,58,,,PEAKS DB
23,14,P00355|G3P_PIG,L.ISWYDNEFGYSNRVVDL.M,Y,57.48,2075.9587,17,-6.2,1038.9752,2,33.62,1.2008-1.2289,0,53,13982,230609 Sample 37 D1_S1-E12_1_8192.d,0,0,309,325,,,PEAKS DB
23,14,P00355|G3P_PIG,R.DGRGAAQNIIPASTGAAKAVG.K,Y,53.78,1924.0126,21,7.9,642.3468,3,16.14,0.8052-0.8339,0,53,6747,230609 Sample 37 D1_S1-E12_1_8192.d,0,0,196,216,,,PEAKS DB
23,14,P00355|G3P_PIG,R.DGRGAAQNIIPASTGAA.K,Y,53.58,1568.7906,17,-0.6,785.3983,2,16.89,0.9903-1.0187,4.2696E2,53,7109,230609 Sample 37 D1_S1-E12_1_8192.d,1,1,196,212,,,PEAKS DB
23,14,P00355|G3P_PIG,R.DGRGAAQNIIPA.S,Y,37.14,1181.6152,12,-14.2,591.8036,2,16.43,0.8762-0.9048,0,53,6893,230609 Sample 37 D1_S1-E12_1_8192.d,0,0,196,207,,,PEAKS DB
20,10,Q19AZ8|THRB_PIG,A.DDFQPFFNEKT.F,Y,57.87,1386.6091,11,-0.1,694.3084,2,26.23,0.9425-0.9709,4.1085E2,53,11249,230609 Sample 37 D1_S1-E12_1_8192.d,1,1,319,329,,,PEAKS DB
20,10,Q19AZ8|THRB_PIG,R.TTADDFQPFFNEKTF.G,Y,49.01,1806.8101,15,2.0,904.4098,2,32.05,1.1014-1.1297,6.7216E2,53,13223,230609 Sample 37 D1_S1-E12_1_8192.d,1,1,316,330,,,PEAKS DB
20,10,Q19AZ8|THRB_PIG,R.TTADDFQPFFNEKTFGAGEAD.C,Y,44.66,2306.9966,21,3.1,1154.5035,2,31.07,1.2413-1.2693,0,53,12832,230609 Sample 37 D1_S1-E12_1_8192.d,0,0,316,336,,,PEAKS DB
20,10,Q19AZ8|THRB_PIG,S.SLEDKTEKELFESYIEG.R,Y,43.65,2015.9575,17,-0.6,672.9895,3,29.45,0.8293-0.8579,6.2079E3,53,12250,230609 Sample 37 D1_S1-E12_1_8192.d,3,3,347,363,,,PEAKS DB
8,47,O97507|FA12_PIG,Y.LAWIQEHTTS,Y,65.05,1184.5825,10,0.0,593.2957,2,18.56,0.8785-0.9071,6.7104E4,53,7836,230609 Sample 37 D1_S1-E12_1_8192.d,1,1,607,616,,,PEAKS DB
8,47,O97507|FA12_PIG,Y.TDVANYLAWIQEHTTS,Y,48.42,1847.8690,16,0.4,924.9377,2,36.95,1.1207-1.1489,2.8692E2,53,15889,230609 Sample 37 D1_S1-E12_1_8192.d,1,1,601,616,,,PEAKS DB
8,47,O97507|FA12_PIG,Y.SSFLQEAQVPL.I,Y,45.01,1217.6292,11,-1.4,609.8181,2,33.20,0.9174-0.9459,2.6834E2,53,13789,230609 Sample 37 D1_S1-E12_1_8192.d,1,1,517,527,,,PEAKS DB
28,190,P50390|TTHY_PIG,Y.STTALVSSPKEGAL,Y,52.38,1359.7245,14,7.8,680.8715,2,16.49,0.9823-1.0107,2.6496E2,53,6897,230609 Sample 37 D1_S1-E12_1_8192.d,1,1,137,150,,,PEAKS DB
28,190,P50390|TTHY_PIG,Y.SYSTTALVSSPKEGAL,Y,51.81,1609.8198,16,-4.2,805.9099,2,19.92,1.0686-1.0969,2.0863E2,53,8696,230609 Sample 37 D1_S1-E12_1_8192.d,1,1,135,150,,,PEAKS DB
28,190,P50390|TTHY_PIG,T.TALVSSPKEGAL,Y,43.44,1171.6448,12,-1.8,586.8258,2,15.63,0.8980-0.9265,0,53,6497,230609 Sample 37 D1_S1-E12_1_8192.d,0,0,139,150,,,PEAKS DB
17,24,P29700|FETUA_PIG,F.SGVASVESASGEAFHVG.K,Y,64.77,1589.7322,17,0.7,795.8701,2,20.69,1.0403-1.0686,1.3271E2,53,9022,230609 Sample 37 D1_S1-E12_1_8192.d,1,1,314,330,,,PEAKS DB
17,24,P29700|FETUA_PIG,A.VPPGIPPVH.R,Y,50.37,911.5228,9,7.3,456.7698,2,15.20,0.7834-0.8121,0,53,6304,230609 Sample 37 D1_S1-E12_1_8192.d,0,0,295,303,,,PEAKS DB
24,177,Q2XVP4|TBA1B_PIG,V.DLEPTVIDEVRTGT.Y,Y,58.29,1543.7729,14,4.7,772.8936,2,24.99,1.0255-1.0539,1.54E2,53,10795,230609 Sample 37 D1_S1-E12_1_8192.d,1,1,69,82,,,PEAKS DB
24,177,Q2XVP4|TBA1B_PIG,K.TIGGGDDSFNTFFSETGAGK.H,Y,50.40,2006.8857,20,2.0,1004.4473,2,29.25,1.1421-1.1703,1.0359E3,53,12147,230609 Sample 37 D1_S1-E12_1_8192.d,1,1,41,60,,,PEAKS DB
24,185,P02550|TBA1A_PIG,V.DLEPTVIDEVRTGT.Y,Y,58.29,1543.7729,14,4.7,772.8936,2,24.99,1.0255-1.0539,1.54E2,53,10795,230609 Sample 37 D1_S1-E12_1_8192.d,1,1,69,82,,,PEAKS DB
24,185,P02550|TBA1A_PIG,K.TIGGGDDSFNTFFSETGAGK.H,Y,50.40,2006.8857,20,2.0,1004.4473,2,29.25,1.1421-1.1703,1.0359E3,53,12147,230609 Sample 37 D1_S1-E12_1_8192.d,1,1,41,60,,,PEAKS DB
26,26,P0DSO0|SAA2_PIG,F.LGEAYEGAKDM(+15.99)L.R,Y,46.82,1311.6017,12,7.8,656.8101,2,15.07,0.9390-0.9675,0,53,6210,230609 Sample 37 D1_S1-E12_1_8192.d,0,0,24,35,Oxidation (M),M11:Oxidation (M):1000.00,PEAKS DB
26,26,P0DSO0|SAA2_PIG,S.FLGEAYEGAKDM(+15.99)L.R,Y,40.70,1458.6700,13,1.8,730.3401,2,21.58,1.0051-1.0335,0,53,9411,230609 Sample 37 D1_S1-E12_1_8192.d,0,0,23,35,Oxidation (M),M12:Oxidation (M):1000.00,PEAKS DB
26,26,P0DSO0|SAA2_PIG,D.SGHGVEDSRADQAANEWG.R,Y,40.54,1884.7986,18,-4.1,629.2679,3,10.69,0.8018-0.8305,0,53,3714,230609 Sample 37 D1_S1-E12_1_8192.d,0,0,94,111,,,PEAKS DB
27,33,P08835|ALBU_PIG,R.DTYKSEIAHR.F,Y,58.45,1218.5992,10,13.3,407.2104,3,5.11,0.7017-0.7305,0,53,866,230609 Sample 37 D1_S1-E12_1_8192.d,0,0,25,34,,,PEAKS DB
27,33,P08835|ALBU_PIG,V.IEIRGILA,Y,36.60,883.5491,8,-0.7,442.7794,2,24.80,0.8052-0.8339,0,53,10730,230609 Sample 37 D1_S1-E12_1_8192.d,0,0,600,607,,,PEAKS DB
44,76,Q29308|RS19_PIG,M.PGVTVKDVNQQEFV.R,Y,75.28,1558.7991,14,0.4,780.4034,2,19.40,1.0380-1.0663,0,53,8505,230609 Sample 37 D1_S1-E12_1_8192.d,0,0,2,15,,,PEAKS DB
29,84,P62936|PPIA_PIG,F.DIAVDGEPLGRV.S,Y,47.64,1239.6459,12,-1.1,620.8265,2,22.93,0.9162-0.9447,4.3699E2,53,9834,230609 Sample 37 D1_S1-E12_1_8192.d,1,1,9,20,,,PEAKS DB
29,84,P62936|PPIA_PIG,M.VNPTVFFDIAVDGEPLGRV.S,Y,40.00,2044.0629,19,1.2,1023.0350,2,42.15,1.2075-1.2356,7.3328E1,53,20383,230609 Sample 37 D1_S1-E12_1_8192.d,1,1,2,20,,,PEAKS DB
31,83,P50447|A1AT_PIG,A.EGLQGHAVQETDVPR.H,Y,66.18,1634.8013,15,-3.3,545.9366,3,10.44,0.7949-0.8236,6.1169E2,53,3574,230609 Sample 37 D1_S1-E12_1_8192.d,1,1,25,39,,,PEAKS DB
16,12,P80054|PR39_PIG,L.ELDQPPKADEDPGTPKPV.S,N,42.99,1931.9475,18,-5.0,644.9835,3,12.00,0.8293-0.8579,0,53,4260,230609 Sample 37 D1_S1-E12_1_8192.d,0,0,59,76,,,PEAKS DB
16,12,P80054|PR39_PIG,R.IPPGFPPRFPP.R,Y,42.70,1220.6705,11,-15.6,611.3301,2,28.41,0.8957-0.9242,3.3828E3,53,11936,230609 Sample 37 D1_S1-E12_1_8192.d,3,3,156,166,,,PEAKS DB
38,60,P09571|TRFE_PIG,L.DAGLVFEAGLAPYNLKPV.V,Y,63.24,1872.9985,18,-4.4,937.4979,2,37.19,1.1478-1.1760,1.2986E2,53,16040,230609 Sample 37 D1_S1-E12_1_8192.d,1,1,62,79,,,PEAKS DB
32,467,Q95JC8|ARGI1_PIG,M.EVNPSLGKTPEEVTRTVNT.A,Y,43.48,2070.0593,19,1.0,691.0244,3,15.65,0.8568-0.8854,0,53,6508,230609 Sample 37 D1_S1-E12_1_8192.d,0,0,277,295,,,PEAKS DB
32,467,Q95JC8|ARGI1_PIG,M.EVNPSLGKTPEEVTRTVNTA.V,Y,38.68,2141.0964,20,7.8,714.7082,3,16.82,0.8728-0.9014,0,53,7115,230609 Sample 37 D1_S1-E12_1_8192.d,0,0,277,296,,,PEAKS DB
30,53,Q9GLP1|FA5_PIG,Q.DEGNSILK.K,Y,39.36,874.4396,8,-2.8,438.2237,2,10.63,0.7834-0.8121,0,53,3693,230609 Sample 37 D1_S1-E12_1_8192.d,0,0,996,1003,,,PEAKS DB
30,53,Q9GLP1|FA5_PIG,R.TQHSDPYSEDPIENPLQSV.I,Y,39.21,2154.9705,19,3.4,1078.4910,2,27.12,1.1951-1.2233,0,53,11563,230609 Sample 37 D1_S1-E12_1_8192.d,0,0,826,844,,,PEAKS DB
39,640,Q29052|ITIH1_PIG,F.DVEIPKTAFISDF.A,Y,53.01,1480.7449,13,3.0,741.3784,2,34.23,1.0096-1.0380,0,53,14267,230609 Sample 37 D1_S1-E12_1_8192.d,0,0,80,92,,,PEAKS DB
33,766,Q9GLP2|PROC_PIG,R.DTDQVDKKEDQIDPR.L,Y,52.58,1800.8489,15,3.6,601.2895,3,6.94,0.8442-0.8728,4.8033E3,53,1796,230609 Sample 37 D1_S1-E12_1_8192.d,1,1,199,213,,,PEAKS DB
46,2631,Q95281|RL29_PIG,K.AKATAGGTAAAPVPPASAPKGAQAPTKAPQ,Y,46.99,2682.4453,30,-4.7,671.6122,4,9.34,0.9447-0.9732,0,53,2926,230609 Sample 37 D1_S1-E12_1_8192.d,0,0,131,160,,,PEAKS DB
34,82,Q29549|CLUS_PIG,V.SDPKFMETVAEEALQQY.R,Y,45.89,1984.9088,17,8.6,993.4654,2,35.05,1.1613-1.1895,0,53,14732,230609 Sample 37 D1_S1-E12_1_8192.d,0,0,423,439,,,PEAKS DB
34,82,Q29549|CLUS_PIG,V.SDPKFM(+15.99)ETVAEEALQQY.R,Y,45.40,2000.9037,17,7.4,1001.4617,2,26.47,1.1500-1.1782,2.4873E2,53,11350,230609 Sample 37 D1_S1-E12_1_8192.d,1,1,423,439,Oxidation (M),M6:Oxidation (M):1000.00,PEAKS DB
43,93,Q5U9S1|MBL1_PIG,F.LGITDEVTEGQFMYVTGGRM(+15.99)TY.S,Y,42.03,2483.1348,22,9.3,1242.5802,2,31.90,1.3243-1.3522,5.5976E1,53,13190,230609 Sample 37 D1_S1-E12_1_8192.d,1,1,185,206,Oxidation (M),M20:Oxidation (M):37.50,PEAKS DB
25,42,C0HL13|LRP2_PIG,D.CSNGADEHQRCPPGRTCSSHHFTCTNGECIPVEYRCDH.S,Y,41.54,4245.7139,38,14.7,1416.2592,3,13.31,1.1782-1.2064,0,53,5102,230609 Sample 37 D1_S1-E12_1_8192.d,0,0,93,130,,,PEAKS DB
45,41,P02554|TBB_PIG,T.FSVVPSPKVSDTVVEPYNA.T,Y,41.50,2034.0309,19,0.7,1018.0186,2,26.21,1.1737-1.2019,3.4923E2,53,11233,230609 Sample 37 D1_S1-E12_1_8192.d,1,1,167,185,,,PEAKS DB
45,29,Q767L7|TBB5_PIG,T.FSVVPSPKVSDTVVEPYNA.T,Y,41.50,2034.0309,19,0.7,1018.0186,2,26.21,1.1737-1.2019,3.4923E2,53,11233,230609 Sample 37 D1_S1-E12_1_8192.d,1,1,167,185,,,PEAKS DB
47,1765,Q0Z8U2|RS3_PIG,K.FVADGIFKAELNEFLTR.E,Y,41.49,1969.0309,17,-1.2,657.3469,3,39.65,0.8625-0.8911,1.6696E2,53,18026,230609 Sample 37 D1_S1-E12_1_8192.d,1,1,11,27,,,PEAKS DB
41,40,Q29099|PTBP1_PIG,A.GLSVPNVHGALAPLAIPSAAAA.A,Y,40.95,1996.1105,22,0.5,999.0582,2,32.79,1.2041-1.2323,0,53,13588,230609 Sample 37 D1_S1-E12_1_8192.d,0,0,324,345,,,PEAKS DB
42,59,P06867|PLMN_PIG,G.DSLDDYVNTQGAFLF.S,Y,37.89,1703.7678,15,4.4,852.8908,2,42.32,1.1082-1.1365,0,53,20746,230609 Sample 37 D1_S1-E12_1_8192.d,0,0,20,34,,,PEAKS DB
35,286,P48819|VTNC_PIG,V.LLAKTEETPV.L,Y,37.21,1099.6124,10,-2.7,550.8093,2,12.71,0.8705-0.8991,0,53,4609,230609 Sample 37 D1_S1-E12_1_8192.d,0,0,99,108,,,PEAKS DB
